group_id_1,group_id_2,n_shuseki_1,n_shuseki_2,interim_group_type_1,interim_group_type_2,centroid_distance_m,both_linkable_size,at_least_one_dense,centroid_preselect,pair_size_score_pre,evaluate_pair,evaluate_order,detailed_evaluation_selected,pair_generation_method
C12,C13,10,32,dense_candidate,dense_candidate,98.9589832740721,TRUE,TRUE,TRUE,1,TRUE,1,TRUE,all_pairs_combn
C6,C7,16,7,dense_candidate,intermediate_candidate,117.50686248703786,TRUE,TRUE,TRUE,1,TRUE,2,TRUE,all_pairs_combn
C11,C14,9,7,dense_candidate,intermediate_candidate,128.14461870710727,TRUE,TRUE,TRUE,1,TRUE,3,TRUE,all_pairs_combn
C10,C15,73,5,dense_candidate,intermediate_candidate,164.2599392525906,TRUE,TRUE,TRUE,1,TRUE,4,TRUE,all_pairs_combn
C10,C2,73,15,dense_candidate,dense_candidate,180.5673441471287,TRUE,TRUE,TRUE,1,TRUE,5,TRUE,all_pairs_combn
C3,C6,4,16,intermediate_candidate,dense_candidate,204.4562381842569,TRUE,TRUE,TRUE,1,TRUE,6,TRUE,all_pairs_combn
C6,C8,16,4,dense_candidate,intermediate_candidate,243.77177592637702,TRUE,TRUE,TRUE,1,TRUE,7,TRUE,all_pairs_combn
C1,C4,20,5,dense_candidate,intermediate_candidate,247.02687393362862,TRUE,TRUE,TRUE,1,TRUE,8,TRUE,all_pairs_combn
C10,C11,73,9,dense_candidate,dense_candidate,290.30804688062426,TRUE,TRUE,TRUE,1,TRUE,9,TRUE,all_pairs_combn
C2,C3,15,4,dense_candidate,intermediate_candidate,315.4565470593617,TRUE,TRUE,TRUE,1,TRUE,10,TRUE,all_pairs_combn
C11,C15,9,5,dense_candidate,intermediate_candidate,132.89686135565253,TRUE,TRUE,TRUE,0.875,TRUE,11,TRUE,all_pairs_combn
C11,C16,9,4,dense_candidate,intermediate_candidate,297.44614125296994,TRUE,TRUE,TRUE,0.8125,TRUE,12,TRUE,all_pairs_combn
C1,N11,20,1,dense_candidate,small_or_isolated_candidate,52.90366194868782,FALSE,TRUE,TRUE,1,FALSE,NA,FALSE,all_pairs_combn
C6,N110,16,1,dense_candidate,small_or_isolated_candidate,84.2923331822721,FALSE,TRUE,TRUE,1,FALSE,NA,FALSE,all_pairs_combn
C2,N48,15,1,dense_candidate,small_or_isolated_candidate,95.4957087491617,FALSE,TRUE,TRUE,1,FALSE,NA,FALSE,all_pairs_combn
C1,N17,20,1,dense_candidate,small_or_isolated_candidate,100.83525941709712,FALSE,TRUE,TRUE,1,FALSE,NA,FALSE,all_pairs_combn
C1,N30,20,1,dense_candidate,small_or_isolated_candidate,104.29611656508565,FALSE,TRUE,TRUE,1,FALSE,NA,FALSE,all_pairs_combn
C1,N18,20,1,dense_candidate,small_or_isolated_candidate,106.83515966286804,FALSE,TRUE,TRUE,1,FALSE,NA,FALSE,all_pairs_combn
C1,N19,20,1,dense_candidate,small_or_isolated_candidate,110.99190906292027,FALSE,TRUE,TRUE,1,FALSE,NA,FALSE,all_pairs_combn
C13,N143,32,1,dense_candidate,small_or_isolated_candidate,113.16101177511749,FALSE,TRUE,TRUE,1,FALSE,NA,FALSE,all_pairs_combn
C6,N112,16,1,dense_candidate,small_or_isolated_candidate,114.44557451048277,FALSE,TRUE,TRUE,1,FALSE,NA,FALSE,all_pairs_combn
C2,N259,15,1,dense_candidate,small_or_isolated_candidate,116.31602015337216,FALSE,TRUE,TRUE,1,FALSE,NA,FALSE,all_pairs_combn
C6,N111,16,1,dense_candidate,small_or_isolated_candidate,117.583601989645,FALSE,TRUE,TRUE,1,FALSE,NA,FALSE,all_pairs_combn
C13,N144,32,1,dense_candidate,small_or_isolated_candidate,119.88375248792921,FALSE,TRUE,TRUE,1,FALSE,NA,FALSE,all_pairs_combn
C13,N119,32,1,dense_candidate,small_or_isolated_candidate,122.14585717103365,FALSE,TRUE,TRUE,1,FALSE,NA,FALSE,all_pairs_combn
C10,N141,73,1,dense_candidate,small_or_isolated_candidate,146.9584004686786,FALSE,TRUE,TRUE,1,FALSE,NA,FALSE,all_pairs_combn
C10,N259,73,1,dense_candidate,small_or_isolated_candidate,148.0198590851729,FALSE,TRUE,TRUE,1,FALSE,NA,FALSE,all_pairs_combn
C2,N150,15,1,dense_candidate,small_or_isolated_candidate,148.4662370825807,FALSE,TRUE,TRUE,1,FALSE,NA,FALSE,all_pairs_combn
C10,N140,73,1,dense_candidate,small_or_isolated_candidate,149.23582009897586,FALSE,TRUE,TRUE,1,FALSE,NA,FALSE,all_pairs_combn
C13,N292,32,1,dense_candidate,small_or_isolated_candidate,159.12120545344024,FALSE,TRUE,TRUE,1,FALSE,NA,FALSE,all_pairs_combn
C1,N24,20,1,dense_candidate,small_or_isolated_candidate,161.8315341822671,FALSE,TRUE,TRUE,1,FALSE,NA,FALSE,all_pairs_combn
C10,N294,73,1,dense_candidate,small_or_isolated_candidate,164.36108881605583,FALSE,TRUE,TRUE,1,FALSE,NA,FALSE,all_pairs_combn
C2,N123,15,1,dense_candidate,small_or_isolated_candidate,165.5022375516636,FALSE,TRUE,TRUE,1,FALSE,NA,FALSE,all_pairs_combn
C2,N121,15,1,dense_candidate,small_or_isolated_candidate,166.34905484921168,FALSE,TRUE,TRUE,1,FALSE,NA,FALSE,all_pairs_combn
C13,N149,32,1,dense_candidate,small_or_isolated_candidate,166.50272756824867,FALSE,TRUE,TRUE,1,FALSE,NA,FALSE,all_pairs_combn
C2,N122,15,1,dense_candidate,small_or_isolated_candidate,168.36057270697242,FALSE,TRUE,TRUE,1,FALSE,NA,FALSE,all_pairs_combn
C6,N107,16,1,dense_candidate,small_or_isolated_candidate,169.10081636995176,FALSE,TRUE,TRUE,1,FALSE,NA,FALSE,all_pairs_combn
C6,N104,16,1,dense_candidate,small_or_isolated_candidate,179.9016449508033,FALSE,TRUE,TRUE,1,FALSE,NA,FALSE,all_pairs_combn
C1,N51,20,1,dense_candidate,small_or_isolated_candidate,181.50728956305016,FALSE,TRUE,TRUE,1,FALSE,NA,FALSE,all_pairs_combn
C1,N52,20,1,dense_candidate,small_or_isolated_candidate,181.6814118280914,FALSE,TRUE,TRUE,1,FALSE,NA,FALSE,all_pairs_combn
C1,N21,20,1,dense_candidate,small_or_isolated_candidate,187.77607693524948,FALSE,TRUE,TRUE,1,FALSE,NA,FALSE,all_pairs_combn
C13,N129,32,1,dense_candidate,small_or_isolated_candidate,189.0389908703796,FALSE,TRUE,TRUE,1,FALSE,NA,FALSE,all_pairs_combn
C13,N126,32,1,dense_candidate,small_or_isolated_candidate,189.3793744145233,FALSE,TRUE,TRUE,1,FALSE,NA,FALSE,all_pairs_combn
C13,N147,32,1,dense_candidate,small_or_isolated_candidate,193.8953095243985,FALSE,TRUE,TRUE,1,FALSE,NA,FALSE,all_pairs_combn
C6,N96,16,1,dense_candidate,small_or_isolated_candidate,195.20684467519794,FALSE,TRUE,TRUE,1,FALSE,NA,FALSE,all_pairs_combn
C10,N150,73,1,dense_candidate,small_or_isolated_candidate,195.69673487460264,FALSE,TRUE,TRUE,1,FALSE,NA,FALSE,all_pairs_combn
C10,N145,73,1,dense_candidate,small_or_isolated_candidate,196.01260462671829,FALSE,TRUE,TRUE,1,FALSE,NA,FALSE,all_pairs_combn
C1,N10,20,1,dense_candidate,small_or_isolated_candidate,196.6328027853639,FALSE,TRUE,TRUE,1,FALSE,NA,FALSE,all_pairs_combn
C13,N134,32,1,dense_candidate,small_or_isolated_candidate,203.40944697664006,FALSE,TRUE,TRUE,1,FALSE,NA,FALSE,all_pairs_combn
C2,N136,15,1,dense_candidate,small_or_isolated_candidate,203.68913034865434,FALSE,TRUE,TRUE,1,FALSE,NA,FALSE,all_pairs_combn
C13,N117,32,1,dense_candidate,small_or_isolated_candidate,205.09195811435322,FALSE,TRUE,TRUE,1,FALSE,NA,FALSE,all_pairs_combn
C1,N20,20,1,dense_candidate,small_or_isolated_candidate,207.24749896170715,FALSE,TRUE,TRUE,1,FALSE,NA,FALSE,all_pairs_combn
C13,N118,32,1,dense_candidate,small_or_isolated_candidate,211.32611420061795,FALSE,TRUE,TRUE,1,FALSE,NA,FALSE,all_pairs_combn
C13,N124,32,1,dense_candidate,small_or_isolated_candidate,212.44499782001495,FALSE,TRUE,TRUE,1,FALSE,NA,FALSE,all_pairs_combn
C10,N136,73,1,dense_candidate,small_or_isolated_candidate,213.62454446863507,FALSE,TRUE,TRUE,1,FALSE,NA,FALSE,all_pairs_combn
C1,N22,20,1,dense_candidate,small_or_isolated_candidate,213.9214120660711,FALSE,TRUE,TRUE,1,FALSE,NA,FALSE,all_pairs_combn
C13,N125,32,1,dense_candidate,small_or_isolated_candidate,215.74766557821977,FALSE,TRUE,TRUE,1,FALSE,NA,FALSE,all_pairs_combn
C1,N49,20,1,dense_candidate,small_or_isolated_candidate,216.15109357820995,FALSE,TRUE,TRUE,1,FALSE,NA,FALSE,all_pairs_combn
C1,N50,20,1,dense_candidate,small_or_isolated_candidate,218.84615838430818,FALSE,TRUE,TRUE,1,FALSE,NA,FALSE,all_pairs_combn
C13,N146,32,1,dense_candidate,small_or_isolated_candidate,227.6920408986262,FALSE,TRUE,TRUE,1,FALSE,NA,FALSE,all_pairs_combn
C13,N148,32,1,dense_candidate,small_or_isolated_candidate,229.12097914533493,FALSE,TRUE,TRUE,1,FALSE,NA,FALSE,all_pairs_combn
C13,N212,32,1,dense_candidate,small_or_isolated_candidate,245.48410951351897,FALSE,TRUE,TRUE,1,FALSE,NA,FALSE,all_pairs_combn
C10,N308,73,1,dense_candidate,small_or_isolated_candidate,245.49835352461602,FALSE,TRUE,TRUE,1,FALSE,NA,FALSE,all_pairs_combn
C2,N18,15,1,dense_candidate,small_or_isolated_candidate,246.83215587541432,FALSE,TRUE,TRUE,1,FALSE,NA,FALSE,all_pairs_combn
C2,N17,15,1,dense_candidate,small_or_isolated_candidate,251.20807153608766,FALSE,TRUE,TRUE,1,FALSE,NA,FALSE,all_pairs_combn
C10,N146,73,1,dense_candidate,small_or_isolated_candidate,253.27965115304957,FALSE,TRUE,TRUE,1,FALSE,NA,FALSE,all_pairs_combn
C10,N121,73,1,dense_candidate,small_or_isolated_candidate,253.33261194610685,FALSE,TRUE,TRUE,1,FALSE,NA,FALSE,all_pairs_combn
C10,N18,73,1,dense_candidate,small_or_isolated_candidate,254.20323250888907,FALSE,TRUE,TRUE,1,FALSE,NA,FALSE,all_pairs_combn
C10,N123,73,1,dense_candidate,small_or_isolated_candidate,254.7818891188197,FALSE,TRUE,TRUE,1,FALSE,NA,FALSE,all_pairs_combn
C10,N122,73,1,dense_candidate,small_or_isolated_candidate,256.84863712806873,FALSE,TRUE,TRUE,1,FALSE,NA,FALSE,all_pairs_combn
C6,N48,16,1,dense_candidate,small_or_isolated_candidate,258.15232263056225,FALSE,TRUE,TRUE,1,FALSE,NA,FALSE,all_pairs_combn
C13,N138,32,1,dense_candidate,small_or_isolated_candidate,262.67233698281944,FALSE,TRUE,TRUE,1,FALSE,NA,FALSE,all_pairs_combn
C10,N17,73,1,dense_candidate,small_or_isolated_candidate,262.7519987705149,FALSE,TRUE,TRUE,1,FALSE,NA,FALSE,all_pairs_combn
C1,N65,20,1,dense_candidate,small_or_isolated_candidate,265.30083487926214,FALSE,TRUE,TRUE,1,FALSE,NA,FALSE,all_pairs_combn
C10,N48,73,1,dense_candidate,small_or_isolated_candidate,271.2281601066833,FALSE,TRUE,TRUE,1,FALSE,NA,FALSE,all_pairs_combn
C10,N307,73,1,dense_candidate,small_or_isolated_candidate,274.9077773055384,FALSE,TRUE,TRUE,1,FALSE,NA,FALSE,all_pairs_combn
C2,N110,15,1,dense_candidate,small_or_isolated_candidate,275.04713370519863,FALSE,TRUE,TRUE,1,FALSE,NA,FALSE,all_pairs_combn
C10,N142,73,1,dense_candidate,small_or_isolated_candidate,279.31599554249374,FALSE,TRUE,TRUE,1,FALSE,NA,FALSE,all_pairs_combn
C1,N61,20,1,dense_candidate,small_or_isolated_candidate,281.60159478104134,FALSE,TRUE,TRUE,1,FALSE,NA,FALSE,all_pairs_combn
C13,N142,32,1,dense_candidate,small_or_isolated_candidate,282.8662976335052,FALSE,TRUE,TRUE,1,FALSE,NA,FALSE,all_pairs_combn
C13,N133,32,1,dense_candidate,small_or_isolated_candidate,284.47246880698356,FALSE,TRUE,TRUE,1,FALSE,NA,FALSE,all_pairs_combn
C13,N136,32,1,dense_candidate,small_or_isolated_candidate,286.67161819958085,FALSE,TRUE,TRUE,1,FALSE,NA,FALSE,all_pairs_combn
C13,N211,32,1,dense_candidate,small_or_isolated_candidate,288.89451900094906,FALSE,TRUE,TRUE,1,FALSE,NA,FALSE,all_pairs_combn
C2,N11,15,1,dense_candidate,small_or_isolated_candidate,298.24384374470463,FALSE,TRUE,TRUE,1,FALSE,NA,FALSE,all_pairs_combn
C10,N149,73,1,dense_candidate,small_or_isolated_candidate,298.3202599040404,FALSE,TRUE,TRUE,1,FALSE,NA,FALSE,all_pairs_combn
C6,N95,16,1,dense_candidate,small_or_isolated_candidate,304.37499149560216,FALSE,TRUE,TRUE,1,FALSE,NA,FALSE,all_pairs_combn
C10,N292,73,1,dense_candidate,small_or_isolated_candidate,307.1297726411475,FALSE,TRUE,TRUE,1,FALSE,NA,FALSE,all_pairs_combn
C6,N92,16,1,dense_candidate,small_or_isolated_candidate,307.39805134144865,FALSE,TRUE,TRUE,1,FALSE,NA,FALSE,all_pairs_combn
C10,N11,73,1,dense_candidate,small_or_isolated_candidate,310.1697171521809,FALSE,TRUE,TRUE,1,FALSE,NA,FALSE,all_pairs_combn
C13,N157,32,1,dense_candidate,small_or_isolated_candidate,314.3397412240587,FALSE,TRUE,TRUE,1,FALSE,NA,FALSE,all_pairs_combn
C2,N141,15,1,dense_candidate,small_or_isolated_candidate,316.133752689181,FALSE,TRUE,TRUE,1,FALSE,NA,FALSE,all_pairs_combn
C6,N94,16,1,dense_candidate,small_or_isolated_candidate,317.94954917850157,FALSE,TRUE,TRUE,1,FALSE,NA,FALSE,all_pairs_combn
C2,N140,15,1,dense_candidate,small_or_isolated_candidate,319.4504136383408,FALSE,TRUE,TRUE,1,FALSE,NA,FALSE,all_pairs_combn
C1,N62,20,1,dense_candidate,small_or_isolated_candidate,331.70025682077824,FALSE,TRUE,FALSE,1,FALSE,NA,FALSE,all_pairs_combn
C2,N292,15,1,dense_candidate,small_or_isolated_candidate,331.7413883707675,FALSE,TRUE,FALSE,1,FALSE,NA,FALSE,all_pairs_combn
C1,N66,20,1,dense_candidate,small_or_isolated_candidate,332.6089289182939,FALSE,TRUE,FALSE,1,FALSE,NA,FALSE,all_pairs_combn
C1,N63,20,1,dense_candidate,small_or_isolated_candidate,333.5925786809877,FALSE,TRUE,FALSE,1,FALSE,NA,FALSE,all_pairs_combn
C15,C2,5,15,intermediate_candidate,dense_candidate,334.66537673107325,TRUE,TRUE,FALSE,1,FALSE,NA,FALSE,all_pairs_combn
C10,N144,73,1,dense_candidate,small_or_isolated_candidate,334.9612757679297,FALSE,TRUE,FALSE,1,FALSE,NA,FALSE,all_pairs_combn
C13,N152,32,1,dense_candidate,small_or_isolated_candidate,338.2201031417196,FALSE,TRUE,FALSE,1,FALSE,NA,FALSE,all_pairs_combn
C13,N153,32,1,dense_candidate,small_or_isolated_candidate,341.92400766776774,FALSE,TRUE,FALSE,1,FALSE,NA,FALSE,all_pairs_combn
C13,N150,32,1,dense_candidate,small_or_isolated_candidate,342.42378738055504,FALSE,TRUE,FALSE,1,FALSE,NA,FALSE,all_pairs_combn
C10,N143,73,1,dense_candidate,small_or_isolated_candidate,342.91128377516566,FALSE,TRUE,FALSE,1,FALSE,NA,FALSE,all_pairs_combn
C2,N112,15,1,dense_candidate,small_or_isolated_candidate,344.28521570609024,FALSE,TRUE,FALSE,1,FALSE,NA,FALSE,all_pairs_combn
C2,N294,15,1,dense_candidate,small_or_isolated_candidate,344.5451738362858,FALSE,TRUE,FALSE,1,FALSE,NA,FALSE,all_pairs_combn
C2,C6,15,16,dense_candidate,dense_candidate,345.5600109587832,TRUE,TRUE,FALSE,1,FALSE,NA,FALSE,all_pairs_combn
C2,N111,15,1,dense_candidate,small_or_isolated_candidate,345.975072071173,FALSE,TRUE,FALSE,1,FALSE,NA,FALSE,all_pairs_combn
C13,N121,32,1,dense_candidate,small_or_isolated_candidate,347.9124797768659,FALSE,TRUE,FALSE,1,FALSE,NA,FALSE,all_pairs_combn
C13,N122,32,1,dense_candidate,small_or_isolated_candidate,348.17658586769977,FALSE,TRUE,FALSE,1,FALSE,NA,FALSE,all_pairs_combn
C13,N123,32,1,dense_candidate,small_or_isolated_candidate,350.3649362402629,FALSE,TRUE,FALSE,1,FALSE,NA,FALSE,all_pairs_combn
C1,C2,20,15,dense_candidate,dense_candidate,351.0015798345629,TRUE,TRUE,FALSE,1,FALSE,NA,FALSE,all_pairs_combn
C2,N51,15,1,dense_candidate,small_or_isolated_candidate,352.184647017137,FALSE,TRUE,FALSE,1,FALSE,NA,FALSE,all_pairs_combn
C10,N147,73,1,dense_candidate,small_or_isolated_candidate,352.29415351820757,FALSE,TRUE,FALSE,1,FALSE,NA,FALSE,all_pairs_combn
C1,C10,20,73,dense_candidate,dense_candidate,352.81862752341686,TRUE,TRUE,FALSE,1,FALSE,NA,FALSE,all_pairs_combn
C2,N52,15,1,dense_candidate,small_or_isolated_candidate,353.17418631438295,FALSE,TRUE,FALSE,1,FALSE,NA,FALSE,all_pairs_combn
C2,N146,15,1,dense_candidate,small_or_isolated_candidate,354.17364653566256,FALSE,TRUE,FALSE,1,FALSE,NA,FALSE,all_pairs_combn
C1,C15,20,5,dense_candidate,intermediate_candidate,355.4977537901167,TRUE,TRUE,FALSE,1,FALSE,NA,FALSE,all_pairs_combn
C1,C11,20,9,dense_candidate,dense_candidate,356.17784356112725,TRUE,TRUE,FALSE,1,FALSE,NA,FALSE,all_pairs_combn
C2,N138,15,1,dense_candidate,small_or_isolated_candidate,360.10509132823387,FALSE,TRUE,FALSE,1,FALSE,NA,FALSE,all_pairs_combn
C6,N123,16,1,dense_candidate,small_or_isolated_candidate,364.5504747830721,FALSE,TRUE,FALSE,1,FALSE,NA,FALSE,all_pairs_combn
C6,N122,16,1,dense_candidate,small_or_isolated_candidate,365.481234786842,FALSE,TRUE,FALSE,1,FALSE,NA,FALSE,all_pairs_combn
C6,N121,16,1,dense_candidate,small_or_isolated_candidate,367.5524187913062,FALSE,TRUE,FALSE,1,FALSE,NA,FALSE,all_pairs_combn
C2,N149,15,1,dense_candidate,small_or_isolated_candidate,372.5047662239497,FALSE,TRUE,FALSE,1,FALSE,NA,FALSE,all_pairs_combn
C2,N145,15,1,dense_candidate,small_or_isolated_candidate,375.7534691408023,FALSE,TRUE,FALSE,1,FALSE,NA,FALSE,all_pairs_combn
C13,N259,32,1,dense_candidate,small_or_isolated_candidate,378.067013941214,FALSE,TRUE,FALSE,1,FALSE,NA,FALSE,all_pairs_combn
C2,N144,15,1,dense_candidate,small_or_isolated_candidate,381.1280410429259,FALSE,TRUE,FALSE,1,FALSE,NA,FALSE,all_pairs_combn
C10,C14,73,7,dense_candidate,intermediate_candidate,387.29375544220176,TRUE,TRUE,FALSE,1,FALSE,NA,FALSE,all_pairs_combn
C1,C3,20,4,dense_candidate,intermediate_candidate,387.6392218241646,TRUE,TRUE,FALSE,1,FALSE,NA,FALSE,all_pairs_combn
C2,N30,15,1,dense_candidate,small_or_isolated_candidate,392.20362910404566,FALSE,TRUE,FALSE,1,FALSE,NA,FALSE,all_pairs_combn
C2,N143,15,1,dense_candidate,small_or_isolated_candidate,395.1073364520081,FALSE,TRUE,FALSE,1,FALSE,NA,FALSE,all_pairs_combn
C2,N119,15,1,dense_candidate,small_or_isolated_candidate,395.5916601001881,FALSE,TRUE,FALSE,1,FALSE,NA,FALSE,all_pairs_combn
C6,N93,16,1,dense_candidate,small_or_isolated_candidate,397.0620150709377,FALSE,TRUE,FALSE,1,FALSE,NA,FALSE,all_pairs_combn
C10,N119,73,1,dense_candidate,small_or_isolated_candidate,399.5812078577031,FALSE,TRUE,FALSE,1,FALSE,NA,FALSE,all_pairs_combn
C10,N305,73,1,dense_candidate,small_or_isolated_candidate,399.9641524713585,FALSE,TRUE,FALSE,1,FALSE,NA,FALSE,all_pairs_combn
C13,N141,32,1,dense_candidate,small_or_isolated_candidate,400.0284278250799,FALSE,TRUE,FALSE,1,FALSE,NA,FALSE,all_pairs_combn
C13,N140,32,1,dense_candidate,small_or_isolated_candidate,403.5174162420737,FALSE,TRUE,FALSE,1,FALSE,NA,FALSE,all_pairs_combn
C10,N300,73,1,dense_candidate,small_or_isolated_candidate,407.3811474543863,FALSE,TRUE,FALSE,1,FALSE,NA,FALSE,all_pairs_combn
C5,C6,5,16,intermediate_candidate,dense_candidate,410.1785233540582,TRUE,TRUE,FALSE,1,FALSE,NA,FALSE,all_pairs_combn
C6,N150,16,1,dense_candidate,small_or_isolated_candidate,410.9261011983193,FALSE,TRUE,FALSE,1,FALSE,NA,FALSE,all_pairs_combn
C10,N148,73,1,dense_candidate,small_or_isolated_candidate,411.16180235867847,FALSE,TRUE,FALSE,1,FALSE,NA,FALSE,all_pairs_combn
C2,N142,15,1,dense_candidate,small_or_isolated_candidate,413.2078792749156,FALSE,TRUE,FALSE,1,FALSE,NA,FALSE,all_pairs_combn
C2,N126,15,1,dense_candidate,small_or_isolated_candidate,414.7206605888157,FALSE,TRUE,FALSE,1,FALSE,NA,FALSE,all_pairs_combn
C1,N48,20,1,dense_candidate,small_or_isolated_candidate,415.41686712096936,FALSE,TRUE,FALSE,1,FALSE,NA,FALSE,all_pairs_combn
C2,N49,15,1,dense_candidate,small_or_isolated_candidate,415.46880653838724,FALSE,TRUE,FALSE,1,FALSE,NA,FALSE,all_pairs_combn
C10,N157,73,1,dense_candidate,small_or_isolated_candidate,416.356914759859,FALSE,TRUE,FALSE,1,FALSE,NA,FALSE,all_pairs_combn
C2,N50,15,1,dense_candidate,small_or_isolated_candidate,418.04999265759227,FALSE,TRUE,FALSE,1,FALSE,NA,FALSE,all_pairs_combn
C2,N107,15,1,dense_candidate,small_or_isolated_candidate,418.17265920142444,FALSE,TRUE,FALSE,1,FALSE,NA,FALSE,all_pairs_combn
C6,N259,16,1,dense_candidate,small_or_isolated_candidate,420.32226396184933,FALSE,TRUE,FALSE,1,FALSE,NA,FALSE,all_pairs_combn
C10,N304,73,1,dense_candidate,small_or_isolated_candidate,420.56762909686245,FALSE,TRUE,FALSE,1,FALSE,NA,FALSE,all_pairs_combn
C2,N308,15,1,dense_candidate,small_or_isolated_candidate,424.5693433172084,FALSE,TRUE,FALSE,1,FALSE,NA,FALSE,all_pairs_combn
C2,C7,15,7,dense_candidate,intermediate_candidate,426.04281637254877,TRUE,TRUE,FALSE,1,FALSE,NA,FALSE,all_pairs_combn
C1,N145,20,1,dense_candidate,small_or_isolated_candidate,426.29437929459147,FALSE,TRUE,FALSE,1,FALSE,NA,FALSE,all_pairs_combn
C10,N138,73,1,dense_candidate,small_or_isolated_candidate,428.82997190047985,FALSE,TRUE,FALSE,1,FALSE,NA,FALSE,all_pairs_combn
C10,N152,73,1,dense_candidate,small_or_isolated_candidate,430.4678645075805,FALSE,TRUE,FALSE,1,FALSE,NA,FALSE,all_pairs_combn
C10,N153,73,1,dense_candidate,small_or_isolated_candidate,432.0975102383042,FALSE,TRUE,FALSE,1,FALSE,NA,FALSE,all_pairs_combn
C6,N51,16,1,dense_candidate,small_or_isolated_candidate,432.7355904196473,FALSE,TRUE,FALSE,1,FALSE,NA,FALSE,all_pairs_combn
C10,N30,73,1,dense_candidate,small_or_isolated_candidate,433.28642003645245,FALSE,TRUE,FALSE,1,FALSE,NA,FALSE,all_pairs_combn
C6,N52,16,1,dense_candidate,small_or_isolated_candidate,433.43156165770813,FALSE,TRUE,FALSE,1,FALSE,NA,FALSE,all_pairs_combn
C1,N259,20,1,dense_candidate,small_or_isolated_candidate,435.5848653823746,FALSE,TRUE,FALSE,1,FALSE,NA,FALSE,all_pairs_combn
C10,N51,73,1,dense_candidate,small_or_isolated_candidate,436.8760008049545,FALSE,TRUE,FALSE,1,FALSE,NA,FALSE,all_pairs_combn
C10,N52,73,1,dense_candidate,small_or_isolated_candidate,437.7468871700752,FALSE,TRUE,FALSE,1,FALSE,NA,FALSE,all_pairs_combn
C13,C9,32,4,dense_candidate,intermediate_candidate,438.55373716418865,TRUE,TRUE,FALSE,1,FALSE,NA,FALSE,all_pairs_combn
C1,N294,20,1,dense_candidate,small_or_isolated_candidate,439.01997234805935,FALSE,TRUE,FALSE,1,FALSE,NA,FALSE,all_pairs_combn
C2,N21,15,1,dense_candidate,small_or_isolated_candidate,439.3671570214022,FALSE,TRUE,FALSE,1,FALSE,NA,FALSE,all_pairs_combn
C10,C16,73,4,dense_candidate,intermediate_candidate,443.21125026004165,TRUE,TRUE,FALSE,1,FALSE,NA,FALSE,all_pairs_combn
C6,N138,16,1,dense_candidate,small_or_isolated_candidate,445.0446917241723,FALSE,TRUE,FALSE,1,FALSE,NA,FALSE,all_pairs_combn
C11,C2,9,15,dense_candidate,dense_candidate,445.39251569400267,TRUE,TRUE,FALSE,1,FALSE,NA,FALSE,all_pairs_combn
C1,N308,20,1,dense_candidate,small_or_isolated_candidate,449.4006932941617,FALSE,TRUE,FALSE,1,FALSE,NA,FALSE,all_pairs_combn
C2,N104,15,1,dense_candidate,small_or_isolated_candidate,451.599554239597,FALSE,TRUE,FALSE,1,FALSE,NA,FALSE,all_pairs_combn
C10,N126,73,1,dense_candidate,small_or_isolated_candidate,453.0963028771941,FALSE,TRUE,FALSE,1,FALSE,NA,FALSE,all_pairs_combn
C10,N19,73,1,dense_candidate,small_or_isolated_candidate,453.14982200511974,FALSE,TRUE,FALSE,1,FALSE,NA,FALSE,all_pairs_combn
C10,N110,73,1,dense_candidate,small_or_isolated_candidate,453.6600833938938,FALSE,TRUE,FALSE,1,FALSE,NA,FALSE,all_pairs_combn
C10,N212,73,1,dense_candidate,small_or_isolated_candidate,454.6169396739565,FALSE,TRUE,FALSE,1,FALSE,NA,FALSE,all_pairs_combn
C2,N307,15,1,dense_candidate,small_or_isolated_candidate,454.6293106012213,FALSE,TRUE,FALSE,1,FALSE,NA,FALSE,all_pairs_combn
C10,C13,73,32,dense_candidate,dense_candidate,454.8427091869675,TRUE,TRUE,FALSE,1,FALSE,NA,FALSE,all_pairs_combn
C2,N20,15,1,dense_candidate,small_or_isolated_candidate,456.1413594050074,FALSE,TRUE,FALSE,1,FALSE,NA,FALSE,all_pairs_combn
C2,N147,15,1,dense_candidate,small_or_isolated_candidate,456.6833206087968,FALSE,TRUE,FALSE,1,FALSE,NA,FALSE,all_pairs_combn
C6,N136,16,1,dense_candidate,small_or_isolated_candidate,458.47071676056834,FALSE,TRUE,FALSE,1,FALSE,NA,FALSE,all_pairs_combn
C2,N19,15,1,dense_candidate,small_or_isolated_candidate,461.9853343662369,FALSE,TRUE,FALSE,1,FALSE,NA,FALSE,all_pairs_combn
C6,N49,16,1,dense_candidate,small_or_isolated_candidate,467.76602919416456,FALSE,TRUE,FALSE,1,FALSE,NA,FALSE,all_pairs_combn
C13,N294,32,1,dense_candidate,small_or_isolated_candidate,467.93145384121175,FALSE,TRUE,FALSE,1,FALSE,NA,FALSE,all_pairs_combn
C6,N50,16,1,dense_candidate,small_or_isolated_candidate,468.4709482216387,FALSE,TRUE,FALSE,1,FALSE,NA,FALSE,all_pairs_combn
C1,N140,20,1,dense_candidate,small_or_isolated_candidate,469.4224745086111,FALSE,TRUE,FALSE,1,FALSE,NA,FALSE,all_pairs_combn
C1,N141,20,1,dense_candidate,small_or_isolated_candidate,469.6226013410067,FALSE,TRUE,FALSE,1,FALSE,NA,FALSE,all_pairs_combn
C2,C8,15,4,dense_candidate,intermediate_candidate,470.42135593672657,TRUE,TRUE,FALSE,1,FALSE,NA,FALSE,all_pairs_combn
C2,N211,15,1,dense_candidate,small_or_isolated_candidate,470.8396439870884,FALSE,TRUE,FALSE,1,FALSE,NA,FALSE,all_pairs_combn
C10,N296,73,1,dense_candidate,small_or_isolated_candidate,471.50025905255137,FALSE,TRUE,FALSE,1,FALSE,NA,FALSE,all_pairs_combn
C2,N118,15,1,dense_candidate,small_or_isolated_candidate,471.7662886155495,FALSE,TRUE,FALSE,1,FALSE,NA,FALSE,all_pairs_combn
C10,C3,73,4,dense_candidate,intermediate_candidate,476.676469219593,TRUE,TRUE,FALSE,1,FALSE,NA,FALSE,all_pairs_combn
C1,N307,20,1,dense_candidate,small_or_isolated_candidate,477.4934575294164,FALSE,TRUE,FALSE,1,FALSE,NA,FALSE,all_pairs_combn
C1,C14,20,7,dense_candidate,intermediate_candidate,480.321142608408,TRUE,TRUE,FALSE,1,FALSE,NA,FALSE,all_pairs_combn
C2,N96,15,1,dense_candidate,small_or_isolated_candidate,482.32463977066794,FALSE,TRUE,FALSE,1,FALSE,NA,FALSE,all_pairs_combn
C1,N150,20,1,dense_candidate,small_or_isolated_candidate,483.29213706620556,FALSE,TRUE,FALSE,1,FALSE,NA,FALSE,all_pairs_combn
C10,N24,73,1,dense_candidate,small_or_isolated_candidate,484.4743529335803,FALSE,TRUE,FALSE,1,FALSE,NA,FALSE,all_pairs_combn
C2,N117,15,1,dense_candidate,small_or_isolated_candidate,487.89687088792965,FALSE,TRUE,FALSE,1,FALSE,NA,FALSE,all_pairs_combn
C6,N17,16,1,dense_candidate,small_or_isolated_candidate,489.97094285646,FALSE,TRUE,FALSE,1,FALSE,NA,FALSE,all_pairs_combn
C13,C2,32,15,dense_candidate,dense_candidate,490.3244260308815,TRUE,TRUE,FALSE,1,FALSE,NA,FALSE,all_pairs_combn
C6,N18,16,1,dense_candidate,small_or_isolated_candidate,491.9297912734578,FALSE,TRUE,FALSE,1,FALSE,NA,FALSE,all_pairs_combn
C10,N133,73,1,dense_candidate,small_or_isolated_candidate,496.9223990459638,FALSE,TRUE,FALSE,1,FALSE,NA,FALSE,all_pairs_combn
C6,N62,16,1,dense_candidate,small_or_isolated_candidate,496.9265895123762,FALSE,TRUE,FALSE,1,FALSE,NA,FALSE,all_pairs_combn
C13,N48,32,1,dense_candidate,small_or_isolated_candidate,498.4600547610744,FALSE,TRUE,FALSE,1,FALSE,NA,FALSE,all_pairs_combn
C10,N49,73,1,dense_candidate,small_or_isolated_candidate,499.1769955225983,FALSE,TRUE,FALSE,1,FALSE,NA,FALSE,all_pairs_combn
C10,N50,73,1,dense_candidate,small_or_isolated_candidate,502.13324537947324,FALSE,TRUE,FALSE,1,FALSE,NA,FALSE,all_pairs_combn
C10,N21,73,1,dense_candidate,small_or_isolated_candidate,503.3226067358967,FALSE,TRUE,FALSE,1,FALSE,NA,FALSE,all_pairs_combn
C6,N211,16,1,dense_candidate,small_or_isolated_candidate,505.54298532023546,FALSE,TRUE,FALSE,1,FALSE,NA,FALSE,all_pairs_combn
C2,N24,15,1,dense_candidate,small_or_isolated_candidate,510.03862626195524,FALSE,TRUE,FALSE,1,FALSE,NA,FALSE,all_pairs_combn
C6,N66,16,1,dense_candidate,small_or_isolated_candidate,512.2825864657509,FALSE,TRUE,FALSE,1,FALSE,NA,FALSE,all_pairs_combn
C13,N135,32,1,dense_candidate,small_or_isolated_candidate,512.554379810798,FALSE,TRUE,FALSE,1,FALSE,NA,FALSE,all_pairs_combn
C6,N63,16,1,dense_candidate,small_or_isolated_candidate,512.6272574224073,FALSE,TRUE,FALSE,1,FALSE,NA,FALSE,all_pairs_combn
C1,N107,20,1,dense_candidate,small_or_isolated_candidate,514.103075916985,FALSE,TRUE,FALSE,1,FALSE,NA,FALSE,all_pairs_combn
C2,N61,15,1,dense_candidate,small_or_isolated_candidate,514.2332906729517,FALSE,TRUE,FALSE,1,FALSE,NA,FALSE,all_pairs_combn
C6,N11,16,1,dense_candidate,small_or_isolated_candidate,514.5325939386689,FALSE,TRUE,FALSE,1,FALSE,NA,FALSE,all_pairs_combn
C10,N118,73,1,dense_candidate,small_or_isolated_candidate,514.899964998967,FALSE,TRUE,FALSE,1,FALSE,NA,FALSE,all_pairs_combn
C1,N123,20,1,dense_candidate,small_or_isolated_candidate,514.9304639812217,FALSE,TRUE,FALSE,1,FALSE,NA,FALSE,all_pairs_combn
C1,N121,20,1,dense_candidate,small_or_isolated_candidate,515.4266940129093,FALSE,TRUE,FALSE,1,FALSE,NA,FALSE,all_pairs_combn
C2,N62,15,1,dense_candidate,small_or_isolated_candidate,516.2147871285462,FALSE,TRUE,FALSE,1,FALSE,NA,FALSE,all_pairs_combn
C10,N112,73,1,dense_candidate,small_or_isolated_candidate,516.651980427677,FALSE,TRUE,FALSE,1,FALSE,NA,FALSE,all_pairs_combn
C6,N34,16,1,dense_candidate,small_or_isolated_candidate,516.8426082628573,FALSE,TRUE,FALSE,1,FALSE,NA,FALSE,all_pairs_combn
C1,C8,20,4,dense_candidate,intermediate_candidate,516.9665790047942,TRUE,TRUE,FALSE,1,FALSE,NA,FALSE,all_pairs_combn
C13,N145,32,1,dense_candidate,small_or_isolated_candidate,517.5731619876921,FALSE,TRUE,FALSE,1,FALSE,NA,FALSE,all_pairs_combn
C1,N122,20,1,dense_candidate,small_or_isolated_candidate,517.7761176563505,FALSE,TRUE,FALSE,1,FALSE,NA,FALSE,all_pairs_combn
C10,N111,73,1,dense_candidate,small_or_isolated_candidate,517.9551911327219,FALSE,TRUE,FALSE,1,FALSE,NA,FALSE,all_pairs_combn
C2,N134,15,1,dense_candidate,small_or_isolated_candidate,518.8223997044032,FALSE,TRUE,FALSE,1,FALSE,NA,FALSE,all_pairs_combn
C2,N65,15,1,dense_candidate,small_or_isolated_candidate,519.9298262289731,FALSE,TRUE,FALSE,1,FALSE,NA,FALSE,all_pairs_combn
C6,N21,16,1,dense_candidate,small_or_isolated_candidate,520.882310121251,FALSE,TRUE,FALSE,1,FALSE,NA,FALSE,all_pairs_combn
C10,N132,73,1,dense_candidate,small_or_isolated_candidate,521.1040273863892,FALSE,TRUE,FALSE,1,FALSE,NA,FALSE,all_pairs_combn
C10,N20,73,1,dense_candidate,small_or_isolated_candidate,522.9378721819905,FALSE,TRUE,FALSE,1,FALSE,NA,FALSE,all_pairs_combn
C10,C6,73,16,dense_candidate,dense_candidate,526.034875075765,TRUE,TRUE,FALSE,1,FALSE,NA,FALSE,all_pairs_combn
C2,N148,15,1,dense_candidate,small_or_isolated_candidate,526.265933794783,FALSE,TRUE,FALSE,1,FALSE,NA,FALSE,all_pairs_combn
C6,N20,16,1,dense_candidate,small_or_isolated_candidate,526.2724856277424,FALSE,TRUE,FALSE,1,FALSE,NA,FALSE,all_pairs_combn
C10,N117,73,1,dense_candidate,small_or_isolated_candidate,526.9030130301522,FALSE,TRUE,FALSE,1,FALSE,NA,FALSE,all_pairs_combn
C2,N66,15,1,dense_candidate,small_or_isolated_candidate,527.1176317293019,FALSE,TRUE,FALSE,1,FALSE,NA,FALSE,all_pairs_combn
C6,N126,16,1,dense_candidate,small_or_isolated_candidate,527.9706609328705,FALSE,TRUE,FALSE,1,FALSE,NA,FALSE,all_pairs_combn
C2,N63,15,1,dense_candidate,small_or_isolated_candidate,527.9730276235792,FALSE,TRUE,FALSE,1,FALSE,NA,FALSE,all_pairs_combn
C1,N136,20,1,dense_candidate,small_or_isolated_candidate,528.0022976821996,FALSE,TRUE,FALSE,1,FALSE,NA,FALSE,all_pairs_combn
C13,N131,32,1,dense_candidate,small_or_isolated_candidate,529.8765786000953,FALSE,TRUE,FALSE,1,FALSE,NA,FALSE,all_pairs_combn
C1,N110,20,1,dense_candidate,small_or_isolated_candidate,530.0454566723089,FALSE,TRUE,FALSE,1,FALSE,NA,FALSE,all_pairs_combn
C6,N30,16,1,dense_candidate,small_or_isolated_candidate,530.5035788786265,FALSE,TRUE,FALSE,1,FALSE,NA,FALSE,all_pairs_combn
C13,N182,32,1,dense_candidate,small_or_isolated_candidate,532.998184496242,FALSE,TRUE,FALSE,1,FALSE,NA,FALSE,all_pairs_combn
C13,N207,32,1,dense_candidate,small_or_isolated_candidate,533.8817888678448,FALSE,TRUE,FALSE,1,FALSE,NA,FALSE,all_pairs_combn
C2,N124,15,1,dense_candidate,small_or_isolated_candidate,534.8105494363884,FALSE,TRUE,FALSE,1,FALSE,NA,FALSE,all_pairs_combn
C10,N10,73,1,dense_candidate,small_or_isolated_candidate,536.8601886994363,FALSE,TRUE,FALSE,1,FALSE,NA,FALSE,all_pairs_combn
C1,N305,20,1,dense_candidate,small_or_isolated_candidate,536.9530450817927,FALSE,TRUE,FALSE,1,FALSE,NA,FALSE,all_pairs_combn
C10,N211,73,1,dense_candidate,small_or_isolated_candidate,540.8084130075,FALSE,TRUE,FALSE,1,FALSE,NA,FALSE,all_pairs_combn
C6,N61,16,1,dense_candidate,small_or_isolated_candidate,541.5474329222585,FALSE,TRUE,FALSE,1,FALSE,NA,FALSE,all_pairs_combn
C10,C12,73,10,dense_candidate,dense_candidate,544.9291410973626,TRUE,TRUE,FALSE,1,FALSE,NA,FALSE,all_pairs_combn
C2,N10,15,1,dense_candidate,small_or_isolated_candidate,547.3156252516136,FALSE,TRUE,FALSE,1,FALSE,NA,FALSE,all_pairs_combn
C1,N104,20,1,dense_candidate,small_or_isolated_candidate,549.1465898901978,FALSE,TRUE,FALSE,1,FALSE,NA,FALSE,all_pairs_combn
C10,N128,73,1,dense_candidate,small_or_isolated_candidate,550.1316611813153,FALSE,TRUE,FALSE,1,FALSE,NA,FALSE,all_pairs_combn
C13,C15,32,5,dense_candidate,intermediate_candidate,550.5277674750021,TRUE,TRUE,FALSE,1,FALSE,NA,FALSE,all_pairs_combn
C13,N308,32,1,dense_candidate,small_or_isolated_candidate,551.0074320069256,FALSE,TRUE,FALSE,1,FALSE,NA,FALSE,all_pairs_combn
C10,N127,73,1,dense_candidate,small_or_isolated_candidate,551.9096067368587,FALSE,TRUE,FALSE,1,FALSE,NA,FALSE,all_pairs_combn
C2,N92,15,1,dense_candidate,small_or_isolated_candidate,552.5449361487065,FALSE,TRUE,FALSE,1,FALSE,NA,FALSE,all_pairs_combn
C10,N134,73,1,dense_candidate,small_or_isolated_candidate,552.6128571091672,FALSE,TRUE,FALSE,1,FALSE,NA,FALSE,all_pairs_combn
C2,N157,15,1,dense_candidate,small_or_isolated_candidate,554.2742116189175,FALSE,TRUE,FALSE,1,FALSE,NA,FALSE,all_pairs_combn
C2,N129,15,1,dense_candidate,small_or_isolated_candidate,555.1215110375256,FALSE,TRUE,FALSE,1,FALSE,NA,FALSE,all_pairs_combn
C14,C2,7,15,intermediate_candidate,dense_candidate,556.5363249502359,TRUE,TRUE,FALSE,1,FALSE,NA,FALSE,all_pairs_combn
C6,N118,16,1,dense_candidate,small_or_isolated_candidate,556.8569068719139,FALSE,TRUE,FALSE,1,FALSE,NA,FALSE,all_pairs_combn
C6,N33,16,1,dense_candidate,small_or_isolated_candidate,556.9606654425475,FALSE,TRUE,FALSE,1,FALSE,NA,FALSE,all_pairs_combn
C1,C6,20,16,dense_candidate,dense_candidate,558.3879819198572,TRUE,TRUE,FALSE,1,FALSE,NA,FALSE,all_pairs_combn
C13,N307,32,1,dense_candidate,small_or_isolated_candidate,558.6859596336485,FALSE,TRUE,FALSE,1,FALSE,NA,FALSE,all_pairs_combn
C2,N22,15,1,dense_candidate,small_or_isolated_candidate,559.4526865741719,FALSE,TRUE,FALSE,1,FALSE,NA,FALSE,all_pairs_combn
C6,N292,16,1,dense_candidate,small_or_isolated_candidate,559.9972515155494,FALSE,TRUE,FALSE,1,FALSE,NA,FALSE,all_pairs_combn
C13,N296,32,1,dense_candidate,small_or_isolated_candidate,560.1457733195175,FALSE,TRUE,FALSE,1,FALSE,NA,FALSE,all_pairs_combn
C6,N71,16,1,dense_candidate,small_or_isolated_candidate,560.6452917054619,FALSE,TRUE,FALSE,1,FALSE,NA,FALSE,all_pairs_combn
C12,C2,10,15,dense_candidate,dense_candidate,560.7938731312388,TRUE,TRUE,FALSE,1,FALSE,NA,FALSE,all_pairs_combn
C13,N120,32,1,dense_candidate,small_or_isolated_candidate,561.4882548842313,FALSE,TRUE,FALSE,1,FALSE,NA,FALSE,all_pairs_combn
C2,N125,15,1,dense_candidate,small_or_isolated_candidate,561.4967382537715,FALSE,TRUE,FALSE,1,FALSE,NA,FALSE,all_pairs_combn
C10,N22,73,1,dense_candidate,small_or_isolated_candidate,563.1703023574652,FALSE,TRUE,FALSE,1,FALSE,NA,FALSE,all_pairs_combn
C6,N65,16,1,dense_candidate,small_or_isolated_candidate,565.9865764979824,FALSE,TRUE,FALSE,1,FALSE,NA,FALSE,all_pairs_combn
C2,N95,15,1,dense_candidate,small_or_isolated_candidate,566.3313346051804,FALSE,TRUE,FALSE,1,FALSE,NA,FALSE,all_pairs_combn
C6,N119,16,1,dense_candidate,small_or_isolated_candidate,567.1185189635338,FALSE,TRUE,FALSE,1,FALSE,NA,FALSE,all_pairs_combn
C6,N69,16,1,dense_candidate,small_or_isolated_candidate,567.325699767003,FALSE,TRUE,FALSE,1,FALSE,NA,FALSE,all_pairs_combn
C1,N132,20,1,dense_candidate,small_or_isolated_candidate,567.7737264660452,FALSE,TRUE,FALSE,1,FALSE,NA,FALSE,all_pairs_combn
C10,N124,73,1,dense_candidate,small_or_isolated_candidate,568.8492074011291,FALSE,TRUE,FALSE,1,FALSE,NA,FALSE,all_pairs_combn
C1,C7,20,7,dense_candidate,intermediate_candidate,569.4922587676498,TRUE,TRUE,FALSE,1,FALSE,NA,FALSE,all_pairs_combn
C1,N304,20,1,dense_candidate,small_or_isolated_candidate,570.344369600905,FALSE,TRUE,FALSE,1,FALSE,NA,FALSE,all_pairs_combn
C2,N212,15,1,dense_candidate,small_or_isolated_candidate,570.452610124648,FALSE,TRUE,FALSE,1,FALSE,NA,FALSE,all_pairs_combn
C1,N300,20,1,dense_candidate,small_or_isolated_candidate,570.5379692974756,FALSE,TRUE,FALSE,1,FALSE,NA,FALSE,all_pairs_combn
C2,N152,15,1,dense_candidate,small_or_isolated_candidate,572.7990994648617,FALSE,TRUE,FALSE,1,FALSE,NA,FALSE,all_pairs_combn
C13,N114,32,1,dense_candidate,small_or_isolated_candidate,573.8380452485148,FALSE,TRUE,FALSE,1,FALSE,NA,FALSE,all_pairs_combn
C2,N153,15,1,dense_candidate,small_or_isolated_candidate,575.1305740155365,FALSE,TRUE,FALSE,1,FALSE,NA,FALSE,all_pairs_combn
C6,N117,16,1,dense_candidate,small_or_isolated_candidate,575.1582554739148,FALSE,TRUE,FALSE,1,FALSE,NA,FALSE,all_pairs_combn
C2,N94,15,1,dense_candidate,small_or_isolated_candidate,575.9142184738247,FALSE,TRUE,FALSE,1,FALSE,NA,FALSE,all_pairs_combn
C2,N305,15,1,dense_candidate,small_or_isolated_candidate,576.4798182126742,FALSE,TRUE,FALSE,1,FALSE,NA,FALSE,all_pairs_combn
C10,N129,73,1,dense_candidate,small_or_isolated_candidate,576.7127168714554,FALSE,TRUE,FALSE,1,FALSE,NA,FALSE,all_pairs_combn
C1,N92,20,1,dense_candidate,small_or_isolated_candidate,580.9099196886071,FALSE,TRUE,FALSE,1,FALSE,NA,FALSE,all_pairs_combn
C1,N96,20,1,dense_candidate,small_or_isolated_candidate,581.1049816255455,FALSE,TRUE,FALSE,1,FALSE,NA,FALSE,all_pairs_combn
C2,C4,15,5,dense_candidate,intermediate_candidate,582.2358652846758,TRUE,TRUE,FALSE,1,FALSE,NA,FALSE,all_pairs_combn
C13,N113,32,1,dense_candidate,small_or_isolated_candidate,584.2003812118496,FALSE,TRUE,FALSE,1,FALSE,NA,FALSE,all_pairs_combn
C2,N300,15,1,dense_candidate,small_or_isolated_candidate,586.6002711364772,FALSE,TRUE,FALSE,1,FALSE,NA,FALSE,all_pairs_combn
C10,N65,73,1,dense_candidate,small_or_isolated_candidate,588.5915026795134,FALSE,TRUE,FALSE,1,FALSE,NA,FALSE,all_pairs_combn
C10,N107,73,1,dense_candidate,small_or_isolated_candidate,590.3736616704757,FALSE,TRUE,FALSE,1,FALSE,NA,FALSE,all_pairs_combn
C10,N125,73,1,dense_candidate,small_or_isolated_candidate,591.1618795847894,FALSE,TRUE,FALSE,1,FALSE,NA,FALSE,all_pairs_combn
C10,N61,73,1,dense_candidate,small_or_isolated_candidate,592.8082732620545,FALSE,TRUE,FALSE,1,FALSE,NA,FALSE,all_pairs_combn
C2,N304,15,1,dense_candidate,small_or_isolated_candidate,598.8947232449245,FALSE,TRUE,FALSE,1,FALSE,NA,FALSE,all_pairs_combn
C10,N131,73,1,dense_candidate,small_or_isolated_candidate,598.9477159336309,FALSE,TRUE,FALSE,1,FALSE,NA,FALSE,all_pairs_combn
C10,C4,73,5,dense_candidate,intermediate_candidate,599.656720375025,TRUE,TRUE,FALSE,1,FALSE,NA,FALSE,all_pairs_combn
C13,N111,32,1,dense_candidate,small_or_isolated_candidate,600.5457653605752,FALSE,TRUE,FALSE,1,FALSE,NA,FALSE,all_pairs_combn
C13,N112,32,1,dense_candidate,small_or_isolated_candidate,601.9325726681642,FALSE,TRUE,FALSE,1,FALSE,NA,FALSE,all_pairs_combn
C1,N93,20,1,dense_candidate,small_or_isolated_candidate,603.1430305722955,FALSE,TRUE,FALSE,1,FALSE,NA,FALSE,all_pairs_combn
C10,C7,73,7,dense_candidate,intermediate_candidate,604.463027476311,TRUE,TRUE,FALSE,1,FALSE,NA,FALSE,all_pairs_combn
C1,N146,20,1,dense_candidate,small_or_isolated_candidate,605.9154097588654,FALSE,TRUE,FALSE,1,FALSE,NA,FALSE,all_pairs_combn
C6,N134,16,1,dense_candidate,small_or_isolated_candidate,606.2593723582476,FALSE,TRUE,FALSE,1,FALSE,NA,FALSE,all_pairs_combn
C13,N110,32,1,dense_candidate,small_or_isolated_candidate,606.546247171396,FALSE,TRUE,FALSE,1,FALSE,NA,FALSE,all_pairs_combn
C1,N95,20,1,dense_candidate,small_or_isolated_candidate,607.6563576754489,FALSE,TRUE,FALSE,1,FALSE,NA,FALSE,all_pairs_combn
C1,N94,20,1,dense_candidate,small_or_isolated_candidate,609.7010373208967,FALSE,TRUE,FALSE,1,FALSE,NA,FALSE,all_pairs_combn
C10,N62,73,1,dense_candidate,small_or_isolated_candidate,615.1527240885681,FALSE,TRUE,FALSE,1,FALSE,NA,FALSE,all_pairs_combn
C6,N144,16,1,dense_candidate,small_or_isolated_candidate,617.330340407856,FALSE,TRUE,FALSE,1,FALSE,NA,FALSE,all_pairs_combn
C6,N124,16,1,dense_candidate,small_or_isolated_candidate,617.5402574702197,FALSE,TRUE,FALSE,1,FALSE,NA,FALSE,all_pairs_combn
C2,N133,15,1,dense_candidate,small_or_isolated_candidate,617.9139342711783,FALSE,TRUE,FALSE,1,FALSE,NA,FALSE,all_pairs_combn
C13,C16,32,4,dense_candidate,intermediate_candidate,618.2198171333406,TRUE,TRUE,FALSE,1,FALSE,NA,FALSE,all_pairs_combn
C1,N112,20,1,dense_candidate,small_or_isolated_candidate,618.5963887362949,FALSE,TRUE,FALSE,1,FALSE,NA,FALSE,all_pairs_combn
C2,N93,15,1,dense_candidate,small_or_isolated_candidate,620.8432723837227,FALSE,TRUE,FALSE,1,FALSE,NA,FALSE,all_pairs_combn
C1,N111,20,1,dense_candidate,small_or_isolated_candidate,621.4277681965498,FALSE,TRUE,FALSE,1,FALSE,NA,FALSE,all_pairs_combn
C1,N142,20,1,dense_candidate,small_or_isolated_candidate,621.5329283161752,FALSE,TRUE,FALSE,1,FALSE,NA,FALSE,all_pairs_combn
C10,N66,73,1,dense_candidate,small_or_isolated_candidate,622.7670892108055,FALSE,TRUE,FALSE,1,FALSE,NA,FALSE,all_pairs_combn
C16,C2,4,15,intermediate_candidate,dense_candidate,623.6384532157568,TRUE,TRUE,FALSE,1,FALSE,NA,FALSE,all_pairs_combn
C10,N63,73,1,dense_candidate,small_or_isolated_candidate,623.7281169719031,FALSE,TRUE,FALSE,1,FALSE,NA,FALSE,all_pairs_combn
C13,N151,32,1,dense_candidate,small_or_isolated_candidate,624.5223756269721,FALSE,TRUE,FALSE,1,FALSE,NA,FALSE,all_pairs_combn
C10,N104,73,1,dense_candidate,small_or_isolated_candidate,625.1470008528039,FALSE,TRUE,FALSE,1,FALSE,NA,FALSE,all_pairs_combn
C13,N206,32,1,dense_candidate,small_or_isolated_candidate,626.8692144411615,FALSE,TRUE,FALSE,1,FALSE,NA,FALSE,all_pairs_combn
C10,C9,73,4,dense_candidate,intermediate_candidate,629.5063840112712,TRUE,TRUE,FALSE,1,FALSE,NA,FALSE,all_pairs_combn
C6,N143,16,1,dense_candidate,small_or_isolated_candidate,634.1818714036954,FALSE,TRUE,FALSE,1,FALSE,NA,FALSE,all_pairs_combn
C10,C8,73,4,dense_candidate,intermediate_candidate,635.7124197732961,TRUE,TRUE,FALSE,1,FALSE,NA,FALSE,all_pairs_combn
C6,N149,16,1,dense_candidate,small_or_isolated_candidate,638.4719333928986,FALSE,TRUE,FALSE,1,FALSE,NA,FALSE,all_pairs_combn
C13,N69,32,1,dense_candidate,small_or_isolated_candidate,640.3831797489523,FALSE,TRUE,FALSE,1,FALSE,NA,FALSE,all_pairs_combn
C6,N125,16,1,dense_candidate,small_or_isolated_candidate,645.2366548667632,FALSE,TRUE,FALSE,1,FALSE,NA,FALSE,all_pairs_combn
C1,N292,20,1,dense_candidate,small_or_isolated_candidate,645.3858360741015,FALSE,TRUE,FALSE,1,FALSE,NA,FALSE,all_pairs_combn
C6,N146,16,1,dense_candidate,small_or_isolated_candidate,646.4017876325304,FALSE,TRUE,FALSE,1,FALSE,NA,FALSE,all_pairs_combn
C1,C16,20,4,dense_candidate,intermediate_candidate,646.5923417102217,TRUE,TRUE,FALSE,1,FALSE,NA,FALSE,all_pairs_combn
C2,N296,15,1,dense_candidate,small_or_isolated_candidate,647.431299372414,FALSE,TRUE,FALSE,1,FALSE,NA,FALSE,all_pairs_combn
C1,N149,20,1,dense_candidate,small_or_isolated_candidate,650.1753042767917,FALSE,TRUE,FALSE,1,FALSE,NA,FALSE,all_pairs_combn
C6,N19,16,1,dense_candidate,small_or_isolated_candidate,650.2904729371493,FALSE,TRUE,FALSE,1,FALSE,NA,FALSE,all_pairs_combn
C13,N300,32,1,dense_candidate,small_or_isolated_candidate,651.9113101149326,FALSE,TRUE,FALSE,1,FALSE,NA,FALSE,all_pairs_combn
C6,N129,16,1,dense_candidate,small_or_isolated_candidate,654.2582642375538,FALSE,TRUE,FALSE,1,FALSE,NA,FALSE,all_pairs_combn
C6,N141,16,1,dense_candidate,small_or_isolated_candidate,655.3471018662132,FALSE,TRUE,FALSE,1,FALSE,NA,FALSE,all_pairs_combn
C10,N96,73,1,dense_candidate,small_or_isolated_candidate,656.8653051197203,FALSE,TRUE,FALSE,1,FALSE,NA,FALSE,all_pairs_combn
C6,N140,16,1,dense_candidate,small_or_isolated_candidate,659.0853164462777,FALSE,TRUE,FALSE,1,FALSE,NA,FALSE,all_pairs_combn
C2,C5,15,5,dense_candidate,intermediate_candidate,660.6567406202391,TRUE,TRUE,FALSE,1,FALSE,NA,FALSE,all_pairs_combn
C1,C5,20,5,dense_candidate,intermediate_candidate,661.10109688363,TRUE,TRUE,FALSE,1,FALSE,NA,FALSE,all_pairs_combn
C1,N128,20,1,dense_candidate,small_or_isolated_candidate,661.4059390819967,FALSE,TRUE,FALSE,1,FALSE,NA,FALSE,all_pairs_combn
C1,N127,20,1,dense_candidate,small_or_isolated_candidate,661.7184967721887,FALSE,TRUE,FALSE,1,FALSE,NA,FALSE,all_pairs_combn
C10,N113,73,1,dense_candidate,small_or_isolated_candidate,672.3243132443386,FALSE,TRUE,FALSE,1,FALSE,NA,FALSE,all_pairs_combn
C13,N304,32,1,dense_candidate,small_or_isolated_candidate,673.2687930182594,FALSE,TRUE,FALSE,1,FALSE,NA,FALSE,all_pairs_combn
C11,C13,9,32,dense_candidate,dense_candidate,675.3842445347954,TRUE,TRUE,FALSE,1,FALSE,NA,FALSE,all_pairs_combn
C13,N305,32,1,dense_candidate,small_or_isolated_candidate,675.8680276889739,FALSE,TRUE,FALSE,1,FALSE,NA,FALSE,all_pairs_combn
C15,C6,5,16,intermediate_candidate,dense_candidate,677.0809358316168,TRUE,TRUE,FALSE,1,FALSE,NA,FALSE,all_pairs_combn
C1,N144,20,1,dense_candidate,small_or_isolated_candidate,681.7368973865766,FALSE,TRUE,FALSE,1,FALSE,NA,FALSE,all_pairs_combn
C6,N32,16,1,dense_candidate,small_or_isolated_candidate,682.2294753657092,FALSE,TRUE,FALSE,1,FALSE,NA,FALSE,all_pairs_combn
C2,N132,15,1,dense_candidate,small_or_isolated_candidate,686.9232039182044,FALSE,TRUE,FALSE,1,FALSE,NA,FALSE,all_pairs_combn
C13,C6,32,16,dense_candidate,dense_candidate,688.4014741169251,TRUE,TRUE,FALSE,1,FALSE,NA,FALSE,all_pairs_combn
C6,N294,16,1,dense_candidate,small_or_isolated_candidate,689.4897685320298,FALSE,TRUE,FALSE,1,FALSE,NA,FALSE,all_pairs_combn
C1,N143,20,1,dense_candidate,small_or_isolated_candidate,691.4734221133147,FALSE,TRUE,FALSE,1,FALSE,NA,FALSE,all_pairs_combn
C1,N71,20,1,dense_candidate,small_or_isolated_candidate,691.8612857889947,FALSE,TRUE,FALSE,1,FALSE,NA,FALSE,all_pairs_combn
C13,N18,32,1,dense_candidate,small_or_isolated_candidate,696.0011349703701,FALSE,TRUE,FALSE,1,FALSE,NA,FALSE,all_pairs_combn
C1,N147,20,1,dense_candidate,small_or_isolated_candidate,703.1162371996702,FALSE,TRUE,FALSE,1,FALSE,NA,FALSE,all_pairs_combn
C13,N17,32,1,dense_candidate,small_or_isolated_candidate,703.4832428097804,FALSE,TRUE,FALSE,1,FALSE,NA,FALSE,all_pairs_combn
C4,C6,5,16,intermediate_candidate,dense_candidate,705.1577322700192,TRUE,TRUE,FALSE,1,FALSE,NA,FALSE,all_pairs_combn
C6,N22,16,1,dense_candidate,small_or_isolated_candidate,708.4350718988926,FALSE,TRUE,FALSE,1,FALSE,NA,FALSE,all_pairs_combn
C13,C14,32,7,dense_candidate,intermediate_candidate,708.474005149741,TRUE,TRUE,FALSE,1,FALSE,NA,FALSE,all_pairs_combn
C6,N24,16,1,dense_candidate,small_or_isolated_candidate,709.735927079282,FALSE,TRUE,FALSE,1,FALSE,NA,FALSE,all_pairs_combn
C1,N138,20,1,dense_candidate,small_or_isolated_candidate,710.4984627694197,FALSE,TRUE,FALSE,1,FALSE,NA,FALSE,all_pairs_combn
C10,N92,73,1,dense_candidate,small_or_isolated_candidate,717.1375830746632,FALSE,TRUE,FALSE,1,FALSE,NA,FALSE,all_pairs_combn
C12,C6,10,16,dense_candidate,dense_candidate,717.6131857843444,TRUE,TRUE,FALSE,1,FALSE,NA,FALSE,all_pairs_combn
C1,N296,20,1,dense_candidate,small_or_isolated_candidate,718.8196376171111,FALSE,TRUE,FALSE,1,FALSE,NA,FALSE,all_pairs_combn
C6,N10,16,1,dense_candidate,small_or_isolated_candidate,719.4105328999068,FALSE,TRUE,FALSE,1,FALSE,NA,FALSE,all_pairs_combn
C6,N145,16,1,dense_candidate,small_or_isolated_candidate,721.2348753545012,FALSE,TRUE,FALSE,1,FALSE,NA,FALSE,all_pairs_combn
C6,N142,16,1,dense_candidate,small_or_isolated_candidate,723.6650653868794,FALSE,TRUE,FALSE,1,FALSE,NA,FALSE,all_pairs_combn
C2,N69,15,1,dense_candidate,small_or_isolated_candidate,725.5074663612588,FALSE,TRUE,FALSE,1,FALSE,NA,FALSE,all_pairs_combn
C2,N128,15,1,dense_candidate,small_or_isolated_candidate,726.7087998528414,FALSE,TRUE,FALSE,1,FALSE,NA,FALSE,all_pairs_combn
C1,N119,20,1,dense_candidate,small_or_isolated_candidate,727.238856308878,FALSE,TRUE,FALSE,1,FALSE,NA,FALSE,all_pairs_combn
C2,N127,15,1,dense_candidate,small_or_isolated_candidate,728.3492066886987,FALSE,TRUE,FALSE,1,FALSE,NA,FALSE,all_pairs_combn
C10,N95,73,1,dense_candidate,small_or_isolated_candidate,733.8190874279018,FALSE,TRUE,FALSE,1,FALSE,NA,FALSE,all_pairs_combn
C6,N147,16,1,dense_candidate,small_or_isolated_candidate,736.904240691927,FALSE,TRUE,FALSE,1,FALSE,NA,FALSE,all_pairs_combn
C10,N94,73,1,dense_candidate,small_or_isolated_candidate,742.2502267337626,FALSE,TRUE,FALSE,1,FALSE,NA,FALSE,all_pairs_combn
C13,N137,32,1,dense_candidate,small_or_isolated_candidate,747.8942620513251,FALSE,TRUE,FALSE,1,FALSE,NA,FALSE,all_pairs_combn
C1,N157,20,1,dense_candidate,small_or_isolated_candidate,748.206049042362,FALSE,TRUE,FALSE,1,FALSE,NA,FALSE,all_pairs_combn
C13,N11,32,1,dense_candidate,small_or_isolated_candidate,753.2194514277461,FALSE,TRUE,FALSE,1,FALSE,NA,FALSE,all_pairs_combn
C1,N152,20,1,dense_candidate,small_or_isolated_candidate,757.3565314442261,FALSE,TRUE,FALSE,1,FALSE,NA,FALSE,all_pairs_combn
C1,N148,20,1,dense_candidate,small_or_isolated_candidate,757.4403603731569,FALSE,TRUE,FALSE,1,FALSE,NA,FALSE,all_pairs_combn
C1,N153,20,1,dense_candidate,small_or_isolated_candidate,758.1613464659475,FALSE,TRUE,FALSE,1,FALSE,NA,FALSE,all_pairs_combn
C2,N131,15,1,dense_candidate,small_or_isolated_candidate,759.1888722305242,FALSE,TRUE,FALSE,1,FALSE,NA,FALSE,all_pairs_combn
C1,N126,20,1,dense_candidate,small_or_isolated_candidate,760.0215870476317,FALSE,TRUE,FALSE,1,FALSE,NA,FALSE,all_pairs_combn
C2,N71,15,1,dense_candidate,small_or_isolated_candidate,766.6752128959279,FALSE,TRUE,FALSE,1,FALSE,NA,FALSE,all_pairs_combn
C2,C9,15,4,dense_candidate,intermediate_candidate,766.9276214463043,TRUE,TRUE,FALSE,1,FALSE,NA,FALSE,all_pairs_combn
C6,N308,16,1,dense_candidate,small_or_isolated_candidate,769.8057029374064,FALSE,TRUE,FALSE,1,FALSE,NA,FALSE,all_pairs_combn
C13,C3,32,4,dense_candidate,intermediate_candidate,770.9588216032809,TRUE,TRUE,FALSE,1,FALSE,NA,FALSE,all_pairs_combn
C11,C12,9,10,dense_candidate,dense_candidate,773.6433335410253,TRUE,TRUE,FALSE,1,FALSE,NA,FALSE,all_pairs_combn
C11,C6,9,16,dense_candidate,dense_candidate,776.7227411237205,TRUE,TRUE,FALSE,1,FALSE,NA,FALSE,all_pairs_combn
C10,N93,73,1,dense_candidate,small_or_isolated_candidate,777.5184323422488,FALSE,TRUE,FALSE,1,FALSE,NA,FALSE,all_pairs_combn
C13,N128,32,1,dense_candidate,small_or_isolated_candidate,791.8118821321995,FALSE,TRUE,FALSE,1,FALSE,NA,FALSE,all_pairs_combn
C13,N127,32,1,dense_candidate,small_or_isolated_candidate,794.5335819439865,FALSE,TRUE,FALSE,1,FALSE,NA,FALSE,all_pairs_combn
C1,N212,20,1,dense_candidate,small_or_isolated_candidate,799.487373167753,FALSE,TRUE,FALSE,1,FALSE,NA,FALSE,all_pairs_combn
C6,N307,16,1,dense_candidate,small_or_isolated_candidate,800.0639815993097,FALSE,TRUE,FALSE,1,FALSE,NA,FALSE,all_pairs_combn
C1,C13,20,32,dense_candidate,dense_candidate,800.7740950951185,TRUE,TRUE,FALSE,1,FALSE,NA,FALSE,all_pairs_combn
C13,C7,32,7,dense_candidate,intermediate_candidate,803.9289069049801,TRUE,TRUE,FALSE,1,FALSE,NA,FALSE,all_pairs_combn
C12,C14,10,7,dense_candidate,intermediate_candidate,807.3164996735092,TRUE,TRUE,FALSE,1,FALSE,NA,FALSE,all_pairs_combn
C6,N148,16,1,dense_candidate,small_or_isolated_candidate,809.556447639615,FALSE,TRUE,FALSE,1,FALSE,NA,FALSE,all_pairs_combn
C1,N118,20,1,dense_candidate,small_or_isolated_candidate,819.0898789320858,FALSE,TRUE,FALSE,1,FALSE,NA,FALSE,all_pairs_combn
C1,N211,20,1,dense_candidate,small_or_isolated_candidate,821.7868763777823,FALSE,TRUE,FALSE,1,FALSE,NA,FALSE,all_pairs_combn
C10,C5,73,5,dense_candidate,intermediate_candidate,822.4619254349999,TRUE,TRUE,FALSE,1,FALSE,NA,FALSE,all_pairs_combn
C10,N135,73,1,dense_candidate,small_or_isolated_candidate,825.6267897220841,FALSE,TRUE,FALSE,1,FALSE,NA,FALSE,all_pairs_combn
C13,N132,32,1,dense_candidate,small_or_isolated_candidate,831.3140461280924,FALSE,TRUE,FALSE,1,FALSE,NA,FALSE,all_pairs_combn
C11,C7,9,7,dense_candidate,intermediate_candidate,831.6729801896205,TRUE,TRUE,FALSE,1,FALSE,NA,FALSE,all_pairs_combn
C2,N113,15,1,dense_candidate,small_or_isolated_candidate,832.3637933871098,FALSE,TRUE,FALSE,1,FALSE,NA,FALSE,all_pairs_combn
C13,N107,32,1,dense_candidate,small_or_isolated_candidate,833.1590350784147,FALSE,TRUE,FALSE,1,FALSE,NA,FALSE,all_pairs_combn
C1,N117,20,1,dense_candidate,small_or_isolated_candidate,834.397496413739,FALSE,TRUE,FALSE,1,FALSE,NA,FALSE,all_pairs_combn
C12,C7,10,7,dense_candidate,intermediate_candidate,834.912134727601,TRUE,TRUE,FALSE,1,FALSE,NA,FALSE,all_pairs_combn
C1,N133,20,1,dense_candidate,small_or_isolated_candidate,838.035733679643,FALSE,TRUE,FALSE,1,FALSE,NA,FALSE,all_pairs_combn
C2,N34,15,1,dense_candidate,small_or_isolated_candidate,839.2729811393474,FALSE,TRUE,FALSE,1,FALSE,NA,FALSE,all_pairs_combn
C13,N51,32,1,dense_candidate,small_or_isolated_candidate,841.2609105872828,FALSE,TRUE,FALSE,1,FALSE,NA,FALSE,all_pairs_combn
C13,N52,32,1,dense_candidate,small_or_isolated_candidate,842.2424235600442,FALSE,TRUE,FALSE,1,FALSE,NA,FALSE,all_pairs_combn
C10,N69,73,1,dense_candidate,small_or_isolated_candidate,848.6424861005179,FALSE,TRUE,FALSE,1,FALSE,NA,FALSE,all_pairs_combn
C6,N212,16,1,dense_candidate,small_or_isolated_candidate,850.6913044040665,FALSE,TRUE,FALSE,1,FALSE,NA,FALSE,all_pairs_combn
C13,N104,32,1,dense_candidate,small_or_isolated_candidate,856.819017929432,FALSE,TRUE,FALSE,1,FALSE,NA,FALSE,all_pairs_combn
C6,N36,16,1,dense_candidate,small_or_isolated_candidate,857.1311949147586,FALSE,TRUE,FALSE,1,FALSE,NA,FALSE,all_pairs_combn
C6,N157,16,1,dense_candidate,small_or_isolated_candidate,858.2358660789771,FALSE,TRUE,FALSE,1,FALSE,NA,FALSE,all_pairs_combn
C6,N35,16,1,dense_candidate,small_or_isolated_candidate,863.7060646972958,FALSE,TRUE,FALSE,1,FALSE,NA,FALSE,all_pairs_combn
C1,N134,20,1,dense_candidate,small_or_isolated_candidate,864.2690230093802,FALSE,TRUE,FALSE,1,FALSE,NA,FALSE,all_pairs_combn
C13,N30,32,1,dense_candidate,small_or_isolated_candidate,867.369729788979,FALSE,TRUE,FALSE,1,FALSE,NA,FALSE,all_pairs_combn
C13,N96,32,1,dense_candidate,small_or_isolated_candidate,879.0511137059453,FALSE,TRUE,FALSE,1,FALSE,NA,FALSE,all_pairs_combn
C2,N33,15,1,dense_candidate,small_or_isolated_candidate,880.0470644312,FALSE,TRUE,FALSE,1,FALSE,NA,FALSE,all_pairs_combn
C6,N152,16,1,dense_candidate,small_or_isolated_candidate,880.1339812815874,FALSE,TRUE,FALSE,1,FALSE,NA,FALSE,all_pairs_combn
C1,N124,20,1,dense_candidate,small_or_isolated_candidate,880.5009365924665,FALSE,TRUE,FALSE,1,FALSE,NA,FALSE,all_pairs_combn
C6,N153,16,1,dense_candidate,small_or_isolated_candidate,883.0492776567388,FALSE,TRUE,FALSE,1,FALSE,NA,FALSE,all_pairs_combn
C1,C12,20,10,dense_candidate,dense_candidate,884.980944956173,TRUE,TRUE,FALSE,1,FALSE,NA,FALSE,all_pairs_combn
C1,N131,20,1,dense_candidate,small_or_isolated_candidate,889.0378697890144,FALSE,TRUE,FALSE,1,FALSE,NA,FALSE,all_pairs_combn
C14,C6,7,16,intermediate_candidate,dense_candidate,895.1840369945062,TRUE,TRUE,FALSE,1,FALSE,NA,FALSE,all_pairs_combn
C1,N129,20,1,dense_candidate,small_or_isolated_candidate,897.0702244185043,FALSE,TRUE,FALSE,1,FALSE,NA,FALSE,all_pairs_combn
C6,N133,16,1,dense_candidate,small_or_isolated_candidate,900.2065641743048,FALSE,TRUE,FALSE,1,FALSE,NA,FALSE,all_pairs_combn
C13,C8,32,4,dense_candidate,intermediate_candidate,902.1636428905298,TRUE,TRUE,FALSE,1,FALSE,NA,FALSE,all_pairs_combn
C13,N49,32,1,dense_candidate,small_or_isolated_candidate,904.9720696244033,FALSE,TRUE,FALSE,1,FALSE,NA,FALSE,all_pairs_combn
C13,N19,32,1,dense_candidate,small_or_isolated_candidate,905.6164116559421,FALSE,TRUE,FALSE,1,FALSE,NA,FALSE,all_pairs_combn
C1,N125,20,1,dense_candidate,small_or_isolated_candidate,906.1891393255604,FALSE,TRUE,FALSE,1,FALSE,NA,FALSE,all_pairs_combn
C13,N50,32,1,dense_candidate,small_or_isolated_candidate,907.6205165666458,FALSE,TRUE,FALSE,1,FALSE,NA,FALSE,all_pairs_combn
C10,N71,73,1,dense_candidate,small_or_isolated_candidate,912.6136522949452,FALSE,TRUE,FALSE,1,FALSE,NA,FALSE,all_pairs_combn
C6,N305,16,1,dense_candidate,small_or_isolated_candidate,920.0208496174316,FALSE,TRUE,FALSE,1,FALSE,NA,FALSE,all_pairs_combn
C13,N21,32,1,dense_candidate,small_or_isolated_candidate,924.7113044611677,FALSE,TRUE,FALSE,1,FALSE,NA,FALSE,all_pairs_combn
C6,N300,16,1,dense_candidate,small_or_isolated_candidate,931.7382565731596,FALSE,TRUE,FALSE,1,FALSE,NA,FALSE,all_pairs_combn
C2,N135,15,1,dense_candidate,small_or_isolated_candidate,938.3595329271028,FALSE,TRUE,FALSE,1,FALSE,NA,FALSE,all_pairs_combn
C13,N24,32,1,dense_candidate,small_or_isolated_candidate,939.1702297733774,FALSE,TRUE,FALSE,1,FALSE,NA,FALSE,all_pairs_combn
C13,N20,32,1,dense_candidate,small_or_isolated_candidate,942.53835996659,FALSE,TRUE,FALSE,1,FALSE,NA,FALSE,all_pairs_combn
C2,N207,15,1,dense_candidate,small_or_isolated_candidate,942.9129219669101,FALSE,TRUE,FALSE,1,FALSE,NA,FALSE,all_pairs_combn
C6,N304,16,1,dense_candidate,small_or_isolated_candidate,943.5188842488647,FALSE,TRUE,FALSE,1,FALSE,NA,FALSE,all_pairs_combn
C1,C9,20,4,dense_candidate,intermediate_candidate,953.4349200331636,TRUE,TRUE,FALSE,1,FALSE,NA,FALSE,all_pairs_combn
C1,N113,20,1,dense_candidate,small_or_isolated_candidate,959.1478678613629,FALSE,TRUE,FALSE,1,FALSE,NA,FALSE,all_pairs_combn
C10,N182,73,1,dense_candidate,small_or_isolated_candidate,959.6398582370018,FALSE,TRUE,FALSE,1,FALSE,NA,FALSE,all_pairs_combn
C2,N32,15,1,dense_candidate,small_or_isolated_candidate,960.0017652380586,FALSE,TRUE,FALSE,1,FALSE,NA,FALSE,all_pairs_combn
C10,N137,73,1,dense_candidate,small_or_isolated_candidate,963.4983070132517,FALSE,TRUE,FALSE,1,FALSE,NA,FALSE,all_pairs_combn
C10,N207,73,1,dense_candidate,small_or_isolated_candidate,966.5396620809037,FALSE,TRUE,FALSE,1,FALSE,NA,FALSE,all_pairs_combn
C16,C6,4,16,intermediate_candidate,dense_candidate,968.6108650615873,TRUE,TRUE,FALSE,1,FALSE,NA,FALSE,all_pairs_combn
C6,N207,16,1,dense_candidate,small_or_isolated_candidate,979.2156558462688,FALSE,TRUE,FALSE,1,FALSE,NA,FALSE,all_pairs_combn
C13,N92,32,1,dense_candidate,small_or_isolated_candidate,979.6381888723923,FALSE,TRUE,FALSE,1,FALSE,NA,FALSE,all_pairs_combn
C10,N120,73,1,dense_candidate,small_or_isolated_candidate,980.331175706271,FALSE,TRUE,FALSE,1,FALSE,NA,FALSE,all_pairs_combn
C6,N31,16,1,dense_candidate,small_or_isolated_candidate,983.373669007785,FALSE,TRUE,FALSE,1,FALSE,NA,FALSE,all_pairs_combn
C13,N95,32,1,dense_candidate,small_or_isolated_candidate,983.7559855286843,FALSE,TRUE,FALSE,1,FALSE,NA,FALSE,all_pairs_combn
C6,N296,16,1,dense_candidate,small_or_isolated_candidate,986.8998884052577,FALSE,TRUE,FALSE,1,FALSE,NA,FALSE,all_pairs_combn
C13,N10,32,1,dense_candidate,small_or_isolated_candidate,990.3651220312948,FALSE,TRUE,FALSE,1,FALSE,NA,FALSE,all_pairs_combn
C13,N94,32,1,dense_candidate,small_or_isolated_candidate,996.2502564013105,FALSE,TRUE,FALSE,1,FALSE,NA,FALSE,all_pairs_combn
C13,N34,32,1,dense_candidate,small_or_isolated_candidate,996.4348889261216,FALSE,TRUE,FALSE,1,FALSE,NA,FALSE,all_pairs_combn
C13,N32,32,1,dense_candidate,small_or_isolated_candidate,997.9906226204694,FALSE,TRUE,FALSE,1,FALSE,NA,FALSE,all_pairs_combn
C13,N61,32,1,dense_candidate,small_or_isolated_candidate,1003.6379627706199,FALSE,TRUE,FALSE,1,FALSE,NA,FALSE,all_pairs_combn
C13,N62,32,1,dense_candidate,small_or_isolated_candidate,1006.1342147669145,FALSE,TRUE,FALSE,1,FALSE,NA,FALSE,all_pairs_combn
C13,N65,32,1,dense_candidate,small_or_isolated_candidate,1007.4558770780866,FALSE,TRUE,FALSE,1,FALSE,NA,FALSE,all_pairs_combn
C10,N34,73,1,dense_candidate,small_or_isolated_candidate,1012.0627652696368,FALSE,TRUE,FALSE,1,FALSE,NA,FALSE,all_pairs_combn
C13,N22,32,1,dense_candidate,small_or_isolated_candidate,1014.1112978383926,FALSE,TRUE,FALSE,1,FALSE,NA,FALSE,all_pairs_combn
C13,N66,32,1,dense_candidate,small_or_isolated_candidate,1017.2791334624071,FALSE,TRUE,FALSE,1,FALSE,NA,FALSE,all_pairs_combn
C13,N63,32,1,dense_candidate,small_or_isolated_candidate,1018.1254035082627,FALSE,TRUE,FALSE,1,FALSE,NA,FALSE,all_pairs_combn
C6,N132,16,1,dense_candidate,small_or_isolated_candidate,1021.3351061620128,FALSE,TRUE,FALSE,1,FALSE,NA,FALSE,all_pairs_combn
C2,N182,15,1,dense_candidate,small_or_isolated_candidate,1021.956478490792,FALSE,TRUE,FALSE,1,FALSE,NA,FALSE,all_pairs_combn
C10,N114,73,1,dense_candidate,small_or_isolated_candidate,1027.4881246978498,FALSE,TRUE,FALSE,1,FALSE,NA,FALSE,all_pairs_combn
C13,N33,32,1,dense_candidate,small_or_isolated_candidate,1032.0970818298526,FALSE,TRUE,FALSE,1,FALSE,NA,FALSE,all_pairs_combn
C13,C4,32,5,dense_candidate,intermediate_candidate,1046.9038002387074,TRUE,TRUE,FALSE,1,FALSE,NA,FALSE,all_pairs_combn
C2,N120,15,1,dense_candidate,small_or_isolated_candidate,1048.4718292596408,FALSE,TRUE,FALSE,1,FALSE,NA,FALSE,all_pairs_combn
C10,N33,73,1,dense_candidate,small_or_isolated_candidate,1052.7679705337798,FALSE,TRUE,FALSE,1,FALSE,NA,FALSE,all_pairs_combn
C10,N151,73,1,dense_candidate,small_or_isolated_candidate,1053.70388679844,FALSE,TRUE,FALSE,1,FALSE,NA,FALSE,all_pairs_combn
C2,N114,15,1,dense_candidate,small_or_isolated_candidate,1053.8030536391566,FALSE,TRUE,FALSE,1,FALSE,NA,FALSE,all_pairs_combn
C1,N69,20,1,dense_candidate,small_or_isolated_candidate,1056.419924314683,FALSE,TRUE,FALSE,1,FALSE,NA,FALSE,all_pairs_combn
C6,N68,16,1,dense_candidate,small_or_isolated_candidate,1059.7463411805854,FALSE,TRUE,FALSE,1,FALSE,NA,FALSE,all_pairs_combn
C6,C9,16,4,dense_candidate,intermediate_candidate,1060.492161146949,TRUE,TRUE,FALSE,1,FALSE,NA,FALSE,all_pairs_combn
C13,N93,32,1,dense_candidate,small_or_isolated_candidate,1062.3299456112318,FALSE,TRUE,FALSE,1,FALSE,NA,FALSE,all_pairs_combn
C6,N128,16,1,dense_candidate,small_or_isolated_candidate,1069.8641572809943,FALSE,TRUE,FALSE,1,FALSE,NA,FALSE,all_pairs_combn
C1,N34,20,1,dense_candidate,small_or_isolated_candidate,1071.2277886200495,FALSE,TRUE,FALSE,1,FALSE,NA,FALSE,all_pairs_combn
C6,N127,16,1,dense_candidate,small_or_isolated_candidate,1071.3937860141289,FALSE,TRUE,FALSE,1,FALSE,NA,FALSE,all_pairs_combn
C6,N131,16,1,dense_candidate,small_or_isolated_candidate,1079.7337828068137,FALSE,TRUE,FALSE,1,FALSE,NA,FALSE,all_pairs_combn
C10,N206,73,1,dense_candidate,small_or_isolated_candidate,1081.0408641885851,FALSE,TRUE,FALSE,1,FALSE,NA,FALSE,all_pairs_combn
C13,C5,32,5,dense_candidate,intermediate_candidate,1088.3073721005576,TRUE,TRUE,FALSE,1,FALSE,NA,FALSE,all_pairs_combn
C2,N206,15,1,dense_candidate,small_or_isolated_candidate,1104.3582069832669,FALSE,TRUE,FALSE,1,FALSE,NA,FALSE,all_pairs_combn
C2,N137,15,1,dense_candidate,small_or_isolated_candidate,1106.5884894022458,FALSE,TRUE,FALSE,1,FALSE,NA,FALSE,all_pairs_combn
C1,N33,20,1,dense_candidate,small_or_isolated_candidate,1110.5113808582387,FALSE,TRUE,FALSE,1,FALSE,NA,FALSE,all_pairs_combn
C2,N151,15,1,dense_candidate,small_or_isolated_candidate,1114.2586698766252,FALSE,TRUE,FALSE,1,FALSE,NA,FALSE,all_pairs_combn
C10,N32,73,1,dense_candidate,small_or_isolated_candidate,1117.1055796501846,FALSE,TRUE,FALSE,1,FALSE,NA,FALSE,all_pairs_combn
C6,N113,16,1,dense_candidate,small_or_isolated_candidate,1151.3645354738526,FALSE,TRUE,FALSE,1,FALSE,NA,FALSE,all_pairs_combn
C2,N36,15,1,dense_candidate,small_or_isolated_candidate,1164.823402923548,FALSE,TRUE,FALSE,1,FALSE,NA,FALSE,all_pairs_combn
C1,N135,20,1,dense_candidate,small_or_isolated_candidate,1165.6465529752609,FALSE,TRUE,FALSE,1,FALSE,NA,FALSE,all_pairs_combn
C6,N114,16,1,dense_candidate,small_or_isolated_candidate,1170.045411453581,FALSE,TRUE,FALSE,1,FALSE,NA,FALSE,all_pairs_combn
C2,N35,15,1,dense_candidate,small_or_isolated_candidate,1175.593168626991,FALSE,TRUE,FALSE,1,FALSE,NA,FALSE,all_pairs_combn
C6,N135,16,1,dense_candidate,small_or_isolated_candidate,1193.25021074544,FALSE,TRUE,FALSE,1,FALSE,NA,FALSE,all_pairs_combn
C6,N182,16,1,dense_candidate,small_or_isolated_candidate,1198.7590160745488,FALSE,TRUE,FALSE,1,FALSE,NA,FALSE,all_pairs_combn
C6,N206,16,1,dense_candidate,small_or_isolated_candidate,1212.1656142256927,FALSE,TRUE,FALSE,1,FALSE,NA,FALSE,all_pairs_combn
C13,N71,32,1,dense_candidate,small_or_isolated_candidate,1221.020098615602,FALSE,TRUE,FALSE,1,FALSE,NA,FALSE,all_pairs_combn
C6,N120,16,1,dense_candidate,small_or_isolated_candidate,1232.8337848714975,FALSE,TRUE,FALSE,1,FALSE,NA,FALSE,all_pairs_combn
C13,N36,32,1,dense_candidate,small_or_isolated_candidate,1238.04491111066,FALSE,TRUE,FALSE,1,FALSE,NA,FALSE,all_pairs_combn
C1,N32,20,1,dense_candidate,small_or_isolated_candidate,1238.076386491307,FALSE,TRUE,FALSE,1,FALSE,NA,FALSE,all_pairs_combn
C6,N67,16,1,dense_candidate,small_or_isolated_candidate,1241.9101626390727,FALSE,TRUE,FALSE,1,FALSE,NA,FALSE,all_pairs_combn
C13,N35,32,1,dense_candidate,small_or_isolated_candidate,1258.4515553158571,FALSE,TRUE,FALSE,1,FALSE,NA,FALSE,all_pairs_combn
C1,N137,20,1,dense_candidate,small_or_isolated_candidate,1271.8425251808967,FALSE,TRUE,FALSE,1,FALSE,NA,FALSE,all_pairs_combn
C2,N31,15,1,dense_candidate,small_or_isolated_candidate,1274.8710253394452,FALSE,TRUE,FALSE,1,FALSE,NA,FALSE,all_pairs_combn
C6,N151,16,1,dense_candidate,small_or_isolated_candidate,1283.2011635770884,FALSE,TRUE,FALSE,1,FALSE,NA,FALSE,all_pairs_combn
C1,N207,20,1,dense_candidate,small_or_isolated_candidate,1288.1226917701058,FALSE,TRUE,FALSE,1,FALSE,NA,FALSE,all_pairs_combn
C13,N31,32,1,dense_candidate,small_or_isolated_candidate,1297.6081998732298,FALSE,TRUE,FALSE,1,FALSE,NA,FALSE,all_pairs_combn
C1,N182,20,1,dense_candidate,small_or_isolated_candidate,1312.4565985069237,FALSE,TRUE,FALSE,1,FALSE,NA,FALSE,all_pairs_combn
C10,N36,73,1,dense_candidate,small_or_isolated_candidate,1330.4655238291496,FALSE,TRUE,FALSE,1,FALSE,NA,FALSE,all_pairs_combn
C1,N120,20,1,dense_candidate,small_or_isolated_candidate,1333.0012851078534,FALSE,TRUE,FALSE,1,FALSE,NA,FALSE,all_pairs_combn
C10,N35,73,1,dense_candidate,small_or_isolated_candidate,1342.7182707823633,FALSE,TRUE,FALSE,1,FALSE,NA,FALSE,all_pairs_combn
C2,N68,15,1,dense_candidate,small_or_isolated_candidate,1352.3886086798007,FALSE,TRUE,FALSE,1,FALSE,NA,FALSE,all_pairs_combn
C13,N68,32,1,dense_candidate,small_or_isolated_candidate,1370.1757310281905,FALSE,TRUE,FALSE,1,FALSE,NA,FALSE,all_pairs_combn
C1,N114,20,1,dense_candidate,small_or_isolated_candidate,1374.5577286837613,FALSE,TRUE,FALSE,1,FALSE,NA,FALSE,all_pairs_combn
C6,N137,16,1,dense_candidate,small_or_isolated_candidate,1398.4148372033699,FALSE,TRUE,FALSE,1,FALSE,NA,FALSE,all_pairs_combn
C1,N151,20,1,dense_candidate,small_or_isolated_candidate,1406.5162988514346,FALSE,TRUE,FALSE,1,FALSE,NA,FALSE,all_pairs_combn
C1,N36,20,1,dense_candidate,small_or_isolated_candidate,1414.1723217954438,FALSE,TRUE,FALSE,1,FALSE,NA,FALSE,all_pairs_combn
C1,N35,20,1,dense_candidate,small_or_isolated_candidate,1419.5748568080253,FALSE,TRUE,FALSE,1,FALSE,NA,FALSE,all_pairs_combn
C1,N206,20,1,dense_candidate,small_or_isolated_candidate,1427.3083519675426,FALSE,TRUE,FALSE,1,FALSE,NA,FALSE,all_pairs_combn
C10,N31,73,1,dense_candidate,small_or_isolated_candidate,1433.6690592537896,FALSE,TRUE,FALSE,1,FALSE,NA,FALSE,all_pairs_combn
C10,N68,73,1,dense_candidate,small_or_isolated_candidate,1511.0999573794263,FALSE,TRUE,FALSE,1,FALSE,NA,FALSE,all_pairs_combn
C1,N31,20,1,dense_candidate,small_or_isolated_candidate,1541.7482821638769,FALSE,TRUE,FALSE,1,FALSE,NA,FALSE,all_pairs_combn
C2,N67,15,1,dense_candidate,small_or_isolated_candidate,1550.4155236108393,FALSE,TRUE,FALSE,1,FALSE,NA,FALSE,all_pairs_combn
C13,N67,32,1,dense_candidate,small_or_isolated_candidate,1592.5839912387748,FALSE,TRUE,FALSE,1,FALSE,NA,FALSE,all_pairs_combn
C1,N68,20,1,dense_candidate,small_or_isolated_candidate,1618.1308233039704,FALSE,TRUE,FALSE,1,FALSE,NA,FALSE,all_pairs_combn
C10,N67,73,1,dense_candidate,small_or_isolated_candidate,1714.5341818953766,FALSE,TRUE,FALSE,1,FALSE,NA,FALSE,all_pairs_combn
C1,N67,20,1,dense_candidate,small_or_isolated_candidate,1797.5239515793896,FALSE,TRUE,FALSE,1,FALSE,NA,FALSE,all_pairs_combn
C12,C15,10,5,dense_candidate,intermediate_candidate,647.7776008908751,TRUE,TRUE,FALSE,0.9375,FALSE,NA,FALSE,all_pairs_combn
C12,C5,10,5,dense_candidate,intermediate_candidate,1124.9200520358552,TRUE,TRUE,FALSE,0.9375,FALSE,NA,FALSE,all_pairs_combn
C12,C4,10,5,dense_candidate,intermediate_candidate,1129.560994209527,TRUE,TRUE,FALSE,0.9375,FALSE,NA,FALSE,all_pairs_combn
C12,C9,10,4,dense_candidate,intermediate_candidate,491.9102351178569,TRUE,TRUE,FALSE,0.875,FALSE,NA,FALSE,all_pairs_combn
C11,C4,9,5,dense_candidate,intermediate_candidate,545.8982660274173,TRUE,TRUE,FALSE,0.875,FALSE,NA,FALSE,all_pairs_combn
C12,C16,10,4,dense_candidate,intermediate_candidate,712.609217594015,TRUE,TRUE,FALSE,0.875,FALSE,NA,FALSE,all_pairs_combn
C12,C3,10,4,dense_candidate,intermediate_candidate,822.1078014619342,TRUE,TRUE,FALSE,0.875,FALSE,NA,FALSE,all_pairs_combn
C12,C8,10,4,dense_candidate,intermediate_candidate,943.3978095923748,TRUE,TRUE,FALSE,0.875,FALSE,NA,FALSE,all_pairs_combn
C14,C7,7,7,intermediate_candidate,intermediate_candidate,955.0971810281643,TRUE,FALSE,FALSE,0.875,FALSE,NA,FALSE,all_pairs_combn
C11,C5,9,5,dense_candidate,intermediate_candidate,990.9700230121166,TRUE,TRUE,FALSE,0.875,FALSE,NA,FALSE,all_pairs_combn
C11,C9,9,4,dense_candidate,intermediate_candidate,667.4943813189263,TRUE,TRUE,FALSE,0.8125,FALSE,NA,FALSE,all_pairs_combn
C11,C3,9,4,dense_candidate,intermediate_candidate,669.6256944351647,TRUE,TRUE,FALSE,0.8125,FALSE,NA,FALSE,all_pairs_combn
C11,C8,9,4,dense_candidate,intermediate_candidate,823.0456311493467,TRUE,TRUE,FALSE,0.8125,FALSE,NA,FALSE,all_pairs_combn
C14,C15,7,5,intermediate_candidate,intermediate_candidate,223.50123370420593,TRUE,FALSE,TRUE,0.75,FALSE,NA,FALSE,all_pairs_combn
C5,C7,5,7,intermediate_candidate,intermediate_candidate,293.2545624816613,TRUE,FALSE,TRUE,0.75,FALSE,NA,FALSE,all_pairs_combn
C14,C4,7,5,intermediate_candidate,intermediate_candidate,652.3697120322797,TRUE,FALSE,FALSE,0.75,FALSE,NA,FALSE,all_pairs_combn
C4,C7,5,7,intermediate_candidate,intermediate_candidate,676.5381183759607,TRUE,FALSE,FALSE,0.75,FALSE,NA,FALSE,all_pairs_combn
C15,C7,5,7,intermediate_candidate,intermediate_candidate,744.5503027114867,TRUE,FALSE,FALSE,0.75,FALSE,NA,FALSE,all_pairs_combn
C14,C5,7,5,intermediate_candidate,intermediate_candidate,1119.0914477892893,TRUE,FALSE,FALSE,0.75,FALSE,NA,FALSE,all_pairs_combn
C12,N129,10,1,dense_candidate,small_or_isolated_candidate,116.79464854418678,FALSE,TRUE,TRUE,0.6875,FALSE,NA,FALSE,all_pairs_combn
C7,C8,7,4,intermediate_candidate,intermediate_candidate,141.68157658323793,TRUE,FALSE,TRUE,0.6875,FALSE,NA,FALSE,all_pairs_combn
C12,N125,10,1,dense_candidate,small_or_isolated_candidate,144.40399090803362,FALSE,TRUE,TRUE,0.6875,FALSE,NA,FALSE,all_pairs_combn
C12,N134,10,1,dense_candidate,small_or_isolated_candidate,150.84620801096565,FALSE,TRUE,TRUE,0.6875,FALSE,NA,FALSE,all_pairs_combn
C12,N124,10,1,dense_candidate,small_or_isolated_candidate,152.8474490094476,FALSE,TRUE,TRUE,0.6875,FALSE,NA,FALSE,all_pairs_combn
C12,N119,10,1,dense_candidate,small_or_isolated_candidate,166.4222360005167,FALSE,TRUE,TRUE,0.6875,FALSE,NA,FALSE,all_pairs_combn
C12,N117,10,1,dense_candidate,small_or_isolated_candidate,167.74207643122196,FALSE,TRUE,TRUE,0.6875,FALSE,NA,FALSE,all_pairs_combn
C12,N118,10,1,dense_candidate,small_or_isolated_candidate,181.47596695979425,FALSE,TRUE,TRUE,0.6875,FALSE,NA,FALSE,all_pairs_combn
C3,C7,4,7,intermediate_candidate,intermediate_candidate,182.57377164533395,TRUE,FALSE,TRUE,0.6875,FALSE,NA,FALSE,all_pairs_combn
C12,N126,10,1,dense_candidate,small_or_isolated_candidate,190.693953140992,FALSE,TRUE,TRUE,0.6875,FALSE,NA,FALSE,all_pairs_combn
C14,C16,7,4,intermediate_candidate,intermediate_candidate,203.49420913893923,TRUE,FALSE,TRUE,0.6875,FALSE,NA,FALSE,all_pairs_combn
C12,N143,10,1,dense_candidate,small_or_isolated_candidate,209.045273581972,FALSE,TRUE,TRUE,0.6875,FALSE,NA,FALSE,all_pairs_combn
C12,N144,10,1,dense_candidate,small_or_isolated_candidate,212.75590807516298,FALSE,TRUE,TRUE,0.6875,FALSE,NA,FALSE,all_pairs_combn
C12,N292,10,1,dense_candidate,small_or_isolated_candidate,239.83166224228754,FALSE,TRUE,TRUE,0.6875,FALSE,NA,FALSE,all_pairs_combn
C12,N211,10,1,dense_candidate,small_or_isolated_candidate,258.768504483615,FALSE,TRUE,TRUE,0.6875,FALSE,NA,FALSE,all_pairs_combn
C12,N149,10,1,dense_candidate,small_or_isolated_candidate,264.33369237037476,FALSE,TRUE,TRUE,0.6875,FALSE,NA,FALSE,all_pairs_combn
C12,N138,10,1,dense_candidate,small_or_isolated_candidate,273.7120280304916,FALSE,TRUE,TRUE,0.6875,FALSE,NA,FALSE,all_pairs_combn
C12,N147,10,1,dense_candidate,small_or_isolated_candidate,288.8535390783957,FALSE,TRUE,TRUE,0.6875,FALSE,NA,FALSE,all_pairs_combn
C12,N148,10,1,dense_candidate,small_or_isolated_candidate,313.54425464650507,FALSE,TRUE,TRUE,0.6875,FALSE,NA,FALSE,all_pairs_combn
C12,N212,10,1,dense_candidate,small_or_isolated_candidate,320.8665608056018,FALSE,TRUE,FALSE,0.6875,FALSE,NA,FALSE,all_pairs_combn
C12,N146,10,1,dense_candidate,small_or_isolated_candidate,326.15663550582013,FALSE,TRUE,FALSE,0.6875,FALSE,NA,FALSE,all_pairs_combn
C12,N133,10,1,dense_candidate,small_or_isolated_candidate,351.86709982107595,FALSE,TRUE,FALSE,0.6875,FALSE,NA,FALSE,all_pairs_combn
C12,N136,10,1,dense_candidate,small_or_isolated_candidate,360.5394487494858,FALSE,TRUE,FALSE,0.6875,FALSE,NA,FALSE,all_pairs_combn
C12,N142,10,1,dense_candidate,small_or_isolated_candidate,380.95699916812663,FALSE,TRUE,FALSE,0.6875,FALSE,NA,FALSE,all_pairs_combn
C12,N157,10,1,dense_candidate,small_or_isolated_candidate,399.04667775507596,FALSE,TRUE,FALSE,0.6875,FALSE,NA,FALSE,all_pairs_combn
C12,N122,10,1,dense_candidate,small_or_isolated_candidate,405.42648698760144,FALSE,TRUE,FALSE,0.6875,FALSE,NA,FALSE,all_pairs_combn
C12,N121,10,1,dense_candidate,small_or_isolated_candidate,405.9285563028125,FALSE,TRUE,FALSE,0.6875,FALSE,NA,FALSE,all_pairs_combn
C12,N123,10,1,dense_candidate,small_or_isolated_candidate,407.9559139985141,FALSE,TRUE,FALSE,0.6875,FALSE,NA,FALSE,all_pairs_combn
C12,N150,10,1,dense_candidate,small_or_isolated_candidate,412.6867163378564,FALSE,TRUE,FALSE,0.6875,FALSE,NA,FALSE,all_pairs_combn
C12,N152,10,1,dense_candidate,small_or_isolated_candidate,421.5965104763784,FALSE,TRUE,FALSE,0.6875,FALSE,NA,FALSE,all_pairs_combn
C12,N153,10,1,dense_candidate,small_or_isolated_candidate,425.19955121501494,FALSE,TRUE,FALSE,0.6875,FALSE,NA,FALSE,all_pairs_combn
C12,N207,10,1,dense_candidate,small_or_isolated_candidate,435.039464285995,FALSE,TRUE,FALSE,0.6875,FALSE,NA,FALSE,all_pairs_combn
C12,N259,10,1,dense_candidate,small_or_isolated_candidate,454.01455630069864,FALSE,TRUE,FALSE,0.6875,FALSE,NA,FALSE,all_pairs_combn
C12,N182,10,1,dense_candidate,small_or_isolated_candidate,482.22519065645747,FALSE,TRUE,FALSE,0.6875,FALSE,NA,FALSE,all_pairs_combn
C12,N114,10,1,dense_candidate,small_or_isolated_candidate,493.21553114333426,FALSE,TRUE,FALSE,0.6875,FALSE,NA,FALSE,all_pairs_combn
C12,N141,10,1,dense_candidate,small_or_isolated_candidate,498.1117184103354,FALSE,TRUE,FALSE,0.6875,FALSE,NA,FALSE,all_pairs_combn
C12,N140,10,1,dense_candidate,small_or_isolated_candidate,501.68581010864847,FALSE,TRUE,FALSE,0.6875,FALSE,NA,FALSE,all_pairs_combn
C12,N120,10,1,dense_candidate,small_or_isolated_candidate,515.4035173773057,FALSE,TRUE,FALSE,0.6875,FALSE,NA,FALSE,all_pairs_combn
C12,N135,10,1,dense_candidate,small_or_isolated_candidate,521.7789690194392,FALSE,TRUE,FALSE,0.6875,FALSE,NA,FALSE,all_pairs_combn
C12,N206,10,1,dense_candidate,small_or_isolated_candidate,544.4356270258558,FALSE,TRUE,FALSE,0.6875,FALSE,NA,FALSE,all_pairs_combn
C12,N48,10,1,dense_candidate,small_or_isolated_candidate,555.1861460326317,FALSE,TRUE,FALSE,0.6875,FALSE,NA,FALSE,all_pairs_combn
C12,N294,10,1,dense_candidate,small_or_isolated_candidate,566.3723728495363,FALSE,TRUE,FALSE,0.6875,FALSE,NA,FALSE,all_pairs_combn
C12,N151,10,1,dense_candidate,small_or_isolated_candidate,569.3686807734537,FALSE,TRUE,FALSE,0.6875,FALSE,NA,FALSE,all_pairs_combn
C12,N69,10,1,dense_candidate,small_or_isolated_candidate,586.0036350652589,FALSE,TRUE,FALSE,0.6875,FALSE,NA,FALSE,all_pairs_combn
C12,N131,10,1,dense_candidate,small_or_isolated_candidate,601.089955604019,FALSE,TRUE,FALSE,0.6875,FALSE,NA,FALSE,all_pairs_combn
C12,N145,10,1,dense_candidate,small_or_isolated_candidate,616.2351405817849,FALSE,TRUE,FALSE,0.6875,FALSE,NA,FALSE,all_pairs_combn
C14,C9,7,4,intermediate_candidate,intermediate_candidate,617.0430696759653,TRUE,FALSE,FALSE,0.6875,FALSE,NA,FALSE,all_pairs_combn
C12,N111,10,1,dense_candidate,small_or_isolated_candidate,619.2731314301291,FALSE,TRUE,FALSE,0.6875,FALSE,NA,FALSE,all_pairs_combn
C12,N112,10,1,dense_candidate,small_or_isolated_candidate,621.1269786727372,FALSE,TRUE,FALSE,0.6875,FALSE,NA,FALSE,all_pairs_combn
C12,N110,10,1,dense_candidate,small_or_isolated_candidate,639.4340089224634,FALSE,TRUE,FALSE,0.6875,FALSE,NA,FALSE,all_pairs_combn
C12,N113,10,1,dense_candidate,small_or_isolated_candidate,649.0037460219323,FALSE,TRUE,FALSE,0.6875,FALSE,NA,FALSE,all_pairs_combn
C12,N296,10,1,dense_candidate,small_or_isolated_candidate,649.7024386671641,FALSE,TRUE,FALSE,0.6875,FALSE,NA,FALSE,all_pairs_combn
C12,N308,10,1,dense_candidate,small_or_isolated_candidate,649.9575075913316,FALSE,TRUE,FALSE,0.6875,FALSE,NA,FALSE,all_pairs_combn
C12,N307,10,1,dense_candidate,small_or_isolated_candidate,657.5750541218262,FALSE,TRUE,FALSE,0.6875,FALSE,NA,FALSE,all_pairs_combn
C12,N300,10,1,dense_candidate,small_or_isolated_candidate,749.2002803301742,FALSE,TRUE,FALSE,0.6875,FALSE,NA,FALSE,all_pairs_combn
C12,N304,10,1,dense_candidate,small_or_isolated_candidate,770.6446982440464,FALSE,TRUE,FALSE,0.6875,FALSE,NA,FALSE,all_pairs_combn
C12,N305,10,1,dense_candidate,small_or_isolated_candidate,773.9702104181971,FALSE,TRUE,FALSE,0.6875,FALSE,NA,FALSE,all_pairs_combn
C12,N137,10,1,dense_candidate,small_or_isolated_candidate,776.3739980676071,FALSE,TRUE,FALSE,0.6875,FALSE,NA,FALSE,all_pairs_combn
C12,N18,10,1,dense_candidate,small_or_isolated_candidate,779.0415885117189,FALSE,TRUE,FALSE,0.6875,FALSE,NA,FALSE,all_pairs_combn
C12,N17,10,1,dense_candidate,small_or_isolated_candidate,786.1289489140377,FALSE,TRUE,FALSE,0.6875,FALSE,NA,FALSE,all_pairs_combn
C14,C3,7,4,intermediate_candidate,intermediate_candidate,796.0401125111014,TRUE,FALSE,FALSE,0.6875,FALSE,NA,FALSE,all_pairs_combn
C12,N11,10,1,dense_candidate,small_or_isolated_candidate,836.0216630599475,FALSE,TRUE,FALSE,0.6875,FALSE,NA,FALSE,all_pairs_combn
C12,N107,10,1,dense_candidate,small_or_isolated_candidate,871.80510212946,FALSE,TRUE,FALSE,0.6875,FALSE,NA,FALSE,all_pairs_combn
C12,N128,10,1,dense_candidate,small_or_isolated_candidate,887.5361336874737,FALSE,TRUE,FALSE,0.6875,FALSE,NA,FALSE,all_pairs_combn
C12,N127,10,1,dense_candidate,small_or_isolated_candidate,890.2824348170308,FALSE,TRUE,FALSE,0.6875,FALSE,NA,FALSE,all_pairs_combn
C12,N104,10,1,dense_candidate,small_or_isolated_candidate,892.3631611402689,FALSE,TRUE,FALSE,0.6875,FALSE,NA,FALSE,all_pairs_combn
C12,N96,10,1,dense_candidate,small_or_isolated_candidate,911.883902279601,FALSE,TRUE,FALSE,0.6875,FALSE,NA,FALSE,all_pairs_combn
C12,N51,10,1,dense_candidate,small_or_isolated_candidate,912.925141029915,FALSE,TRUE,FALSE,0.6875,FALSE,NA,FALSE,all_pairs_combn
C12,N52,10,1,dense_candidate,small_or_isolated_candidate,913.9158518744744,FALSE,TRUE,FALSE,0.6875,FALSE,NA,FALSE,all_pairs_combn
C12,N132,10,1,dense_candidate,small_or_isolated_candidate,929.5830514255935,FALSE,TRUE,FALSE,0.6875,FALSE,NA,FALSE,all_pairs_combn
C12,N30,10,1,dense_candidate,small_or_isolated_candidate,946.3055794269859,FALSE,TRUE,FALSE,0.6875,FALSE,NA,FALSE,all_pairs_combn
C14,C8,7,4,intermediate_candidate,intermediate_candidate,950.3774223173154,TRUE,FALSE,FALSE,0.6875,FALSE,NA,FALSE,all_pairs_combn
C12,N32,10,1,dense_candidate,small_or_isolated_candidate,952.7577073243629,FALSE,TRUE,FALSE,0.6875,FALSE,NA,FALSE,all_pairs_combn
C12,N34,10,1,dense_candidate,small_or_isolated_candidate,974.2437701333924,FALSE,TRUE,FALSE,0.6875,FALSE,NA,FALSE,all_pairs_combn
C12,N49,10,1,dense_candidate,small_or_isolated_candidate,975.9976449282793,FALSE,TRUE,FALSE,0.6875,FALSE,NA,FALSE,all_pairs_combn
C12,N50,10,1,dense_candidate,small_or_isolated_candidate,978.5343385872718,FALSE,TRUE,FALSE,0.6875,FALSE,NA,FALSE,all_pairs_combn
C12,N19,10,1,dense_candidate,small_or_isolated_candidate,991.7111234503703,FALSE,TRUE,FALSE,0.6875,FALSE,NA,FALSE,all_pairs_combn
C12,N21,10,1,dense_candidate,small_or_isolated_candidate,999.471364900614,FALSE,TRUE,FALSE,0.6875,FALSE,NA,FALSE,all_pairs_combn
C12,N33,10,1,dense_candidate,small_or_isolated_candidate,1007.8470493148408,FALSE,TRUE,FALSE,0.6875,FALSE,NA,FALSE,all_pairs_combn
C12,N20,10,1,dense_candidate,small_or_isolated_candidate,1016.6234374108308,FALSE,TRUE,FALSE,0.6875,FALSE,NA,FALSE,all_pairs_combn
C12,N92,10,1,dense_candidate,small_or_isolated_candidate,1017.9582116169706,FALSE,TRUE,FALSE,0.6875,FALSE,NA,FALSE,all_pairs_combn
C12,N95,10,1,dense_candidate,small_or_isolated_candidate,1019.3183455266643,FALSE,TRUE,FALSE,0.6875,FALSE,NA,FALSE,all_pairs_combn
C12,N24,10,1,dense_candidate,small_or_isolated_candidate,1027.6285547821867,FALSE,TRUE,FALSE,0.6875,FALSE,NA,FALSE,all_pairs_combn
C12,N94,10,1,dense_candidate,small_or_isolated_candidate,1032.360765554048,FALSE,TRUE,FALSE,0.6875,FALSE,NA,FALSE,all_pairs_combn
C16,C7,4,7,intermediate_candidate,intermediate_candidate,1046.8009179034464,TRUE,FALSE,FALSE,0.6875,FALSE,NA,FALSE,all_pairs_combn
C12,N62,10,1,dense_candidate,small_or_isolated_candidate,1072.1939276758087,FALSE,TRUE,FALSE,0.6875,FALSE,NA,FALSE,all_pairs_combn
C12,N61,10,1,dense_candidate,small_or_isolated_candidate,1074.7312076070239,FALSE,TRUE,FALSE,0.6875,FALSE,NA,FALSE,all_pairs_combn
C12,N10,10,1,dense_candidate,small_or_isolated_candidate,1077.087645849904,FALSE,TRUE,FALSE,0.6875,FALSE,NA,FALSE,all_pairs_combn
C12,N65,10,1,dense_candidate,small_or_isolated_candidate,1080.6875497309427,FALSE,TRUE,FALSE,0.6875,FALSE,NA,FALSE,all_pairs_combn
C12,N66,10,1,dense_candidate,small_or_isolated_candidate,1084.0607751342495,FALSE,TRUE,FALSE,0.6875,FALSE,NA,FALSE,all_pairs_combn
C12,N63,10,1,dense_candidate,small_or_isolated_candidate,1084.8682214319044,FALSE,TRUE,FALSE,0.6875,FALSE,NA,FALSE,all_pairs_combn
C12,N22,10,1,dense_candidate,small_or_isolated_candidate,1098.8627392347,FALSE,TRUE,FALSE,0.6875,FALSE,NA,FALSE,all_pairs_combn
C12,N93,10,1,dense_candidate,small_or_isolated_candidate,1103.5757143633243,FALSE,TRUE,FALSE,0.6875,FALSE,NA,FALSE,all_pairs_combn
C7,C9,7,4,intermediate_candidate,intermediate_candidate,1166.4087200058764,TRUE,FALSE,FALSE,0.6875,FALSE,NA,FALSE,all_pairs_combn
C12,N36,10,1,dense_candidate,small_or_isolated_candidate,1194.0551619990792,FALSE,TRUE,FALSE,0.6875,FALSE,NA,FALSE,all_pairs_combn
C12,N35,10,1,dense_candidate,small_or_isolated_candidate,1215.8864646391014,FALSE,TRUE,FALSE,0.6875,FALSE,NA,FALSE,all_pairs_combn
C12,N31,10,1,dense_candidate,small_or_isolated_candidate,1243.590754209961,FALSE,TRUE,FALSE,0.6875,FALSE,NA,FALSE,all_pairs_combn
C12,N71,10,1,dense_candidate,small_or_isolated_candidate,1264.8533365350536,FALSE,TRUE,FALSE,0.6875,FALSE,NA,FALSE,all_pairs_combn
C12,N68,10,1,dense_candidate,small_or_isolated_candidate,1314.2957326128687,FALSE,TRUE,FALSE,0.6875,FALSE,NA,FALSE,all_pairs_combn
C12,N67,10,1,dense_candidate,small_or_isolated_candidate,1538.396490586961,FALSE,TRUE,FALSE,0.6875,FALSE,NA,FALSE,all_pairs_combn
C11,N308,9,1,dense_candidate,small_or_isolated_candidate,142.13533473880028,FALSE,TRUE,TRUE,0.625,FALSE,NA,FALSE,all_pairs_combn
C11,N307,9,1,dense_candidate,small_or_isolated_candidate,155.77664907562433,FALSE,TRUE,TRUE,0.625,FALSE,NA,FALSE,all_pairs_combn
C11,N145,9,1,dense_candidate,small_or_isolated_candidate,159.82970641455387,FALSE,TRUE,TRUE,0.625,FALSE,NA,FALSE,all_pairs_combn
C11,N305,9,1,dense_candidate,small_or_isolated_candidate,180.78144368382684,FALSE,TRUE,TRUE,0.625,FALSE,NA,FALSE,all_pairs_combn
C11,N294,9,1,dense_candidate,small_or_isolated_candidate,207.61836281158037,FALSE,TRUE,TRUE,0.625,FALSE,NA,FALSE,all_pairs_combn
C11,N304,9,1,dense_candidate,small_or_isolated_candidate,214.32062455686125,FALSE,TRUE,TRUE,0.625,FALSE,NA,FALSE,all_pairs_combn
C11,N300,9,1,dense_candidate,small_or_isolated_candidate,215.84288588966217,FALSE,TRUE,TRUE,0.625,FALSE,NA,FALSE,all_pairs_combn
C11,N132,9,1,dense_candidate,small_or_isolated_candidate,244.720018192976,FALSE,TRUE,TRUE,0.625,FALSE,NA,FALSE,all_pairs_combn
C11,N140,9,1,dense_candidate,small_or_isolated_candidate,271.96103168483694,FALSE,TRUE,TRUE,0.625,FALSE,NA,FALSE,all_pairs_combn
C11,N141,9,1,dense_candidate,small_or_isolated_candidate,275.5771720102123,FALSE,TRUE,TRUE,0.625,FALSE,NA,FALSE,all_pairs_combn
C11,N128,9,1,dense_candidate,small_or_isolated_candidate,312.48574205411046,FALSE,TRUE,TRUE,0.625,FALSE,NA,FALSE,all_pairs_combn
C11,N127,9,1,dense_candidate,small_or_isolated_candidate,313.245954073715,FALSE,TRUE,TRUE,0.625,FALSE,NA,FALSE,all_pairs_combn
C11,N18,9,1,dense_candidate,small_or_isolated_candidate,330.1023305578015,FALSE,TRUE,FALSE,0.625,FALSE,NA,FALSE,all_pairs_combn
C11,N17,9,1,dense_candidate,small_or_isolated_candidate,337.2963010208544,FALSE,TRUE,FALSE,0.625,FALSE,NA,FALSE,all_pairs_combn
C11,N11,9,1,dense_candidate,small_or_isolated_candidate,352.72016525295237,FALSE,TRUE,FALSE,0.625,FALSE,NA,FALSE,all_pairs_combn
C11,N296,9,1,dense_candidate,small_or_isolated_candidate,383.066851988424,FALSE,TRUE,FALSE,0.625,FALSE,NA,FALSE,all_pairs_combn
C11,N24,9,1,dense_candidate,small_or_isolated_candidate,388.77045889423687,FALSE,TRUE,FALSE,0.625,FALSE,NA,FALSE,all_pairs_combn
C11,N19,9,1,dense_candidate,small_or_isolated_candidate,395.72881016642054,FALSE,TRUE,FALSE,0.625,FALSE,NA,FALSE,all_pairs_combn
C11,N142,9,1,dense_candidate,small_or_isolated_candidate,411.2133376834895,FALSE,TRUE,FALSE,0.625,FALSE,NA,FALSE,all_pairs_combn
C11,N259,9,1,dense_candidate,small_or_isolated_candidate,438.314349560789,FALSE,TRUE,FALSE,0.625,FALSE,NA,FALSE,all_pairs_combn
C11,N146,9,1,dense_candidate,small_or_isolated_candidate,447.70226401955017,FALSE,TRUE,FALSE,0.625,FALSE,NA,FALSE,all_pairs_combn
C11,N10,9,1,dense_candidate,small_or_isolated_candidate,451.8302586868067,FALSE,TRUE,FALSE,0.625,FALSE,NA,FALSE,all_pairs_combn
C11,N30,9,1,dense_candidate,small_or_isolated_candidate,460.30453677259396,FALSE,TRUE,FALSE,0.625,FALSE,NA,FALSE,all_pairs_combn
C11,N150,9,1,dense_candidate,small_or_isolated_candidate,485.06254938487575,FALSE,TRUE,FALSE,0.625,FALSE,NA,FALSE,all_pairs_combn
C11,N153,9,1,dense_candidate,small_or_isolated_candidate,492.09583489248905,FALSE,TRUE,FALSE,0.625,FALSE,NA,FALSE,all_pairs_combn
C11,N152,9,1,dense_candidate,small_or_isolated_candidate,492.7423697412889,FALSE,TRUE,FALSE,0.625,FALSE,NA,FALSE,all_pairs_combn
C11,N157,9,1,dense_candidate,small_or_isolated_candidate,493.47237028067616,FALSE,TRUE,FALSE,0.625,FALSE,NA,FALSE,all_pairs_combn
C11,N136,9,1,dense_candidate,small_or_isolated_candidate,494.4220983780695,FALSE,TRUE,FALSE,0.625,FALSE,NA,FALSE,all_pairs_combn
C11,N22,9,1,dense_candidate,small_or_isolated_candidate,495.0465209547215,FALSE,TRUE,FALSE,0.625,FALSE,NA,FALSE,all_pairs_combn
C11,N149,9,1,dense_candidate,small_or_isolated_candidate,509.3243158775086,FALSE,TRUE,FALSE,0.625,FALSE,NA,FALSE,all_pairs_combn
C11,N147,9,1,dense_candidate,small_or_isolated_candidate,511.0007293910288,FALSE,TRUE,FALSE,0.625,FALSE,NA,FALSE,all_pairs_combn
C11,N51,9,1,dense_candidate,small_or_isolated_candidate,524.8733790535039,FALSE,TRUE,FALSE,0.625,FALSE,NA,FALSE,all_pairs_combn
C11,N52,9,1,dense_candidate,small_or_isolated_candidate,525.3342616152472,FALSE,TRUE,FALSE,0.625,FALSE,NA,FALSE,all_pairs_combn
C11,N148,9,1,dense_candidate,small_or_isolated_candidate,537.2935995548112,FALSE,TRUE,FALSE,0.625,FALSE,NA,FALSE,all_pairs_combn
C11,N48,9,1,dense_candidate,small_or_isolated_candidate,540.8568327128952,FALSE,TRUE,FALSE,0.625,FALSE,NA,FALSE,all_pairs_combn
C11,N121,9,1,dense_candidate,small_or_isolated_candidate,543.5621409596016,FALSE,TRUE,FALSE,0.625,FALSE,NA,FALSE,all_pairs_combn
C11,N21,9,1,dense_candidate,small_or_isolated_candidate,543.7526862308126,FALSE,TRUE,FALSE,0.625,FALSE,NA,FALSE,all_pairs_combn
C11,N123,9,1,dense_candidate,small_or_isolated_candidate,545.0518557162383,FALSE,TRUE,FALSE,0.625,FALSE,NA,FALSE,all_pairs_combn
C11,N122,9,1,dense_candidate,small_or_isolated_candidate,547.0894508039353,FALSE,TRUE,FALSE,0.625,FALSE,NA,FALSE,all_pairs_combn
C11,N292,9,1,dense_candidate,small_or_isolated_candidate,557.3043977127475,FALSE,TRUE,FALSE,0.625,FALSE,NA,FALSE,all_pairs_combn
C11,N20,9,1,dense_candidate,small_or_isolated_candidate,562.9633937640651,FALSE,TRUE,FALSE,0.625,FALSE,NA,FALSE,all_pairs_combn
C11,N144,9,1,dense_candidate,small_or_isolated_candidate,564.1514314232787,FALSE,TRUE,FALSE,0.625,FALSE,NA,FALSE,all_pairs_combn
C11,N143,9,1,dense_candidate,small_or_isolated_candidate,565.324530063504,FALSE,TRUE,FALSE,0.625,FALSE,NA,FALSE,all_pairs_combn
C11,N212,9,1,dense_candidate,small_or_isolated_candidate,569.815916835151,FALSE,TRUE,FALSE,0.625,FALSE,NA,FALSE,all_pairs_combn
C11,N49,9,1,dense_candidate,small_or_isolated_candidate,569.8903705255075,FALSE,TRUE,FALSE,0.625,FALSE,NA,FALSE,all_pairs_combn
C11,N131,9,1,dense_candidate,small_or_isolated_candidate,570.191317905052,FALSE,TRUE,FALSE,0.625,FALSE,NA,FALSE,all_pairs_combn
C11,N50,9,1,dense_candidate,small_or_isolated_candidate,572.7227199825162,FALSE,TRUE,FALSE,0.625,FALSE,NA,FALSE,all_pairs_combn
C15,C4,5,5,intermediate_candidate,intermediate_candidate,583.017212507367,TRUE,FALSE,FALSE,0.625,FALSE,NA,FALSE,all_pairs_combn
C11,N133,9,1,dense_candidate,small_or_isolated_candidate,593.7534139075427,FALSE,TRUE,FALSE,0.625,FALSE,NA,FALSE,all_pairs_combn
C11,N65,9,1,dense_candidate,small_or_isolated_candidate,617.9200361112888,FALSE,TRUE,FALSE,0.625,FALSE,NA,FALSE,all_pairs_combn
C11,N113,9,1,dense_candidate,small_or_isolated_candidate,634.3929002884452,FALSE,TRUE,FALSE,0.625,FALSE,NA,FALSE,all_pairs_combn
C11,N61,9,1,dense_candidate,small_or_isolated_candidate,636.8207475896675,FALSE,TRUE,FALSE,0.625,FALSE,NA,FALSE,all_pairs_combn
C11,N119,9,1,dense_candidate,small_or_isolated_candidate,655.7897851579401,FALSE,TRUE,FALSE,0.625,FALSE,NA,FALSE,all_pairs_combn
C4,C5,5,5,intermediate_candidate,intermediate_candidate,658.679425793184,TRUE,FALSE,FALSE,0.625,FALSE,NA,FALSE,all_pairs_combn
C11,N62,9,1,dense_candidate,small_or_isolated_candidate,687.5159069382775,FALSE,TRUE,FALSE,0.625,FALSE,NA,FALSE,all_pairs_combn
C11,N66,9,1,dense_candidate,small_or_isolated_candidate,688.757154796482,FALSE,TRUE,FALSE,0.625,FALSE,NA,FALSE,all_pairs_combn
C11,N63,9,1,dense_candidate,small_or_isolated_candidate,689.7423636859942,FALSE,TRUE,FALSE,0.625,FALSE,NA,FALSE,all_pairs_combn
C11,N138,9,1,dense_candidate,small_or_isolated_candidate,711.6112377435605,FALSE,TRUE,FALSE,0.625,FALSE,NA,FALSE,all_pairs_combn
C11,N110,9,1,dense_candidate,small_or_isolated_candidate,715.8262921765307,FALSE,TRUE,FALSE,0.625,FALSE,NA,FALSE,all_pairs_combn
C11,N126,9,1,dense_candidate,small_or_isolated_candidate,723.4854961891002,FALSE,TRUE,FALSE,0.625,FALSE,NA,FALSE,all_pairs_combn
C11,N118,9,1,dense_candidate,small_or_isolated_candidate,784.4546068535532,FALSE,TRUE,FALSE,0.625,FALSE,NA,FALSE,all_pairs_combn
C11,N112,9,1,dense_candidate,small_or_isolated_candidate,789.4376719040239,FALSE,TRUE,FALSE,0.625,FALSE,NA,FALSE,all_pairs_combn
C11,N111,9,1,dense_candidate,small_or_isolated_candidate,791.2013387295119,FALSE,TRUE,FALSE,0.625,FALSE,NA,FALSE,all_pairs_combn
C11,N117,9,1,dense_candidate,small_or_isolated_candidate,793.8531082663391,FALSE,TRUE,FALSE,0.625,FALSE,NA,FALSE,all_pairs_combn
C11,N107,9,1,dense_candidate,small_or_isolated_candidate,797.5439035993446,FALSE,TRUE,FALSE,0.625,FALSE,NA,FALSE,all_pairs_combn
C11,N134,9,1,dense_candidate,small_or_isolated_candidate,815.5585619308113,FALSE,TRUE,FALSE,0.625,FALSE,NA,FALSE,all_pairs_combn
C11,N211,9,1,dense_candidate,small_or_isolated_candidate,820.7056449847089,FALSE,TRUE,FALSE,0.625,FALSE,NA,FALSE,all_pairs_combn
C11,N129,9,1,dense_candidate,small_or_isolated_candidate,831.1282256543034,FALSE,TRUE,FALSE,0.625,FALSE,NA,FALSE,all_pairs_combn
C11,N124,9,1,dense_candidate,small_or_isolated_candidate,831.1787547128027,FALSE,TRUE,FALSE,0.625,FALSE,NA,FALSE,all_pairs_combn
C11,N104,9,1,dense_candidate,small_or_isolated_candidate,834.161081203456,FALSE,TRUE,FALSE,0.625,FALSE,NA,FALSE,all_pairs_combn
C11,N125,9,1,dense_candidate,small_or_isolated_candidate,849.9011141475971,FALSE,TRUE,FALSE,0.625,FALSE,NA,FALSE,all_pairs_combn
C11,N96,9,1,dense_candidate,small_or_isolated_candidate,867.3782820319207,FALSE,TRUE,FALSE,0.625,FALSE,NA,FALSE,all_pairs_combn
C11,N92,9,1,dense_candidate,small_or_isolated_candidate,897.8167765710934,FALSE,TRUE,FALSE,0.625,FALSE,NA,FALSE,all_pairs_combn
C11,N135,9,1,dense_candidate,small_or_isolated_candidate,899.1823707992716,FALSE,TRUE,FALSE,0.625,FALSE,NA,FALSE,all_pairs_combn
C11,N95,9,1,dense_candidate,small_or_isolated_candidate,920.7460298787815,FALSE,TRUE,FALSE,0.625,FALSE,NA,FALSE,all_pairs_combn
C11,N94,9,1,dense_candidate,small_or_isolated_candidate,925.8311180138639,FALSE,TRUE,FALSE,0.625,FALSE,NA,FALSE,all_pairs_combn
C15,C5,5,5,intermediate_candidate,intermediate_candidate,933.9533463189267,TRUE,FALSE,FALSE,0.625,FALSE,NA,FALSE,all_pairs_combn
C11,N93,9,1,dense_candidate,small_or_isolated_candidate,936.7222049306912,FALSE,TRUE,FALSE,0.625,FALSE,NA,FALSE,all_pairs_combn
C11,N137,9,1,dense_candidate,small_or_isolated_candidate,955.4677086018463,FALSE,TRUE,FALSE,0.625,FALSE,NA,FALSE,all_pairs_combn
C11,N71,9,1,dense_candidate,small_or_isolated_candidate,1041.43284234961,FALSE,TRUE,FALSE,0.625,FALSE,NA,FALSE,all_pairs_combn
C11,N182,9,1,dense_candidate,small_or_isolated_candidate,1109.0054983857683,FALSE,TRUE,FALSE,0.625,FALSE,NA,FALSE,all_pairs_combn
C11,N120,9,1,dense_candidate,small_or_isolated_candidate,1120.3143046501298,FALSE,TRUE,FALSE,0.625,FALSE,NA,FALSE,all_pairs_combn
C11,N69,9,1,dense_candidate,small_or_isolated_candidate,1138.574258508742,FALSE,TRUE,FALSE,0.625,FALSE,NA,FALSE,all_pairs_combn
C11,N151,9,1,dense_candidate,small_or_isolated_candidate,1201.2488693142489,FALSE,TRUE,FALSE,0.625,FALSE,NA,FALSE,all_pairs_combn
C11,N207,9,1,dense_candidate,small_or_isolated_candidate,1208.2248661305457,FALSE,TRUE,FALSE,0.625,FALSE,NA,FALSE,all_pairs_combn
C11,N114,9,1,dense_candidate,small_or_isolated_candidate,1219.4155212968956,FALSE,TRUE,FALSE,0.625,FALSE,NA,FALSE,all_pairs_combn
C11,N206,9,1,dense_candidate,small_or_isolated_candidate,1274.5393792172285,FALSE,TRUE,FALSE,0.625,FALSE,NA,FALSE,all_pairs_combn
C11,N34,9,1,dense_candidate,small_or_isolated_candidate,1283.2630431925706,FALSE,TRUE,FALSE,0.625,FALSE,NA,FALSE,all_pairs_combn
C11,N33,9,1,dense_candidate,small_or_isolated_candidate,1324.0175389429512,FALSE,TRUE,FALSE,0.625,FALSE,NA,FALSE,all_pairs_combn
C11,N32,9,1,dense_candidate,small_or_isolated_candidate,1402.5174385414168,FALSE,TRUE,FALSE,0.625,FALSE,NA,FALSE,all_pairs_combn
C11,N36,9,1,dense_candidate,small_or_isolated_candidate,1610.1707825266853,FALSE,TRUE,FALSE,0.625,FALSE,NA,FALSE,all_pairs_combn
C11,N35,9,1,dense_candidate,small_or_isolated_candidate,1620.9796173327836,FALSE,TRUE,FALSE,0.625,FALSE,NA,FALSE,all_pairs_combn
C11,N31,9,1,dense_candidate,small_or_isolated_candidate,1718.3993987966737,FALSE,TRUE,FALSE,0.625,FALSE,NA,FALSE,all_pairs_combn
C11,N68,9,1,dense_candidate,small_or_isolated_candidate,1795.9158890047609,FALSE,TRUE,FALSE,0.625,FALSE,NA,FALSE,all_pairs_combn
C11,N67,9,1,dense_candidate,small_or_isolated_candidate,1995.6387868711063,FALSE,TRUE,FALSE,0.625,FALSE,NA,FALSE,all_pairs_combn
C5,C8,5,4,intermediate_candidate,intermediate_candidate,191.0425338025587,TRUE,FALSE,TRUE,0.5625,FALSE,NA,FALSE,all_pairs_combn
C15,C16,5,4,intermediate_candidate,intermediate_candidate,313.19077300702946,TRUE,FALSE,TRUE,0.5625,FALSE,NA,FALSE,all_pairs_combn
C3,C5,4,5,intermediate_candidate,intermediate_candidate,346.50183717047724,TRUE,FALSE,FALSE,0.5625,FALSE,NA,FALSE,all_pairs_combn
C3,C4,4,5,intermediate_candidate,intermediate_candidate,504.111147560798,TRUE,FALSE,FALSE,0.5625,FALSE,NA,FALSE,all_pairs_combn
C4,C8,5,4,intermediate_candidate,intermediate_candidate,576.7293045934191,TRUE,FALSE,FALSE,0.5625,FALSE,NA,FALSE,all_pairs_combn
C15,C3,5,4,intermediate_candidate,intermediate_candidate,596.9462426180511,TRUE,FALSE,FALSE,0.5625,FALSE,NA,FALSE,all_pairs_combn
C15,C9,5,4,intermediate_candidate,intermediate_candidate,603.5778709675503,TRUE,FALSE,FALSE,0.5625,FALSE,NA,FALSE,all_pairs_combn
C15,C8,5,4,intermediate_candidate,intermediate_candidate,755.3095764528201,TRUE,FALSE,FALSE,0.5625,FALSE,NA,FALSE,all_pairs_combn
C16,C4,4,5,intermediate_candidate,intermediate_candidate,842.9263597717844,TRUE,FALSE,FALSE,0.5625,FALSE,NA,FALSE,all_pairs_combn
C4,C9,5,4,intermediate_candidate,intermediate_candidate,1186.5701680985487,TRUE,FALSE,FALSE,0.5625,FALSE,NA,FALSE,all_pairs_combn
C16,C5,4,5,intermediate_candidate,intermediate_candidate,1246.8934492705002,TRUE,FALSE,FALSE,0.5625,FALSE,NA,FALSE,all_pairs_combn
C5,C9,5,4,intermediate_candidate,intermediate_candidate,1425.501088019224,TRUE,FALSE,FALSE,0.5625,FALSE,NA,FALSE,all_pairs_combn
C7,N104,7,1,intermediate_candidate,small_or_isolated_candidate,69.05605372782917,FALSE,FALSE,TRUE,0.5,FALSE,NA,FALSE,all_pairs_combn
C14,N305,7,1,intermediate_candidate,small_or_isolated_candidate,69.77148882706784,FALSE,FALSE,TRUE,0.5,FALSE,NA,FALSE,all_pairs_combn
C7,N107,7,1,intermediate_candidate,small_or_isolated_candidate,76.65291913629041,FALSE,FALSE,TRUE,0.5,FALSE,NA,FALSE,all_pairs_combn
C7,N96,7,1,intermediate_candidate,small_or_isolated_candidate,78.01573348690353,FALSE,FALSE,TRUE,0.5,FALSE,NA,FALSE,all_pairs_combn
C14,N304,7,1,intermediate_candidate,small_or_isolated_candidate,102.79897486155717,FALSE,FALSE,TRUE,0.5,FALSE,NA,FALSE,all_pairs_combn
C14,N300,7,1,intermediate_candidate,small_or_isolated_candidate,113.88560270458237,FALSE,FALSE,TRUE,0.5,FALSE,NA,FALSE,all_pairs_combn
C14,N132,7,1,intermediate_candidate,small_or_isolated_candidate,135.062378870207,FALSE,FALSE,TRUE,0.5,FALSE,NA,FALSE,all_pairs_combn
C14,N307,7,1,intermediate_candidate,small_or_isolated_candidate,149.94856373450114,FALSE,FALSE,TRUE,0.5,FALSE,NA,FALSE,all_pairs_combn
C3,C8,4,4,intermediate_candidate,intermediate_candidate,159.42167448307038,TRUE,FALSE,TRUE,0.5,FALSE,NA,FALSE,all_pairs_combn
C14,N308,7,1,intermediate_candidate,small_or_isolated_candidate,162.834167083188,FALSE,FALSE,TRUE,0.5,FALSE,NA,FALSE,all_pairs_combn
C14,N128,7,1,intermediate_candidate,small_or_isolated_candidate,184.34263959098035,FALSE,FALSE,TRUE,0.5,FALSE,NA,FALSE,all_pairs_combn
C14,N127,7,1,intermediate_candidate,small_or_isolated_candidate,185.1183726931587,FALSE,FALSE,TRUE,0.5,FALSE,NA,FALSE,all_pairs_combn
C7,N95,7,1,intermediate_candidate,small_or_isolated_candidate,187.71020155888445,FALSE,FALSE,TRUE,0.5,FALSE,NA,FALSE,all_pairs_combn
C7,N92,7,1,intermediate_candidate,small_or_isolated_candidate,193.35850147481017,FALSE,FALSE,TRUE,0.5,FALSE,NA,FALSE,all_pairs_combn
C7,N110,7,1,intermediate_candidate,small_or_isolated_candidate,197.38902984033493,FALSE,FALSE,TRUE,0.5,FALSE,NA,FALSE,all_pairs_combn
C7,N94,7,1,intermediate_candidate,small_or_isolated_candidate,201.49362001845859,FALSE,FALSE,TRUE,0.5,FALSE,NA,FALSE,all_pairs_combn
C14,N145,7,1,intermediate_candidate,small_or_isolated_candidate,207.97229630105437,FALSE,FALSE,TRUE,0.5,FALSE,NA,FALSE,all_pairs_combn
C7,N112,7,1,intermediate_candidate,small_or_isolated_candidate,225.86667517707994,FALSE,FALSE,TRUE,0.5,FALSE,NA,FALSE,all_pairs_combn
C7,N111,7,1,intermediate_candidate,small_or_isolated_candidate,228.64373834618522,FALSE,FALSE,TRUE,0.5,FALSE,NA,FALSE,all_pairs_combn
C14,N294,7,1,intermediate_candidate,small_or_isolated_candidate,258.4712112807108,FALSE,FALSE,TRUE,0.5,FALSE,NA,FALSE,all_pairs_combn
C7,N93,7,1,intermediate_candidate,small_or_isolated_candidate,283.9478893141592,FALSE,FALSE,TRUE,0.5,FALSE,NA,FALSE,all_pairs_combn
C14,N296,7,1,intermediate_candidate,small_or_isolated_candidate,303.69337784064146,FALSE,FALSE,TRUE,0.5,FALSE,NA,FALSE,all_pairs_combn
C14,N140,7,1,intermediate_candidate,small_or_isolated_candidate,321.87810311602203,FALSE,FALSE,FALSE,0.5,FALSE,NA,FALSE,all_pairs_combn
C14,N141,7,1,intermediate_candidate,small_or_isolated_candidate,326.3259848182326,FALSE,FALSE,FALSE,0.5,FALSE,NA,FALSE,all_pairs_combn
C7,N48,7,1,intermediate_candidate,small_or_isolated_candidate,349.9957402293558,FALSE,FALSE,FALSE,0.5,FALSE,NA,FALSE,all_pairs_combn
C7,N51,7,1,intermediate_candidate,small_or_isolated_candidate,416.23629800349437,FALSE,FALSE,FALSE,0.5,FALSE,NA,FALSE,all_pairs_combn
C7,N52,7,1,intermediate_candidate,small_or_isolated_candidate,416.71363885981424,FALSE,FALSE,FALSE,0.5,FALSE,NA,FALSE,all_pairs_combn
C14,N142,7,1,intermediate_candidate,small_or_isolated_candidate,428.056090457008,FALSE,FALSE,FALSE,0.5,FALSE,NA,FALSE,all_pairs_combn
C16,C9,4,4,intermediate_candidate,intermediate_candidate,428.4183698426224,TRUE,FALSE,FALSE,0.5,FALSE,NA,FALSE,all_pairs_combn
C7,N50,7,1,intermediate_candidate,small_or_isolated_candidate,436.06848233238725,FALSE,FALSE,FALSE,0.5,FALSE,NA,FALSE,all_pairs_combn
C7,N49,7,1,intermediate_candidate,small_or_isolated_candidate,436.11194634649917,FALSE,FALSE,FALSE,0.5,FALSE,NA,FALSE,all_pairs_combn
C7,N62,7,1,intermediate_candidate,small_or_isolated_candidate,437.1543988371374,FALSE,FALSE,FALSE,0.5,FALSE,NA,FALSE,all_pairs_combn
C7,N71,7,1,intermediate_candidate,small_or_isolated_candidate,446.96757800685447,FALSE,FALSE,FALSE,0.5,FALSE,NA,FALSE,all_pairs_combn
C7,N66,7,1,intermediate_candidate,small_or_isolated_candidate,452.4880158173443,FALSE,FALSE,FALSE,0.5,FALSE,NA,FALSE,all_pairs_combn
C7,N63,7,1,intermediate_candidate,small_or_isolated_candidate,452.6295302216054,FALSE,FALSE,FALSE,0.5,FALSE,NA,FALSE,all_pairs_combn
C14,N18,7,1,intermediate_candidate,small_or_isolated_candidate,458.24087730366267,FALSE,FALSE,FALSE,0.5,FALSE,NA,FALSE,all_pairs_combn
C14,N17,7,1,intermediate_candidate,small_or_isolated_candidate,465.4397196699737,FALSE,FALSE,FALSE,0.5,FALSE,NA,FALSE,all_pairs_combn
C14,N153,7,1,intermediate_candidate,small_or_isolated_candidate,465.8839483765021,FALSE,FALSE,FALSE,0.5,FALSE,NA,FALSE,all_pairs_combn
C14,N152,7,1,intermediate_candidate,small_or_isolated_candidate,467.4625527489842,FALSE,FALSE,FALSE,0.5,FALSE,NA,FALSE,all_pairs_combn
C7,N123,7,1,intermediate_candidate,small_or_isolated_candidate,472.4669216774924,FALSE,FALSE,FALSE,0.5,FALSE,NA,FALSE,all_pairs_combn
C7,N122,7,1,intermediate_candidate,small_or_isolated_candidate,473.69168365309855,FALSE,FALSE,FALSE,0.5,FALSE,NA,FALSE,all_pairs_combn
C14,N157,7,1,intermediate_candidate,small_or_isolated_candidate,474.67434035990317,FALSE,FALSE,FALSE,0.5,FALSE,NA,FALSE,all_pairs_combn
C7,N121,7,1,intermediate_candidate,small_or_isolated_candidate,475.42706220844485,FALSE,FALSE,FALSE,0.5,FALSE,NA,FALSE,all_pairs_combn
C14,N11,7,1,intermediate_candidate,small_or_isolated_candidate,479.90758751756624,FALSE,FALSE,FALSE,0.5,FALSE,NA,FALSE,all_pairs_combn
C14,N146,7,1,intermediate_candidate,small_or_isolated_candidate,485.68234028606173,FALSE,FALSE,FALSE,0.5,FALSE,NA,FALSE,all_pairs_combn
C14,N24,7,1,intermediate_candidate,small_or_isolated_candidate,492.3400420404655,FALSE,FALSE,FALSE,0.5,FALSE,NA,FALSE,all_pairs_combn
C7,N21,7,1,intermediate_candidate,small_or_isolated_candidate,492.7974712435882,FALSE,FALSE,FALSE,0.5,FALSE,NA,FALSE,all_pairs_combn
C7,N61,7,1,intermediate_candidate,small_or_isolated_candidate,493.05694647433313,FALSE,FALSE,FALSE,0.5,FALSE,NA,FALSE,all_pairs_combn
C7,N20,7,1,intermediate_candidate,small_or_isolated_candidate,493.73720017750077,FALSE,FALSE,FALSE,0.5,FALSE,NA,FALSE,all_pairs_combn
C14,N131,7,1,intermediate_candidate,small_or_isolated_candidate,498.18554681362184,FALSE,FALSE,FALSE,0.5,FALSE,NA,FALSE,all_pairs_combn
C14,N19,7,1,intermediate_candidate,small_or_isolated_candidate,508.3954396656801,FALSE,FALSE,FALSE,0.5,FALSE,NA,FALSE,all_pairs_combn
C7,N34,7,1,intermediate_candidate,small_or_isolated_candidate,511.1025052639119,FALSE,FALSE,FALSE,0.5,FALSE,NA,FALSE,all_pairs_combn
C7,N150,7,1,intermediate_candidate,small_or_isolated_candidate,513.3574644093239,FALSE,FALSE,FALSE,0.5,FALSE,NA,FALSE,all_pairs_combn
C7,N259,7,1,intermediate_candidate,small_or_isolated_candidate,515.8056505473637,FALSE,FALSE,FALSE,0.5,FALSE,NA,FALSE,all_pairs_combn
C7,N17,7,1,intermediate_candidate,small_or_isolated_candidate,518.6806397315955,FALSE,FALSE,FALSE,0.5,FALSE,NA,FALSE,all_pairs_combn
C7,N30,7,1,intermediate_candidate,small_or_isolated_candidate,520.6929835504989,FALSE,FALSE,FALSE,0.5,FALSE,NA,FALSE,all_pairs_combn
C7,N65,7,1,intermediate_candidate,small_or_isolated_candidate,521.554626553178,FALSE,FALSE,FALSE,0.5,FALSE,NA,FALSE,all_pairs_combn
C7,N18,7,1,intermediate_candidate,small_or_isolated_candidate,522.56892475184,FALSE,FALSE,FALSE,0.5,FALSE,NA,FALSE,all_pairs_combn
C14,N147,7,1,intermediate_candidate,small_or_isolated_candidate,526.232138474406,FALSE,FALSE,FALSE,0.5,FALSE,NA,FALSE,all_pairs_combn
C14,N259,7,1,intermediate_candidate,small_or_isolated_candidate,531.5036563933802,FALSE,FALSE,FALSE,0.5,FALSE,NA,FALSE,all_pairs_combn
C7,N11,7,1,intermediate_candidate,small_or_isolated_candidate,532.9568218166561,FALSE,FALSE,FALSE,0.5,FALSE,NA,FALSE,all_pairs_combn
C14,N148,7,1,intermediate_candidate,small_or_isolated_candidate,535.4286766958513,FALSE,FALSE,FALSE,0.5,FALSE,NA,FALSE,all_pairs_combn
C14,N149,7,1,intermediate_candidate,small_or_isolated_candidate,548.3047375791336,FALSE,FALSE,FALSE,0.5,FALSE,NA,FALSE,all_pairs_combn
C7,N33,7,1,intermediate_candidate,small_or_isolated_candidate,548.6556805164341,FALSE,FALSE,FALSE,0.5,FALSE,NA,FALSE,all_pairs_combn
C14,N10,7,1,intermediate_candidate,small_or_isolated_candidate,554.4072316810589,FALSE,FALSE,FALSE,0.5,FALSE,NA,FALSE,all_pairs_combn
C14,N113,7,1,intermediate_candidate,small_or_isolated_candidate,554.7885751934025,FALSE,FALSE,FALSE,0.5,FALSE,NA,FALSE,all_pairs_combn
C14,N212,7,1,intermediate_candidate,small_or_isolated_candidate,560.1076005202594,FALSE,FALSE,FALSE,0.5,FALSE,NA,FALSE,all_pairs_combn
C7,N138,7,1,intermediate_candidate,small_or_isolated_candidate,562.5330552326801,FALSE,FALSE,FALSE,0.5,FALSE,NA,FALSE,all_pairs_combn
C7,N136,7,1,intermediate_candidate,small_or_isolated_candidate,564.1929381299285,FALSE,FALSE,FALSE,0.5,FALSE,NA,FALSE,all_pairs_combn
C14,N136,7,1,intermediate_candidate,small_or_isolated_candidate,572.6549502178543,FALSE,FALSE,FALSE,0.5,FALSE,NA,FALSE,all_pairs_combn
C14,N150,7,1,intermediate_candidate,small_or_isolated_candidate,573.7672610162551,FALSE,FALSE,FALSE,0.5,FALSE,NA,FALSE,all_pairs_combn
C14,N133,7,1,intermediate_candidate,small_or_isolated_candidate,573.9082164121273,FALSE,FALSE,FALSE,0.5,FALSE,NA,FALSE,all_pairs_combn
C14,N30,7,1,intermediate_candidate,small_or_isolated_candidate,583.7584042824477,FALSE,FALSE,FALSE,0.5,FALSE,NA,FALSE,all_pairs_combn
C14,N22,7,1,intermediate_candidate,small_or_isolated_candidate,600.0012855489533,FALSE,FALSE,FALSE,0.5,FALSE,NA,FALSE,all_pairs_combn
C14,N143,7,1,intermediate_candidate,small_or_isolated_candidate,605.5191636163661,FALSE,FALSE,FALSE,0.5,FALSE,NA,FALSE,all_pairs_combn
C14,N144,7,1,intermediate_candidate,small_or_isolated_candidate,607.8419712891193,FALSE,FALSE,FALSE,0.5,FALSE,NA,FALSE,all_pairs_combn
C14,N292,7,1,intermediate_candidate,small_or_isolated_candidate,612.582787661343,FALSE,FALSE,FALSE,0.5,FALSE,NA,FALSE,all_pairs_combn
C7,N211,7,1,intermediate_candidate,small_or_isolated_candidate,621.4621622863572,FALSE,FALSE,FALSE,0.5,FALSE,NA,FALSE,all_pairs_combn
C14,N121,7,1,intermediate_candidate,small_or_isolated_candidate,634.4398195273218,FALSE,FALSE,FALSE,0.5,FALSE,NA,FALSE,all_pairs_combn
C14,N123,7,1,intermediate_candidate,small_or_isolated_candidate,636.3116387302899,FALSE,FALSE,FALSE,0.5,FALSE,NA,FALSE,all_pairs_combn
C14,N122,7,1,intermediate_candidate,small_or_isolated_candidate,638.019968340956,FALSE,FALSE,FALSE,0.5,FALSE,NA,FALSE,all_pairs_combn
C7,N126,7,1,intermediate_candidate,small_or_isolated_candidate,645.4292611482056,FALSE,FALSE,FALSE,0.5,FALSE,NA,FALSE,all_pairs_combn
C7,N19,7,1,intermediate_candidate,small_or_isolated_candidate,647.6393821574568,FALSE,FALSE,FALSE,0.5,FALSE,NA,FALSE,all_pairs_combn
C7,N69,7,1,intermediate_candidate,small_or_isolated_candidate,650.4608115269607,FALSE,FALSE,FALSE,0.5,FALSE,NA,FALSE,all_pairs_combn
C14,N48,7,1,intermediate_candidate,small_or_isolated_candidate,651.6251912921829,FALSE,FALSE,FALSE,0.5,FALSE,NA,FALSE,all_pairs_combn
C14,N51,7,1,intermediate_candidate,small_or_isolated_candidate,652.0555097273045,FALSE,FALSE,FALSE,0.5,FALSE,NA,FALSE,all_pairs_combn
C14,N52,7,1,intermediate_candidate,small_or_isolated_candidate,652.4924944588869,FALSE,FALSE,FALSE,0.5,FALSE,NA,FALSE,all_pairs_combn
C14,N21,7,1,intermediate_candidate,small_or_isolated_candidate,666.8850037243013,FALSE,FALSE,FALSE,0.5,FALSE,NA,FALSE,all_pairs_combn
C7,N292,7,1,intermediate_candidate,small_or_isolated_candidate,671.5793984810321,FALSE,FALSE,FALSE,0.5,FALSE,NA,FALSE,all_pairs_combn
C7,N118,7,1,intermediate_candidate,small_or_isolated_candidate,674.1319814716333,FALSE,FALSE,FALSE,0.5,FALSE,NA,FALSE,all_pairs_combn
C7,N119,7,1,intermediate_candidate,small_or_isolated_candidate,683.1267398869942,FALSE,FALSE,FALSE,0.5,FALSE,NA,FALSE,all_pairs_combn
C14,N20,7,1,intermediate_candidate,small_or_isolated_candidate,685.6979732225147,FALSE,FALSE,FALSE,0.5,FALSE,NA,FALSE,all_pairs_combn
C7,N22,7,1,intermediate_candidate,small_or_isolated_candidate,688.5094249314936,FALSE,FALSE,FALSE,0.5,FALSE,NA,FALSE,all_pairs_combn
C7,N117,7,1,intermediate_candidate,small_or_isolated_candidate,692.399573844307,FALSE,FALSE,FALSE,0.5,FALSE,NA,FALSE,all_pairs_combn
C14,N49,7,1,intermediate_candidate,small_or_isolated_candidate,695.5097018944913,FALSE,FALSE,FALSE,0.5,FALSE,NA,FALSE,all_pairs_combn
C14,N50,7,1,intermediate_candidate,small_or_isolated_candidate,698.2987953371364,FALSE,FALSE,FALSE,0.5,FALSE,NA,FALSE,all_pairs_combn
C7,N10,7,1,intermediate_candidate,small_or_isolated_candidate,706.928722584117,FALSE,FALSE,FALSE,0.5,FALSE,NA,FALSE,all_pairs_combn
C7,N24,7,1,intermediate_candidate,small_or_isolated_candidate,707.6318403411855,FALSE,FALSE,FALSE,0.5,FALSE,NA,FALSE,all_pairs_combn
C7,N32,7,1,intermediate_candidate,small_or_isolated_candidate,708.0768601225328,FALSE,FALSE,FALSE,0.5,FALSE,NA,FALSE,all_pairs_combn
C14,N119,7,1,intermediate_candidate,small_or_isolated_candidate,710.2214876391185,FALSE,FALSE,FALSE,0.5,FALSE,NA,FALSE,all_pairs_combn
C7,N134,7,1,intermediate_candidate,small_or_isolated_candidate,723.3655472041484,FALSE,FALSE,FALSE,0.5,FALSE,NA,FALSE,all_pairs_combn
C7,N144,7,1,intermediate_candidate,small_or_isolated_candidate,728.928388922368,FALSE,FALSE,FALSE,0.5,FALSE,NA,FALSE,all_pairs_combn
C7,N124,7,1,intermediate_candidate,small_or_isolated_candidate,734.4546627818107,FALSE,FALSE,FALSE,0.5,FALSE,NA,FALSE,all_pairs_combn
C14,N65,7,1,intermediate_candidate,small_or_isolated_candidate,738.2873394883779,FALSE,FALSE,FALSE,0.5,FALSE,NA,FALSE,all_pairs_combn
C7,N141,7,1,intermediate_candidate,small_or_isolated_candidate,741.9129750711757,FALSE,FALSE,FALSE,0.5,FALSE,NA,FALSE,all_pairs_combn
C7,N140,7,1,intermediate_candidate,small_or_isolated_candidate,745.318263981531,FALSE,FALSE,FALSE,0.5,FALSE,NA,FALSE,all_pairs_combn
C7,N143,7,1,intermediate_candidate,small_or_isolated_candidate,745.6789914154604,FALSE,FALSE,FALSE,0.5,FALSE,NA,FALSE,all_pairs_combn
C7,N149,7,1,intermediate_candidate,small_or_isolated_candidate,746.5103519299365,FALSE,FALSE,FALSE,0.5,FALSE,NA,FALSE,all_pairs_combn
C7,N146,7,1,intermediate_candidate,small_or_isolated_candidate,749.8412417329827,FALSE,FALSE,FALSE,0.5,FALSE,NA,FALSE,all_pairs_combn
C14,N61,7,1,intermediate_candidate,small_or_isolated_candidate,758.812697980927,FALSE,FALSE,FALSE,0.5,FALSE,NA,FALSE,all_pairs_combn
C7,N125,7,1,intermediate_candidate,small_or_isolated_candidate,762.0317425962913,FALSE,FALSE,FALSE,0.5,FALSE,NA,FALSE,all_pairs_combn
C7,N294,7,1,intermediate_candidate,small_or_isolated_candidate,768.7449633439198,FALSE,FALSE,FALSE,0.5,FALSE,NA,FALSE,all_pairs_combn
C7,N129,7,1,intermediate_candidate,small_or_isolated_candidate,771.4532914041259,FALSE,FALSE,FALSE,0.5,FALSE,NA,FALSE,all_pairs_combn
C14,N126,7,1,intermediate_candidate,small_or_isolated_candidate,785.9416544257779,FALSE,FALSE,FALSE,0.5,FALSE,NA,FALSE,all_pairs_combn
C14,N138,7,1,intermediate_candidate,small_or_isolated_candidate,786.0214023656515,FALSE,FALSE,FALSE,0.5,FALSE,NA,FALSE,all_pairs_combn
C7,N145,7,1,intermediate_candidate,small_or_isolated_candidate,795.4069764261984,FALSE,FALSE,FALSE,0.5,FALSE,NA,FALSE,all_pairs_combn
C14,N62,7,1,intermediate_candidate,small_or_isolated_candidate,812.0075340554182,FALSE,FALSE,FALSE,0.5,FALSE,NA,FALSE,all_pairs_combn
C14,N66,7,1,intermediate_candidate,small_or_isolated_candidate,812.5963865601436,FALSE,FALSE,FALSE,0.5,FALSE,NA,FALSE,all_pairs_combn
C14,N63,7,1,intermediate_candidate,small_or_isolated_candidate,813.5735915004149,FALSE,FALSE,FALSE,0.5,FALSE,NA,FALSE,all_pairs_combn
C7,N142,7,1,intermediate_candidate,small_or_isolated_candidate,823.377272581973,FALSE,FALSE,FALSE,0.5,FALSE,NA,FALSE,all_pairs_combn
C14,N110,7,1,intermediate_candidate,small_or_isolated_candidate,830.5709936285232,FALSE,FALSE,FALSE,0.5,FALSE,NA,FALSE,all_pairs_combn
C7,N308,7,1,intermediate_candidate,small_or_isolated_candidate,842.1768234956282,FALSE,FALSE,FALSE,0.5,FALSE,NA,FALSE,all_pairs_combn
C7,N147,7,1,intermediate_candidate,small_or_isolated_candidate,843.6666635978173,FALSE,FALSE,FALSE,0.5,FALSE,NA,FALSE,all_pairs_combn
C14,N118,7,1,intermediate_candidate,small_or_isolated_candidate,844.82936838927,FALSE,FALSE,FALSE,0.5,FALSE,NA,FALSE,all_pairs_combn
C14,N117,7,1,intermediate_candidate,small_or_isolated_candidate,851.9311016054818,FALSE,FALSE,FALSE,0.5,FALSE,NA,FALSE,all_pairs_combn
C14,N135,7,1,intermediate_candidate,small_or_isolated_candidate,853.721606723846,FALSE,FALSE,FALSE,0.5,FALSE,NA,FALSE,all_pairs_combn
C7,N36,7,1,intermediate_candidate,small_or_isolated_candidate,855.8548610985274,FALSE,FALSE,FALSE,0.5,FALSE,NA,FALSE,all_pairs_combn
C7,N35,7,1,intermediate_candidate,small_or_isolated_candidate,858.5358088308298,FALSE,FALSE,FALSE,0.5,FALSE,NA,FALSE,all_pairs_combn
C14,N134,7,1,intermediate_candidate,small_or_isolated_candidate,870.0757732113809,FALSE,FALSE,FALSE,0.5,FALSE,NA,FALSE,all_pairs_combn
C7,N307,7,1,intermediate_candidate,small_or_isolated_candidate,873.2865180225022,FALSE,FALSE,FALSE,0.5,FALSE,NA,FALSE,all_pairs_combn
C14,N137,7,1,intermediate_candidate,small_or_isolated_candidate,876.0629315420446,FALSE,FALSE,FALSE,0.5,FALSE,NA,FALSE,all_pairs_combn
C14,N129,7,1,intermediate_candidate,small_or_isolated_candidate,879.1540800456734,FALSE,FALSE,FALSE,0.5,FALSE,NA,FALSE,all_pairs_combn
C14,N124,7,1,intermediate_candidate,small_or_isolated_candidate,884.8920604278426,FALSE,FALSE,FALSE,0.5,FALSE,NA,FALSE,all_pairs_combn
C14,N211,7,1,intermediate_candidate,small_or_isolated_candidate,890.0534114051469,FALSE,FALSE,FALSE,0.5,FALSE,NA,FALSE,all_pairs_combn
C14,N112,7,1,intermediate_candidate,small_or_isolated_candidate,900.1667679608469,FALSE,FALSE,FALSE,0.5,FALSE,NA,FALSE,all_pairs_combn
C14,N125,7,1,intermediate_candidate,small_or_isolated_candidate,900.5604461337081,FALSE,FALSE,FALSE,0.5,FALSE,NA,FALSE,all_pairs_combn
C14,N111,7,1,intermediate_candidate,small_or_isolated_candidate,901.706498394396,FALSE,FALSE,FALSE,0.5,FALSE,NA,FALSE,all_pairs_combn
C16,C3,4,4,intermediate_candidate,intermediate_candidate,907.6970938831937,TRUE,FALSE,FALSE,0.5,FALSE,NA,FALSE,all_pairs_combn
C7,N148,7,1,intermediate_candidate,small_or_isolated_candidate,916.3328939490789,FALSE,FALSE,FALSE,0.5,FALSE,NA,FALSE,all_pairs_combn
C14,N107,7,1,intermediate_candidate,small_or_isolated_candidate,923.3064266384483,FALSE,FALSE,FALSE,0.5,FALSE,NA,FALSE,all_pairs_combn
C7,N212,7,1,intermediate_candidate,small_or_isolated_candidate,958.3104857908389,FALSE,FALSE,FALSE,0.5,FALSE,NA,FALSE,all_pairs_combn
C14,N104,7,1,intermediate_candidate,small_or_isolated_candidate,959.876356694359,FALSE,FALSE,FALSE,0.5,FALSE,NA,FALSE,all_pairs_combn
C7,N157,7,1,intermediate_candidate,small_or_isolated_candidate,960.6715869210154,FALSE,FALSE,FALSE,0.5,FALSE,NA,FALSE,all_pairs_combn
C7,N152,7,1,intermediate_candidate,small_or_isolated_candidate,981.751670998799,FALSE,FALSE,FALSE,0.5,FALSE,NA,FALSE,all_pairs_combn
C7,N153,7,1,intermediate_candidate,small_or_isolated_candidate,984.5131470377706,FALSE,FALSE,FALSE,0.5,FALSE,NA,FALSE,all_pairs_combn
C7,N305,7,1,intermediate_candidate,small_or_isolated_candidate,986.6628224873007,FALSE,FALSE,FALSE,0.5,FALSE,NA,FALSE,all_pairs_combn
C7,N31,7,1,intermediate_candidate,small_or_isolated_candidate,992.5191834203872,FALSE,FALSE,FALSE,0.5,FALSE,NA,FALSE,all_pairs_combn
C14,N96,7,1,intermediate_candidate,small_or_isolated_candidate,993.05352879317,FALSE,FALSE,FALSE,0.5,FALSE,NA,FALSE,all_pairs_combn
C7,N300,7,1,intermediate_candidate,small_or_isolated_candidate,1002.5745281635495,FALSE,FALSE,FALSE,0.5,FALSE,NA,FALSE,all_pairs_combn
C7,N133,7,1,intermediate_candidate,small_or_isolated_candidate,1007.7366945488218,FALSE,FALSE,FALSE,0.5,FALSE,NA,FALSE,all_pairs_combn
C7,N304,7,1,intermediate_candidate,small_or_isolated_candidate,1012.5334121414296,FALSE,FALSE,FALSE,0.5,FALSE,NA,FALSE,all_pairs_combn
C14,N92,7,1,intermediate_candidate,small_or_isolated_candidate,1025.5880509728945,FALSE,FALSE,FALSE,0.5,FALSE,NA,FALSE,all_pairs_combn
C14,N95,7,1,intermediate_candidate,small_or_isolated_candidate,1048.2923294845975,FALSE,FALSE,FALSE,0.5,FALSE,NA,FALSE,all_pairs_combn
C14,N94,7,1,intermediate_candidate,small_or_isolated_candidate,1053.5310309993843,FALSE,FALSE,FALSE,0.5,FALSE,NA,FALSE,all_pairs_combn
C14,N93,7,1,intermediate_candidate,small_or_isolated_candidate,1064.8634543133207,FALSE,FALSE,FALSE,0.5,FALSE,NA,FALSE,all_pairs_combn
C16,C8,4,4,intermediate_candidate,intermediate_candidate,1066.7196230580282,TRUE,FALSE,FALSE,0.5,FALSE,NA,FALSE,all_pairs_combn
C7,N68,7,1,intermediate_candidate,small_or_isolated_candidate,1066.872362516538,FALSE,FALSE,FALSE,0.5,FALSE,NA,FALSE,all_pairs_combn
C7,N296,7,1,intermediate_candidate,small_or_isolated_candidate,1073.4634797843305,FALSE,FALSE,FALSE,0.5,FALSE,NA,FALSE,all_pairs_combn
C7,N132,7,1,intermediate_candidate,small_or_isolated_candidate,1075.5345671756559,FALSE,FALSE,FALSE,0.5,FALSE,NA,FALSE,all_pairs_combn
C3,C9,4,4,intermediate_candidate,intermediate_candidate,1082.1811473884845,TRUE,FALSE,FALSE,0.5,FALSE,NA,FALSE,all_pairs_combn
C7,N207,7,1,intermediate_candidate,small_or_isolated_candidate,1090.215565586489,FALSE,FALSE,FALSE,0.5,FALSE,NA,FALSE,all_pairs_combn
C14,N182,7,1,intermediate_candidate,small_or_isolated_candidate,1092.135192999643,FALSE,FALSE,FALSE,0.5,FALSE,NA,FALSE,all_pairs_combn
C14,N120,7,1,intermediate_candidate,small_or_isolated_candidate,1098.7418952891492,FALSE,FALSE,FALSE,0.5,FALSE,NA,FALSE,all_pairs_combn
C7,N128,7,1,intermediate_candidate,small_or_isolated_candidate,1134.7302848707088,FALSE,FALSE,FALSE,0.5,FALSE,NA,FALSE,all_pairs_combn
C7,N127,7,1,intermediate_candidate,small_or_isolated_candidate,1136.0395825265766,FALSE,FALSE,FALSE,0.5,FALSE,NA,FALSE,all_pairs_combn
C14,N71,7,1,intermediate_candidate,small_or_isolated_candidate,1168.5377182773705,FALSE,FALSE,FALSE,0.5,FALSE,NA,FALSE,all_pairs_combn
C7,N131,7,1,intermediate_candidate,small_or_isolated_candidate,1177.5885632443576,FALSE,FALSE,FALSE,0.5,FALSE,NA,FALSE,all_pairs_combn
C14,N151,7,1,intermediate_candidate,small_or_isolated_candidate,1181.7478071528403,FALSE,FALSE,FALSE,0.5,FALSE,NA,FALSE,all_pairs_combn
C14,N114,7,1,intermediate_candidate,small_or_isolated_candidate,1222.1766011191085,FALSE,FALSE,FALSE,0.5,FALSE,NA,FALSE,all_pairs_combn
C14,N69,7,1,intermediate_candidate,small_or_isolated_candidate,1223.2419794647094,FALSE,FALSE,FALSE,0.5,FALSE,NA,FALSE,all_pairs_combn
C8,C9,4,4,intermediate_candidate,intermediate_candidate,1234.4997918345168,TRUE,FALSE,FALSE,0.5,FALSE,NA,FALSE,all_pairs_combn
C7,N67,7,1,intermediate_candidate,small_or_isolated_candidate,1234.5170431206361,FALSE,FALSE,FALSE,0.5,FALSE,NA,FALSE,all_pairs_combn
C14,N207,7,1,intermediate_candidate,small_or_isolated_candidate,1240.9637930326412,FALSE,FALSE,FALSE,0.5,FALSE,NA,FALSE,all_pairs_combn
C7,N113,7,1,intermediate_candidate,small_or_isolated_candidate,1250.0024543540203,FALSE,FALSE,FALSE,0.5,FALSE,NA,FALSE,all_pairs_combn
C14,N206,7,1,intermediate_candidate,small_or_isolated_candidate,1277.3265816224832,FALSE,FALSE,FALSE,0.5,FALSE,NA,FALSE,all_pairs_combn
C7,N114,7,1,intermediate_candidate,small_or_isolated_candidate,1286.3438530769736,FALSE,FALSE,FALSE,0.5,FALSE,NA,FALSE,all_pairs_combn
C7,N135,7,1,intermediate_candidate,small_or_isolated_candidate,1306.0798632361805,FALSE,FALSE,FALSE,0.5,FALSE,NA,FALSE,all_pairs_combn
C7,N182,7,1,intermediate_candidate,small_or_isolated_candidate,1316.2195947867506,FALSE,FALSE,FALSE,0.5,FALSE,NA,FALSE,all_pairs_combn
C7,N206,7,1,intermediate_candidate,small_or_isolated_candidate,1327.9305817390994,FALSE,FALSE,FALSE,0.5,FALSE,NA,FALSE,all_pairs_combn
C7,N120,7,1,intermediate_candidate,small_or_isolated_candidate,1350.2087960942065,FALSE,FALSE,FALSE,0.5,FALSE,NA,FALSE,all_pairs_combn
C14,N34,7,1,intermediate_candidate,small_or_isolated_candidate,1395.6587074958795,FALSE,FALSE,FALSE,0.5,FALSE,NA,FALSE,all_pairs_combn
C7,N151,7,1,intermediate_candidate,small_or_isolated_candidate,1400.7071231832508,FALSE,FALSE,FALSE,0.5,FALSE,NA,FALSE,all_pairs_combn
C14,N33,7,1,intermediate_candidate,small_or_isolated_candidate,1436.4287918724085,FALSE,FALSE,FALSE,0.5,FALSE,NA,FALSE,all_pairs_combn
C14,N32,7,1,intermediate_candidate,small_or_isolated_candidate,1504.1196984109038,FALSE,FALSE,FALSE,0.5,FALSE,NA,FALSE,all_pairs_combn
C7,N137,7,1,intermediate_candidate,small_or_isolated_candidate,1505.61277189234,FALSE,FALSE,FALSE,0.5,FALSE,NA,FALSE,all_pairs_combn
C14,N36,7,1,intermediate_candidate,small_or_isolated_candidate,1717.406648840836,FALSE,FALSE,FALSE,0.5,FALSE,NA,FALSE,all_pairs_combn
C14,N35,7,1,intermediate_candidate,small_or_isolated_candidate,1729.3166159679547,FALSE,FALSE,FALSE,0.5,FALSE,NA,FALSE,all_pairs_combn
C14,N31,7,1,intermediate_candidate,small_or_isolated_candidate,1820.7735461660754,FALSE,FALSE,FALSE,0.5,FALSE,NA,FALSE,all_pairs_combn
C14,N68,7,1,intermediate_candidate,small_or_isolated_candidate,1898.173303788121,FALSE,FALSE,FALSE,0.5,FALSE,NA,FALSE,all_pairs_combn
C14,N67,7,1,intermediate_candidate,small_or_isolated_candidate,2101.748779605455,FALSE,FALSE,FALSE,0.5,FALSE,NA,FALSE,all_pairs_combn
C4,N22,5,1,intermediate_candidate,small_or_isolated_candidate,53.07574953625142,FALSE,FALSE,TRUE,0.375,FALSE,NA,FALSE,all_pairs_combn
C5,N93,5,1,intermediate_candidate,small_or_isolated_candidate,60.56394533672985,FALSE,FALSE,TRUE,0.375,FALSE,NA,FALSE,all_pairs_combn
C15,N145,5,1,intermediate_candidate,small_or_isolated_candidate,70.8229440755013,FALSE,FALSE,TRUE,0.375,FALSE,NA,FALSE,all_pairs_combn
C5,N94,5,1,intermediate_candidate,small_or_isolated_candidate,92.5760262298216,FALSE,FALSE,TRUE,0.375,FALSE,NA,FALSE,all_pairs_combn
C15,N294,5,1,intermediate_candidate,small_or_isolated_candidate,94.23740981072746,FALSE,FALSE,TRUE,0.375,FALSE,NA,FALSE,all_pairs_combn
C4,N10,5,1,intermediate_candidate,small_or_isolated_candidate,100.43339581182528,FALSE,FALSE,TRUE,0.375,FALSE,NA,FALSE,all_pairs_combn
C15,N308,5,1,intermediate_candidate,small_or_isolated_candidate,103.12360465799243,FALSE,FALSE,TRUE,0.375,FALSE,NA,FALSE,all_pairs_combn
C5,N95,5,1,intermediate_candidate,small_or_isolated_candidate,105.85949762831095,FALSE,FALSE,TRUE,0.375,FALSE,NA,FALSE,all_pairs_combn
C5,N92,5,1,intermediate_candidate,small_or_isolated_candidate,109.68240544926869,FALSE,FALSE,TRUE,0.375,FALSE,NA,FALSE,all_pairs_combn
C15,N307,5,1,intermediate_candidate,small_or_isolated_candidate,134.60431280066118,FALSE,FALSE,TRUE,0.375,FALSE,NA,FALSE,all_pairs_combn
C15,N140,5,1,intermediate_candidate,small_or_isolated_candidate,149.79130755720033,FALSE,FALSE,TRUE,0.375,FALSE,NA,FALSE,all_pairs_combn
C15,N141,5,1,intermediate_candidate,small_or_isolated_candidate,152.57317371025204,FALSE,FALSE,TRUE,0.375,FALSE,NA,FALSE,all_pairs_combn
C4,N19,5,1,intermediate_candidate,small_or_isolated_candidate,155.11405745383897,FALSE,FALSE,TRUE,0.375,FALSE,NA,FALSE,all_pairs_combn
C4,N24,5,1,intermediate_candidate,small_or_isolated_candidate,160.26763163753748,FALSE,FALSE,TRUE,0.375,FALSE,NA,FALSE,all_pairs_combn
C5,N71,5,1,intermediate_candidate,small_or_isolated_candidate,165.48040142363254,FALSE,FALSE,TRUE,0.375,FALSE,NA,FALSE,all_pairs_combn
C4,N65,5,1,intermediate_candidate,small_or_isolated_candidate,171.28693131655095,FALSE,FALSE,TRUE,0.375,FALSE,NA,FALSE,all_pairs_combn
C4,N20,5,1,intermediate_candidate,small_or_isolated_candidate,182.8257333530126,FALSE,FALSE,TRUE,0.375,FALSE,NA,FALSE,all_pairs_combn
C4,N21,5,1,intermediate_candidate,small_or_isolated_candidate,184.88976660266601,FALSE,FALSE,TRUE,0.375,FALSE,NA,FALSE,all_pairs_combn
C4,N30,5,1,intermediate_candidate,small_or_isolated_candidate,192.6632247032987,FALSE,FALSE,TRUE,0.375,FALSE,NA,FALSE,all_pairs_combn
C4,N61,5,1,intermediate_candidate,small_or_isolated_candidate,204.52235199839245,FALSE,FALSE,TRUE,0.375,FALSE,NA,FALSE,all_pairs_combn
C5,N96,5,1,intermediate_candidate,small_or_isolated_candidate,215.23900832863364,FALSE,FALSE,TRUE,0.375,FALSE,NA,FALSE,all_pairs_combn
C5,N104,5,1,intermediate_candidate,small_or_isolated_candidate,232.55745659303994,FALSE,FALSE,TRUE,0.375,FALSE,NA,FALSE,all_pairs_combn
C4,N50,5,1,intermediate_candidate,small_or_isolated_candidate,240.54033817226713,FALSE,FALSE,TRUE,0.375,FALSE,NA,FALSE,all_pairs_combn
C4,N49,5,1,intermediate_candidate,small_or_isolated_candidate,240.61695150793884,FALSE,FALSE,TRUE,0.375,FALSE,NA,FALSE,all_pairs_combn
C15,N305,5,1,intermediate_candidate,small_or_isolated_candidate,243.04692657041213,FALSE,FALSE,TRUE,0.375,FALSE,NA,FALSE,all_pairs_combn
C5,N107,5,1,intermediate_candidate,small_or_isolated_candidate,255.32739736819366,FALSE,FALSE,TRUE,0.375,FALSE,NA,FALSE,all_pairs_combn
C15,N300,5,1,intermediate_candidate,small_or_isolated_candidate,258.43630778235945,FALSE,FALSE,TRUE,0.375,FALSE,NA,FALSE,all_pairs_combn
C4,N66,5,1,intermediate_candidate,small_or_isolated_candidate,266.85963963942714,FALSE,FALSE,TRUE,0.375,FALSE,NA,FALSE,all_pairs_combn
C4,N63,5,1,intermediate_candidate,small_or_isolated_candidate,267.4060259123205,FALSE,FALSE,TRUE,0.375,FALSE,NA,FALSE,all_pairs_combn
C15,N304,5,1,intermediate_candidate,small_or_isolated_candidate,267.9900870564357,FALSE,FALSE,TRUE,0.375,FALSE,NA,FALSE,all_pairs_combn
C4,N52,5,1,intermediate_candidate,small_or_isolated_candidate,273.0781714229718,FALSE,FALSE,TRUE,0.375,FALSE,NA,FALSE,all_pairs_combn
C4,N51,5,1,intermediate_candidate,small_or_isolated_candidate,273.85964798364466,FALSE,FALSE,TRUE,0.375,FALSE,NA,FALSE,all_pairs_combn
C4,N62,5,1,intermediate_candidate,small_or_isolated_candidate,277.50166627587623,FALSE,FALSE,TRUE,0.375,FALSE,NA,FALSE,all_pairs_combn
C15,N18,5,1,intermediate_candidate,small_or_isolated_candidate,291.3066942081936,FALSE,FALSE,TRUE,0.375,FALSE,NA,FALSE,all_pairs_combn
C4,N11,5,1,intermediate_candidate,small_or_isolated_candidate,293.74780277785425,FALSE,FALSE,TRUE,0.375,FALSE,NA,FALSE,all_pairs_combn
C15,N17,5,1,intermediate_candidate,small_or_isolated_candidate,300.10236082124226,FALSE,FALSE,TRUE,0.375,FALSE,NA,FALSE,all_pairs_combn
C15,N142,5,1,intermediate_candidate,small_or_isolated_candidate,301.9552056824657,FALSE,FALSE,TRUE,0.375,FALSE,NA,FALSE,all_pairs_combn
C15,N259,5,1,intermediate_candidate,small_or_isolated_candidate,310.5682238170584,FALSE,FALSE,TRUE,0.375,FALSE,NA,FALSE,all_pairs_combn
C15,N146,5,1,intermediate_candidate,small_or_isolated_candidate,324.1482041649084,FALSE,FALSE,FALSE,0.375,FALSE,NA,FALSE,all_pairs_combn
C15,N11,5,1,intermediate_candidate,small_or_isolated_candidate,332.6210891347077,FALSE,FALSE,FALSE,0.375,FALSE,NA,FALSE,all_pairs_combn
C4,N17,5,1,intermediate_candidate,small_or_isolated_candidate,343.5836687929505,FALSE,FALSE,FALSE,0.375,FALSE,NA,FALSE,all_pairs_combn
C4,N18,5,1,intermediate_candidate,small_or_isolated_candidate,350.92871144589304,FALSE,FALSE,FALSE,0.375,FALSE,NA,FALSE,all_pairs_combn
C15,N150,5,1,intermediate_candidate,small_or_isolated_candidate,355.3903860911965,FALSE,FALSE,FALSE,0.375,FALSE,NA,FALSE,all_pairs_combn
C15,N132,5,1,intermediate_candidate,small_or_isolated_candidate,356.8765068467902,FALSE,FALSE,FALSE,0.375,FALSE,NA,FALSE,all_pairs_combn
C15,N136,5,1,intermediate_candidate,small_or_isolated_candidate,362.00856663431335,FALSE,FALSE,FALSE,0.375,FALSE,NA,FALSE,all_pairs_combn
C15,N296,5,1,intermediate_candidate,small_or_isolated_candidate,369.31371958274167,FALSE,FALSE,FALSE,0.375,FALSE,NA,FALSE,all_pairs_combn
C5,N62,5,1,intermediate_candidate,small_or_isolated_candidate,381.3533380750348,FALSE,FALSE,FALSE,0.375,FALSE,NA,FALSE,all_pairs_combn
C15,N149,5,1,intermediate_candidate,small_or_isolated_candidate,384.0404017777705,FALSE,FALSE,FALSE,0.375,FALSE,NA,FALSE,all_pairs_combn
C5,N63,5,1,intermediate_candidate,small_or_isolated_candidate,391.3395106621855,FALSE,FALSE,FALSE,0.375,FALSE,NA,FALSE,all_pairs_combn
C5,N66,5,1,intermediate_candidate,small_or_isolated_candidate,391.8638241041789,FALSE,FALSE,FALSE,0.375,FALSE,NA,FALSE,all_pairs_combn
C15,N128,5,1,intermediate_candidate,small_or_isolated_candidate,392.7891246547024,FALSE,FALSE,FALSE,0.375,FALSE,NA,FALSE,all_pairs_combn
C15,N127,5,1,intermediate_candidate,small_or_isolated_candidate,394.33389216283,FALSE,FALSE,FALSE,0.375,FALSE,NA,FALSE,all_pairs_combn
C15,N147,5,1,intermediate_candidate,small_or_isolated_candidate,398.6346397793611,FALSE,FALSE,FALSE,0.375,FALSE,NA,FALSE,all_pairs_combn
C15,N157,5,1,intermediate_candidate,small_or_isolated_candidate,407.78078842430796,FALSE,FALSE,FALSE,0.375,FALSE,NA,FALSE,all_pairs_combn
C15,N152,5,1,intermediate_candidate,small_or_isolated_candidate,412.8209778467177,FALSE,FALSE,FALSE,0.375,FALSE,NA,FALSE,all_pairs_combn
C15,N153,5,1,intermediate_candidate,small_or_isolated_candidate,413.05458030431964,FALSE,FALSE,FALSE,0.375,FALSE,NA,FALSE,all_pairs_combn
C15,N121,5,1,intermediate_candidate,small_or_isolated_candidate,415.0233572816061,FALSE,FALSE,FALSE,0.375,FALSE,NA,FALSE,all_pairs_combn
C15,N123,5,1,intermediate_candidate,small_or_isolated_candidate,416.6965093412248,FALSE,FALSE,FALSE,0.375,FALSE,NA,FALSE,all_pairs_combn
C15,N122,5,1,intermediate_candidate,small_or_isolated_candidate,418.5855228147645,FALSE,FALSE,FALSE,0.375,FALSE,NA,FALSE,all_pairs_combn
C15,N292,5,1,intermediate_candidate,small_or_isolated_candidate,426.1145899255454,FALSE,FALSE,FALSE,0.375,FALSE,NA,FALSE,all_pairs_combn
C15,N19,5,1,intermediate_candidate,small_or_isolated_candidate,427.9182679911343,FALSE,FALSE,FALSE,0.375,FALSE,NA,FALSE,all_pairs_combn
C15,N48,5,1,intermediate_candidate,small_or_isolated_candidate,429.1825583492527,FALSE,FALSE,FALSE,0.375,FALSE,NA,FALSE,all_pairs_combn
C15,N148,5,1,intermediate_candidate,small_or_isolated_candidate,435.9176339783641,FALSE,FALSE,FALSE,0.375,FALSE,NA,FALSE,all_pairs_combn
C15,N144,5,1,intermediate_candidate,small_or_isolated_candidate,436.28057587633157,FALSE,FALSE,FALSE,0.375,FALSE,NA,FALSE,all_pairs_combn
C15,N143,5,1,intermediate_candidate,small_or_isolated_candidate,438.75098600793643,FALSE,FALSE,FALSE,0.375,FALSE,NA,FALSE,all_pairs_combn
C15,N24,5,1,intermediate_candidate,small_or_isolated_candidate,439.3239477484569,FALSE,FALSE,FALSE,0.375,FALSE,NA,FALSE,all_pairs_combn
C5,N61,5,1,intermediate_candidate,small_or_isolated_candidate,454.6319287194299,FALSE,FALSE,FALSE,0.375,FALSE,NA,FALSE,all_pairs_combn
C15,N30,5,1,intermediate_candidate,small_or_isolated_candidate,455.91251243586385,FALSE,FALSE,FALSE,0.375,FALSE,NA,FALSE,all_pairs_combn
C5,N50,5,1,intermediate_candidate,small_or_isolated_candidate,456.0659157045572,FALSE,FALSE,FALSE,0.375,FALSE,NA,FALSE,all_pairs_combn
C5,N49,5,1,intermediate_candidate,small_or_isolated_candidate,457.9628036670647,FALSE,FALSE,FALSE,0.375,FALSE,NA,FALSE,all_pairs_combn
C15,N212,5,1,intermediate_candidate,small_or_isolated_candidate,473.2419436518938,FALSE,FALSE,FALSE,0.375,FALSE,NA,FALSE,all_pairs_combn
C5,N52,5,1,intermediate_candidate,small_or_isolated_candidate,479.4729187584154,FALSE,FALSE,FALSE,0.375,FALSE,NA,FALSE,all_pairs_combn
C5,N51,5,1,intermediate_candidate,small_or_isolated_candidate,479.62281192913855,FALSE,FALSE,FALSE,0.375,FALSE,NA,FALSE,all_pairs_combn
C5,N110,5,1,intermediate_candidate,small_or_isolated_candidate,485.5266572630923,FALSE,FALSE,FALSE,0.375,FALSE,NA,FALSE,all_pairs_combn
C5,N65,5,1,intermediate_candidate,small_or_isolated_candidate,487.804295035078,FALSE,FALSE,FALSE,0.375,FALSE,NA,FALSE,all_pairs_combn
C15,N51,5,1,intermediate_candidate,small_or_isolated_candidate,495.5671059896434,FALSE,FALSE,FALSE,0.375,FALSE,NA,FALSE,all_pairs_combn
C15,N52,5,1,intermediate_candidate,small_or_isolated_candidate,496.23503102853044,FALSE,FALSE,FALSE,0.375,FALSE,NA,FALSE,all_pairs_combn
C5,N20,5,1,intermediate_candidate,small_or_isolated_candidate,498.158400403311,FALSE,FALSE,FALSE,0.375,FALSE,NA,FALSE,all_pairs_combn
C15,N10,5,1,intermediate_candidate,small_or_isolated_candidate,500.2104882016586,FALSE,FALSE,FALSE,0.375,FALSE,NA,FALSE,all_pairs_combn
C15,N133,5,1,intermediate_candidate,small_or_isolated_candidate,504.4891017130773,FALSE,FALSE,FALSE,0.375,FALSE,NA,FALSE,all_pairs_combn
C5,N21,5,1,intermediate_candidate,small_or_isolated_candidate,508.7096837925056,FALSE,FALSE,FALSE,0.375,FALSE,NA,FALSE,all_pairs_combn
C5,N112,5,1,intermediate_candidate,small_or_isolated_candidate,518.3689878320062,FALSE,FALSE,FALSE,0.375,FALSE,NA,FALSE,all_pairs_combn
C5,N111,5,1,intermediate_candidate,small_or_isolated_candidate,521.0207811921839,FALSE,FALSE,FALSE,0.375,FALSE,NA,FALSE,all_pairs_combn
C15,N119,5,1,intermediate_candidate,small_or_isolated_candidate,524.3582651647589,FALSE,FALSE,FALSE,0.375,FALSE,NA,FALSE,all_pairs_combn
C15,N131,5,1,intermediate_candidate,small_or_isolated_candidate,533.5907928383845,FALSE,FALSE,FALSE,0.375,FALSE,NA,FALSE,all_pairs_combn
C15,N21,5,1,intermediate_candidate,small_or_isolated_candidate,537.06001169645,FALSE,FALSE,FALSE,0.375,FALSE,NA,FALSE,all_pairs_combn
C15,N22,5,1,intermediate_candidate,small_or_isolated_candidate,537.1230268765231,FALSE,FALSE,FALSE,0.375,FALSE,NA,FALSE,all_pairs_combn
C15,N49,5,1,intermediate_candidate,small_or_isolated_candidate,550.2742931993554,FALSE,FALSE,FALSE,0.375,FALSE,NA,FALSE,all_pairs_combn
C15,N50,5,1,intermediate_candidate,small_or_isolated_candidate,553.2654416716646,FALSE,FALSE,FALSE,0.375,FALSE,NA,FALSE,all_pairs_combn
C15,N20,5,1,intermediate_candidate,small_or_isolated_candidate,557.1874037211142,FALSE,FALSE,FALSE,0.375,FALSE,NA,FALSE,all_pairs_combn
C5,N30,5,1,intermediate_candidate,small_or_isolated_candidate,574.34349155551,FALSE,FALSE,FALSE,0.375,FALSE,NA,FALSE,all_pairs_combn
C15,N138,5,1,intermediate_candidate,small_or_isolated_candidate,579.0416761301013,FALSE,FALSE,FALSE,0.375,FALSE,NA,FALSE,all_pairs_combn
C15,N126,5,1,intermediate_candidate,small_or_isolated_candidate,590.8036785913628,FALSE,FALSE,FALSE,0.375,FALSE,NA,FALSE,all_pairs_combn
C4,N93,5,1,intermediate_candidate,small_or_isolated_candidate,598.4208070201215,FALSE,FALSE,FALSE,0.375,FALSE,NA,FALSE,all_pairs_combn
C15,N113,5,1,intermediate_candidate,small_or_isolated_candidate,604.0302372997487,FALSE,FALSE,FALSE,0.375,FALSE,NA,FALSE,all_pairs_combn
C4,N107,5,1,intermediate_candidate,small_or_isolated_candidate,605.2484199320209,FALSE,FALSE,FALSE,0.375,FALSE,NA,FALSE,all_pairs_combn
C5,N48,5,1,intermediate_candidate,small_or_isolated_candidate,606.8771286263003,FALSE,FALSE,FALSE,0.375,FALSE,NA,FALSE,all_pairs_combn
C15,N110,5,1,intermediate_candidate,small_or_isolated_candidate,609.5764733197151,FALSE,FALSE,FALSE,0.375,FALSE,NA,FALSE,all_pairs_combn
C4,N92,5,1,intermediate_candidate,small_or_isolated_candidate,613.4969049406809,FALSE,FALSE,FALSE,0.375,FALSE,NA,FALSE,all_pairs_combn
C15,N65,5,1,intermediate_candidate,small_or_isolated_candidate,618.874235200238,FALSE,FALSE,FALSE,0.375,FALSE,NA,FALSE,all_pairs_combn
C4,N71,5,1,intermediate_candidate,small_or_isolated_candidate,628.044319541527,FALSE,FALSE,FALSE,0.375,FALSE,NA,FALSE,all_pairs_combn
C4,N48,5,1,intermediate_candidate,small_or_isolated_candidate,629.7879251943729,FALSE,FALSE,FALSE,0.375,FALSE,NA,FALSE,all_pairs_combn
C15,N61,5,1,intermediate_candidate,small_or_isolated_candidate,631.5802992130774,FALSE,FALSE,FALSE,0.375,FALSE,NA,FALSE,all_pairs_combn
C4,N104,5,1,intermediate_candidate,small_or_isolated_candidate,633.2368196299499,FALSE,FALSE,FALSE,0.375,FALSE,NA,FALSE,all_pairs_combn
C5,N34,5,1,intermediate_candidate,small_or_isolated_candidate,634.0410119373975,FALSE,FALSE,FALSE,0.375,FALSE,NA,FALSE,all_pairs_combn
C4,N94,5,1,intermediate_candidate,small_or_isolated_candidate,640.0938395752712,FALSE,FALSE,FALSE,0.375,FALSE,NA,FALSE,all_pairs_combn
C4,N95,5,1,intermediate_candidate,small_or_isolated_candidate,643.5698556069698,FALSE,FALSE,FALSE,0.375,FALSE,NA,FALSE,all_pairs_combn
C5,N11,5,1,intermediate_candidate,small_or_isolated_candidate,645.466550481123,FALSE,FALSE,FALSE,0.375,FALSE,NA,FALSE,all_pairs_combn
C15,N118,5,1,intermediate_candidate,small_or_isolated_candidate,651.8943239964976,FALSE,FALSE,FALSE,0.375,FALSE,NA,FALSE,all_pairs_combn
C4,N145,5,1,intermediate_candidate,small_or_isolated_candidate,652.0035878135558,FALSE,FALSE,FALSE,0.375,FALSE,NA,FALSE,all_pairs_combn
C5,N17,5,1,intermediate_candidate,small_or_isolated_candidate,653.8373846274235,FALSE,FALSE,FALSE,0.375,FALSE,NA,FALSE,all_pairs_combn
C4,N96,5,1,intermediate_candidate,small_or_isolated_candidate,659.3591904924666,FALSE,FALSE,FALSE,0.375,FALSE,NA,FALSE,all_pairs_combn
C5,N33,5,1,intermediate_candidate,small_or_isolated_candidate,660.5418566564554,FALSE,FALSE,FALSE,0.375,FALSE,NA,FALSE,all_pairs_combn
C5,N18,5,1,intermediate_candidate,small_or_isolated_candidate,660.8866382690819,FALSE,FALSE,FALSE,0.375,FALSE,NA,FALSE,all_pairs_combn
C15,N117,5,1,intermediate_candidate,small_or_isolated_candidate,661.5330936707863,FALSE,FALSE,FALSE,0.375,FALSE,NA,FALSE,all_pairs_combn
C4,N308,5,1,intermediate_candidate,small_or_isolated_candidate,665.5469653420452,FALSE,FALSE,FALSE,0.375,FALSE,NA,FALSE,all_pairs_combn
C15,N62,5,1,intermediate_candidate,small_or_isolated_candidate,670.6082239732655,FALSE,FALSE,FALSE,0.375,FALSE,NA,FALSE,all_pairs_combn
C4,N294,5,1,intermediate_candidate,small_or_isolated_candidate,672.9170208292445,FALSE,FALSE,FALSE,0.375,FALSE,NA,FALSE,all_pairs_combn
C15,N66,5,1,intermediate_candidate,small_or_isolated_candidate,674.7965266348181,FALSE,FALSE,FALSE,0.375,FALSE,NA,FALSE,all_pairs_combn
C15,N63,5,1,intermediate_candidate,small_or_isolated_candidate,675.7941348748012,FALSE,FALSE,FALSE,0.375,FALSE,NA,FALSE,all_pairs_combn
C4,N259,5,1,intermediate_candidate,small_or_isolated_candidate,677.1552634618326,FALSE,FALSE,FALSE,0.375,FALSE,NA,FALSE,all_pairs_combn
C15,N112,5,1,intermediate_candidate,small_or_isolated_candidate,677.2663251044863,FALSE,FALSE,FALSE,0.375,FALSE,NA,FALSE,all_pairs_combn
C15,N111,5,1,intermediate_candidate,small_or_isolated_candidate,678.7448807864323,FALSE,FALSE,FALSE,0.375,FALSE,NA,FALSE,all_pairs_combn
C15,N134,5,1,intermediate_candidate,small_or_isolated_candidate,683.71444719116,FALSE,FALSE,FALSE,0.375,FALSE,NA,FALSE,all_pairs_combn
C15,N211,5,1,intermediate_candidate,small_or_isolated_candidate,687.8498475887241,FALSE,FALSE,FALSE,0.375,FALSE,NA,FALSE,all_pairs_combn
C4,N307,5,1,intermediate_candidate,small_or_isolated_candidate,689.7817146452439,FALSE,FALSE,FALSE,0.375,FALSE,NA,FALSE,all_pairs_combn
C5,N22,5,1,intermediate_candidate,small_or_isolated_candidate,691.3427544049465,FALSE,FALSE,FALSE,0.375,FALSE,NA,FALSE,all_pairs_combn
C5,N19,5,1,intermediate_candidate,small_or_isolated_candidate,697.5293797850215,FALSE,FALSE,FALSE,0.375,FALSE,NA,FALSE,all_pairs_combn
C15,N124,5,1,intermediate_candidate,small_or_isolated_candidate,699.4400014478218,FALSE,FALSE,FALSE,0.375,FALSE,NA,FALSE,all_pairs_combn
C15,N129,5,1,intermediate_candidate,small_or_isolated_candidate,700.5367220490098,FALSE,FALSE,FALSE,0.375,FALSE,NA,FALSE,all_pairs_combn
C4,N110,5,1,intermediate_candidate,small_or_isolated_candidate,702.0248194905503,FALSE,FALSE,FALSE,0.375,FALSE,NA,FALSE,all_pairs_combn
C4,N132,5,1,intermediate_candidate,small_or_isolated_candidate,702.2199573358101,FALSE,FALSE,FALSE,0.375,FALSE,NA,FALSE,all_pairs_combn
C4,N140,5,1,intermediate_candidate,small_or_isolated_candidate,710.1026060234842,FALSE,FALSE,FALSE,0.375,FALSE,NA,FALSE,all_pairs_combn
C4,N141,5,1,intermediate_candidate,small_or_isolated_candidate,710.7382602083409,FALSE,FALSE,FALSE,0.375,FALSE,NA,FALSE,all_pairs_combn
C4,N305,5,1,intermediate_candidate,small_or_isolated_candidate,718.3739840200001,FALSE,FALSE,FALSE,0.375,FALSE,NA,FALSE,all_pairs_combn
C15,N125,5,1,intermediate_candidate,small_or_isolated_candidate,718.6914402280299,FALSE,FALSE,FALSE,0.375,FALSE,NA,FALSE,all_pairs_combn
C15,N107,5,1,intermediate_candidate,small_or_isolated_candidate,719.9765988150299,FALSE,FALSE,FALSE,0.375,FALSE,NA,FALSE,all_pairs_combn
C4,N150,5,1,intermediate_candidate,small_or_isolated_candidate,722.7793777785165,FALSE,FALSE,FALSE,0.375,FALSE,NA,FALSE,all_pairs_combn
C5,N10,5,1,intermediate_candidate,small_or_isolated_candidate,726.0054748784378,FALSE,FALSE,FALSE,0.375,FALSE,NA,FALSE,all_pairs_combn
C5,N123,5,1,intermediate_candidate,small_or_isolated_candidate,745.6484279380454,FALSE,FALSE,FALSE,0.375,FALSE,NA,FALSE,all_pairs_combn
C5,N122,5,1,intermediate_candidate,small_or_isolated_candidate,747.3128828289533,FALSE,FALSE,FALSE,0.375,FALSE,NA,FALSE,all_pairs_combn
C4,N123,5,1,intermediate_candidate,small_or_isolated_candidate,747.6971579151601,FALSE,FALSE,FALSE,0.375,FALSE,NA,FALSE,all_pairs_combn
C5,N121,5,1,intermediate_candidate,small_or_isolated_candidate,748.46427045541,FALSE,FALSE,FALSE,0.375,FALSE,NA,FALSE,all_pairs_combn
C4,N121,5,1,intermediate_candidate,small_or_isolated_candidate,748.580978187627,FALSE,FALSE,FALSE,0.375,FALSE,NA,FALSE,all_pairs_combn
C4,N122,5,1,intermediate_candidate,small_or_isolated_candidate,750.5539510729659,FALSE,FALSE,FALSE,0.375,FALSE,NA,FALSE,all_pairs_combn
C5,N24,5,1,intermediate_candidate,small_or_isolated_candidate,751.5654274487064,FALSE,FALSE,FALSE,0.375,FALSE,NA,FALSE,all_pairs_combn
C4,N304,5,1,intermediate_candidate,small_or_isolated_candidate,752.7169450400211,FALSE,FALSE,FALSE,0.375,FALSE,NA,FALSE,all_pairs_combn
C15,N104,5,1,intermediate_candidate,small_or_isolated_candidate,756.0801484991912,FALSE,FALSE,FALSE,0.375,FALSE,NA,FALSE,all_pairs_combn
C4,N300,5,1,intermediate_candidate,small_or_isolated_candidate,758.2653646727847,FALSE,FALSE,FALSE,0.375,FALSE,NA,FALSE,all_pairs_combn
C5,N259,5,1,intermediate_candidate,small_or_isolated_candidate,767.5433842246628,FALSE,FALSE,FALSE,0.375,FALSE,NA,FALSE,all_pairs_combn
C4,N136,5,1,intermediate_candidate,small_or_isolated_candidate,770.4592584755441,FALSE,FALSE,FALSE,0.375,FALSE,NA,FALSE,all_pairs_combn
C5,N150,5,1,intermediate_candidate,small_or_isolated_candidate,776.4610060016237,FALSE,FALSE,FALSE,0.375,FALSE,NA,FALSE,all_pairs_combn
C15,N96,5,1,intermediate_candidate,small_or_isolated_candidate,788.8724617350478,FALSE,FALSE,FALSE,0.375,FALSE,NA,FALSE,all_pairs_combn
C4,N112,5,1,intermediate_candidate,small_or_isolated_candidate,790.3505645371009,FALSE,FALSE,FALSE,0.375,FALSE,NA,FALSE,all_pairs_combn
C4,N111,5,1,intermediate_candidate,small_or_isolated_candidate,793.5437357811518,FALSE,FALSE,FALSE,0.375,FALSE,NA,FALSE,all_pairs_combn
C4,N127,5,1,intermediate_candidate,small_or_isolated_candidate,815.6173067238076,FALSE,FALSE,FALSE,0.375,FALSE,NA,FALSE,all_pairs_combn
C4,N128,5,1,intermediate_candidate,small_or_isolated_candidate,816.0545747903461,FALSE,FALSE,FALSE,0.375,FALSE,NA,FALSE,all_pairs_combn
C15,N135,5,1,intermediate_candidate,small_or_isolated_candidate,824.8840829742155,FALSE,FALSE,FALSE,0.375,FALSE,NA,FALSE,all_pairs_combn
C5,N136,5,1,intermediate_candidate,small_or_isolated_candidate,831.3757517091767,FALSE,FALSE,FALSE,0.375,FALSE,NA,FALSE,all_pairs_combn
C15,N92,5,1,intermediate_candidate,small_or_isolated_candidate,834.0875722480322,FALSE,FALSE,FALSE,0.375,FALSE,NA,FALSE,all_pairs_combn
C4,N146,5,1,intermediate_candidate,small_or_isolated_candidate,852.4901482301398,FALSE,FALSE,FALSE,0.375,FALSE,NA,FALSE,all_pairs_combn
C5,N138,5,1,intermediate_candidate,small_or_isolated_candidate,854.0657341872075,FALSE,FALSE,FALSE,0.375,FALSE,NA,FALSE,all_pairs_combn
C15,N95,5,1,intermediate_candidate,small_or_isolated_candidate,854.2304641659283,FALSE,FALSE,FALSE,0.375,FALSE,NA,FALSE,all_pairs_combn
C15,N94,5,1,intermediate_candidate,small_or_isolated_candidate,860.9786195738512,FALSE,FALSE,FALSE,0.375,FALSE,NA,FALSE,all_pairs_combn
C4,N142,5,1,intermediate_candidate,small_or_isolated_candidate,864.5207564795243,FALSE,FALSE,FALSE,0.375,FALSE,NA,FALSE,all_pairs_combn
C5,N32,5,1,intermediate_candidate,small_or_isolated_candidate,870.2133996621191,FALSE,FALSE,FALSE,0.375,FALSE,NA,FALSE,all_pairs_combn
C15,N93,5,1,intermediate_candidate,small_or_isolated_candidate,883.6331899072874,FALSE,FALSE,FALSE,0.375,FALSE,NA,FALSE,all_pairs_combn
C4,N292,5,1,intermediate_candidate,small_or_isolated_candidate,890.5314370196644,FALSE,FALSE,FALSE,0.375,FALSE,NA,FALSE,all_pairs_combn
C4,N149,5,1,intermediate_candidate,small_or_isolated_candidate,897.2020973344668,FALSE,FALSE,FALSE,0.375,FALSE,NA,FALSE,all_pairs_combn
C5,N69,5,1,intermediate_candidate,small_or_isolated_candidate,907.6205777254997,FALSE,FALSE,FALSE,0.375,FALSE,NA,FALSE,all_pairs_combn
C5,N211,5,1,intermediate_candidate,small_or_isolated_candidate,914.6248215965494,FALSE,FALSE,FALSE,0.375,FALSE,NA,FALSE,all_pairs_combn
C15,N137,5,1,intermediate_candidate,small_or_isolated_candidate,916.6073047624958,FALSE,FALSE,FALSE,0.375,FALSE,NA,FALSE,all_pairs_combn
C4,N296,5,1,intermediate_candidate,small_or_isolated_candidate,927.5832122502691,FALSE,FALSE,FALSE,0.375,FALSE,NA,FALSE,all_pairs_combn
C4,N144,5,1,intermediate_candidate,small_or_isolated_candidate,928.2086147635748,FALSE,FALSE,FALSE,0.375,FALSE,NA,FALSE,all_pairs_combn
C5,N126,5,1,intermediate_candidate,small_or_isolated_candidate,936.5993817149385,FALSE,FALSE,FALSE,0.375,FALSE,NA,FALSE,all_pairs_combn
C4,N143,5,1,intermediate_candidate,small_or_isolated_candidate,938.1928860527129,FALSE,FALSE,FALSE,0.375,FALSE,NA,FALSE,all_pairs_combn
C4,N138,5,1,intermediate_candidate,small_or_isolated_candidate,940.9998784751315,FALSE,FALSE,FALSE,0.375,FALSE,NA,FALSE,all_pairs_combn
C5,N35,5,1,intermediate_candidate,small_or_isolated_candidate,945.7544903025429,FALSE,FALSE,FALSE,0.375,FALSE,NA,FALSE,all_pairs_combn
C5,N292,5,1,intermediate_candidate,small_or_isolated_candidate,947.9196545547209,FALSE,FALSE,FALSE,0.375,FALSE,NA,FALSE,all_pairs_combn
C4,N147,5,1,intermediate_candidate,small_or_isolated_candidate,948.6884046501658,FALSE,FALSE,FALSE,0.375,FALSE,NA,FALSE,all_pairs_combn
C5,N36,5,1,intermediate_candidate,small_or_isolated_candidate,951.9657257782115,FALSE,FALSE,FALSE,0.375,FALSE,NA,FALSE,all_pairs_combn
C5,N118,5,1,intermediate_candidate,small_or_isolated_candidate,967.0085901676425,FALSE,FALSE,FALSE,0.375,FALSE,NA,FALSE,all_pairs_combn
C5,N141,5,1,intermediate_candidate,small_or_isolated_candidate,968.4714293115684,FALSE,FALSE,FALSE,0.375,FALSE,NA,FALSE,all_pairs_combn
C5,N119,5,1,intermediate_candidate,small_or_isolated_candidate,969.2757344833951,FALSE,FALSE,FALSE,0.375,FALSE,NA,FALSE,all_pairs_combn
C4,N119,5,1,intermediate_candidate,small_or_isolated_candidate,969.5902386578953,FALSE,FALSE,FALSE,0.375,FALSE,NA,FALSE,all_pairs_combn
C5,N140,5,1,intermediate_candidate,small_or_isolated_candidate,971.1125156408699,FALSE,FALSE,FALSE,0.375,FALSE,NA,FALSE,all_pairs_combn
C5,N294,5,1,intermediate_candidate,small_or_isolated_candidate,980.0980958789514,FALSE,FALSE,FALSE,0.375,FALSE,NA,FALSE,all_pairs_combn
C5,N117,5,1,intermediate_candidate,small_or_isolated_candidate,985.3237884705524,FALSE,FALSE,FALSE,0.375,FALSE,NA,FALSE,all_pairs_combn
C4,N157,5,1,intermediate_candidate,small_or_isolated_candidate,986.5909059122351,FALSE,FALSE,FALSE,0.375,FALSE,NA,FALSE,all_pairs_combn
C4,N152,5,1,intermediate_candidate,small_or_isolated_candidate,993.875295713813,FALSE,FALSE,FALSE,0.375,FALSE,NA,FALSE,all_pairs_combn
C4,N153,5,1,intermediate_candidate,small_or_isolated_candidate,994.3762173244551,FALSE,FALSE,FALSE,0.375,FALSE,NA,FALSE,all_pairs_combn
C5,N145,5,1,intermediate_candidate,small_or_isolated_candidate,995.6021921919996,FALSE,FALSE,FALSE,0.375,FALSE,NA,FALSE,all_pairs_combn
C4,N126,5,1,intermediate_candidate,small_or_isolated_candidate,996.6226409320179,FALSE,FALSE,FALSE,0.375,FALSE,NA,FALSE,all_pairs_combn
C4,N148,5,1,intermediate_candidate,small_or_isolated_candidate,1001.024519170885,FALSE,FALSE,FALSE,0.375,FALSE,NA,FALSE,all_pairs_combn
C15,N71,5,1,intermediate_candidate,small_or_isolated_candidate,1003.7044879411635,FALSE,FALSE,FALSE,0.375,FALSE,NA,FALSE,all_pairs_combn
C5,N144,5,1,intermediate_candidate,small_or_isolated_candidate,1004.6937084232735,FALSE,FALSE,FALSE,0.375,FALSE,NA,FALSE,all_pairs_combn
C15,N69,5,1,intermediate_candidate,small_or_isolated_candidate,1008.541715682457,FALSE,FALSE,FALSE,0.375,FALSE,NA,FALSE,all_pairs_combn
C15,N182,5,1,intermediate_candidate,small_or_isolated_candidate,1008.6091694221269,FALSE,FALSE,FALSE,0.375,FALSE,NA,FALSE,all_pairs_combn
C5,N146,5,1,intermediate_candidate,small_or_isolated_candidate,1008.7827136263292,FALSE,FALSE,FALSE,0.375,FALSE,NA,FALSE,all_pairs_combn
C5,N149,5,1,intermediate_candidate,small_or_isolated_candidate,1014.695311262094,FALSE,FALSE,FALSE,0.375,FALSE,NA,FALSE,all_pairs_combn
C5,N134,5,1,intermediate_candidate,small_or_isolated_candidate,1016.4334243277425,FALSE,FALSE,FALSE,0.375,FALSE,NA,FALSE,all_pairs_combn
C5,N143,5,1,intermediate_candidate,small_or_isolated_candidate,1021.0636819323486,FALSE,FALSE,FALSE,0.375,FALSE,NA,FALSE,all_pairs_combn
C15,N120,5,1,intermediate_candidate,small_or_isolated_candidate,1023.2546888664164,FALSE,FALSE,FALSE,0.375,FALSE,NA,FALSE,all_pairs_combn
C5,N124,5,1,intermediate_candidate,small_or_isolated_candidate,1027.6393660453602,FALSE,FALSE,FALSE,0.375,FALSE,NA,FALSE,all_pairs_combn
C5,N308,5,1,intermediate_candidate,small_or_isolated_candidate,1036.7775809777172,FALSE,FALSE,FALSE,0.375,FALSE,NA,FALSE,all_pairs_combn
C4,N212,5,1,intermediate_candidate,small_or_isolated_candidate,1042.3399634106745,FALSE,FALSE,FALSE,0.375,FALSE,NA,FALSE,all_pairs_combn
C4,N211,5,1,intermediate_candidate,small_or_isolated_candidate,1049.3473659519195,FALSE,FALSE,FALSE,0.375,FALSE,NA,FALSE,all_pairs_combn
C4,N118,5,1,intermediate_candidate,small_or_isolated_candidate,1054.001938595787,FALSE,FALSE,FALSE,0.375,FALSE,NA,FALSE,all_pairs_combn
C5,N125,5,1,intermediate_candidate,small_or_isolated_candidate,1055.2570803277447,FALSE,FALSE,FALSE,0.375,FALSE,NA,FALSE,all_pairs_combn
C5,N129,5,1,intermediate_candidate,small_or_isolated_candidate,1064.433552847709,FALSE,FALSE,FALSE,0.375,FALSE,NA,FALSE,all_pairs_combn
C5,N307,5,1,intermediate_candidate,small_or_isolated_candidate,1068.3960613847978,FALSE,FALSE,FALSE,0.375,FALSE,NA,FALSE,all_pairs_combn
C4,N117,5,1,intermediate_candidate,small_or_isolated_candidate,1070.0918360307307,FALSE,FALSE,FALSE,0.375,FALSE,NA,FALSE,all_pairs_combn
C5,N142,5,1,intermediate_candidate,small_or_isolated_candidate,1073.4591239070855,FALSE,FALSE,FALSE,0.375,FALSE,NA,FALSE,all_pairs_combn
C4,N133,5,1,intermediate_candidate,small_or_isolated_candidate,1079.1869913559901,FALSE,FALSE,FALSE,0.375,FALSE,NA,FALSE,all_pairs_combn
C15,N207,5,1,intermediate_candidate,small_or_isolated_candidate,1081.0175461068843,FALSE,FALSE,FALSE,0.375,FALSE,NA,FALSE,all_pairs_combn
C4,N134,5,1,intermediate_candidate,small_or_isolated_candidate,1100.8606107035062,FALSE,FALSE,FALSE,0.375,FALSE,NA,FALSE,all_pairs_combn
C15,N151,5,1,intermediate_candidate,small_or_isolated_candidate,1102.044577712659,FALSE,FALSE,FALSE,0.375,FALSE,NA,FALSE,all_pairs_combn
C5,N31,5,1,intermediate_candidate,small_or_isolated_candidate,1103.6003307888902,FALSE,FALSE,FALSE,0.375,FALSE,NA,FALSE,all_pairs_combn
C15,N114,5,1,intermediate_candidate,small_or_isolated_candidate,1105.744822535358,FALSE,FALSE,FALSE,0.375,FALSE,NA,FALSE,all_pairs_combn
C5,N147,5,1,intermediate_candidate,small_or_isolated_candidate,1107.9172492504706,FALSE,FALSE,FALSE,0.375,FALSE,NA,FALSE,all_pairs_combn
C4,N131,5,1,intermediate_candidate,small_or_isolated_candidate,1109.019628800875,FALSE,FALSE,FALSE,0.375,FALSE,NA,FALSE,all_pairs_combn
C4,N124,5,1,intermediate_candidate,small_or_isolated_candidate,1116.908328151306,FALSE,FALSE,FALSE,0.375,FALSE,NA,FALSE,all_pairs_combn
C4,N129,5,1,intermediate_candidate,small_or_isolated_candidate,1135.9951875980996,FALSE,FALSE,FALSE,0.375,FALSE,NA,FALSE,all_pairs_combn
C4,N125,5,1,intermediate_candidate,small_or_isolated_candidate,1143.3847529991517,FALSE,FALSE,FALSE,0.375,FALSE,NA,FALSE,all_pairs_combn
C15,N206,5,1,intermediate_candidate,small_or_isolated_candidate,1160.5985235145492,FALSE,FALSE,FALSE,0.375,FALSE,NA,FALSE,all_pairs_combn
C5,N305,5,1,intermediate_candidate,small_or_isolated_candidate,1163.8543092267616,FALSE,FALSE,FALSE,0.375,FALSE,NA,FALSE,all_pairs_combn
C5,N68,5,1,intermediate_candidate,small_or_isolated_candidate,1170.08910284895,FALSE,FALSE,FALSE,0.375,FALSE,NA,FALSE,all_pairs_combn
C15,N34,5,1,intermediate_candidate,small_or_isolated_candidate,1172.9161960413614,FALSE,FALSE,FALSE,0.375,FALSE,NA,FALSE,all_pairs_combn
C4,N113,5,1,intermediate_candidate,small_or_isolated_candidate,1176.2485280136186,FALSE,FALSE,FALSE,0.375,FALSE,NA,FALSE,all_pairs_combn
C5,N148,5,1,intermediate_candidate,small_or_isolated_candidate,1179.7452611576687,FALSE,FALSE,FALSE,0.375,FALSE,NA,FALSE,all_pairs_combn
C4,N34,5,1,intermediate_candidate,small_or_isolated_candidate,1186.2796236425934,FALSE,FALSE,FALSE,0.375,FALSE,NA,FALSE,all_pairs_combn
C5,N300,5,1,intermediate_candidate,small_or_isolated_candidate,1188.1952058669583,FALSE,FALSE,FALSE,0.375,FALSE,NA,FALSE,all_pairs_combn
C5,N304,5,1,intermediate_candidate,small_or_isolated_candidate,1193.9382401305802,FALSE,FALSE,FALSE,0.375,FALSE,NA,FALSE,all_pairs_combn
C15,N33,5,1,intermediate_candidate,small_or_isolated_candidate,1213.6740595141796,FALSE,FALSE,FALSE,0.375,FALSE,NA,FALSE,all_pairs_combn
C5,N157,5,1,intermediate_candidate,small_or_isolated_candidate,1214.1621133811984,FALSE,FALSE,FALSE,0.375,FALSE,NA,FALSE,all_pairs_combn
C5,N132,5,1,intermediate_candidate,small_or_isolated_candidate,1222.5257293023226,FALSE,FALSE,FALSE,0.375,FALSE,NA,FALSE,all_pairs_combn
C4,N33,5,1,intermediate_candidate,small_or_isolated_candidate,1222.7630407662373,FALSE,FALSE,FALSE,0.375,FALSE,NA,FALSE,all_pairs_combn
C5,N212,5,1,intermediate_candidate,small_or_isolated_candidate,1223.134922400097,FALSE,FALSE,FALSE,0.375,FALSE,NA,FALSE,all_pairs_combn
C5,N152,5,1,intermediate_candidate,small_or_isolated_candidate,1233.192266048604,FALSE,FALSE,FALSE,0.375,FALSE,NA,FALSE,all_pairs_combn
C5,N153,5,1,intermediate_candidate,small_or_isolated_candidate,1235.5839111888038,FALSE,FALSE,FALSE,0.375,FALSE,NA,FALSE,all_pairs_combn
C4,N69,5,1,intermediate_candidate,small_or_isolated_candidate,1248.9650194089368,FALSE,FALSE,FALSE,0.375,FALSE,NA,FALSE,all_pairs_combn
C5,N133,5,1,intermediate_candidate,small_or_isolated_candidate,1271.894173193509,FALSE,FALSE,FALSE,0.375,FALSE,NA,FALSE,all_pairs_combn
C15,N32,5,1,intermediate_candidate,small_or_isolated_candidate,1281.3530688582798,FALSE,FALSE,FALSE,0.375,FALSE,NA,FALSE,all_pairs_combn
C5,N296,5,1,intermediate_candidate,small_or_isolated_candidate,1290.9556795480273,FALSE,FALSE,FALSE,0.375,FALSE,NA,FALSE,all_pairs_combn
C5,N67,5,1,intermediate_candidate,small_or_isolated_candidate,1297.706457174229,FALSE,FALSE,FALSE,0.375,FALSE,NA,FALSE,all_pairs_combn
C5,N128,5,1,intermediate_candidate,small_or_isolated_candidate,1303.423493092472,FALSE,FALSE,FALSE,0.375,FALSE,NA,FALSE,all_pairs_combn
C5,N127,5,1,intermediate_candidate,small_or_isolated_candidate,1304.2089510333326,FALSE,FALSE,FALSE,0.375,FALSE,NA,FALSE,all_pairs_combn
C5,N207,5,1,intermediate_candidate,small_or_isolated_candidate,1378.9350164837272,FALSE,FALSE,FALSE,0.375,FALSE,NA,FALSE,all_pairs_combn
C4,N32,5,1,intermediate_candidate,small_or_isolated_candidate,1381.1778531598723,FALSE,FALSE,FALSE,0.375,FALSE,NA,FALSE,all_pairs_combn
C4,N135,5,1,intermediate_candidate,small_or_isolated_candidate,1404.8667937270739,FALSE,FALSE,FALSE,0.375,FALSE,NA,FALSE,all_pairs_combn
C5,N131,5,1,intermediate_candidate,small_or_isolated_candidate,1418.207324146781,FALSE,FALSE,FALSE,0.375,FALSE,NA,FALSE,all_pairs_combn
C5,N113,5,1,intermediate_candidate,small_or_isolated_candidate,1491.570581038594,FALSE,FALSE,FALSE,0.375,FALSE,NA,FALSE,all_pairs_combn
C15,N36,5,1,intermediate_candidate,small_or_isolated_candidate,1493.9080542657384,FALSE,FALSE,FALSE,0.375,FALSE,NA,FALSE,all_pairs_combn
C4,N137,5,1,intermediate_candidate,small_or_isolated_candidate,1494.6908124297538,FALSE,FALSE,FALSE,0.375,FALSE,NA,FALSE,all_pairs_combn
C15,N35,5,1,intermediate_candidate,small_or_isolated_candidate,1505.8301086013137,FALSE,FALSE,FALSE,0.375,FALSE,NA,FALSE,all_pairs_combn
C4,N207,5,1,intermediate_candidate,small_or_isolated_candidate,1525.073681096919,FALSE,FALSE,FALSE,0.375,FALSE,NA,FALSE,all_pairs_combn
C4,N36,5,1,intermediate_candidate,small_or_isolated_candidate,1530.3197376391608,FALSE,FALSE,FALSE,0.375,FALSE,NA,FALSE,all_pairs_combn
C4,N35,5,1,intermediate_candidate,small_or_isolated_candidate,1531.4581849758838,FALSE,FALSE,FALSE,0.375,FALSE,NA,FALSE,all_pairs_combn
C4,N182,5,1,intermediate_candidate,small_or_isolated_candidate,1559.2421962329247,FALSE,FALSE,FALSE,0.375,FALSE,NA,FALSE,all_pairs_combn
C4,N120,5,1,intermediate_candidate,small_or_isolated_candidate,1579.4286705807235,FALSE,FALSE,FALSE,0.375,FALSE,NA,FALSE,all_pairs_combn
C5,N114,5,1,intermediate_candidate,small_or_isolated_candidate,1579.5555868257109,FALSE,FALSE,FALSE,0.375,FALSE,NA,FALSE,all_pairs_combn
C5,N135,5,1,intermediate_candidate,small_or_isolated_candidate,1581.4188599639203,FALSE,FALSE,FALSE,0.375,FALSE,NA,FALSE,all_pairs_combn
C15,N31,5,1,intermediate_candidate,small_or_isolated_candidate,1597.8931663362396,FALSE,FALSE,FALSE,0.375,FALSE,NA,FALSE,all_pairs_combn
C5,N182,5,1,intermediate_candidate,small_or_isolated_candidate,1606.9660074161934,FALSE,FALSE,FALSE,0.375,FALSE,NA,FALSE,all_pairs_combn
C4,N114,5,1,intermediate_candidate,small_or_isolated_candidate,1620.4300648114272,FALSE,FALSE,FALSE,0.375,FALSE,NA,FALSE,all_pairs_combn
C5,N206,5,1,intermediate_candidate,small_or_isolated_candidate,1620.9229574305048,FALSE,FALSE,FALSE,0.375,FALSE,NA,FALSE,all_pairs_combn
C5,N120,5,1,intermediate_candidate,small_or_isolated_candidate,1640.2597068350658,FALSE,FALSE,FALSE,0.375,FALSE,NA,FALSE,all_pairs_combn
C4,N151,5,1,intermediate_candidate,small_or_isolated_candidate,1653.3224312850482,FALSE,FALSE,FALSE,0.375,FALSE,NA,FALSE,all_pairs_combn
C4,N31,5,1,intermediate_candidate,small_or_isolated_candidate,1668.9266749402898,FALSE,FALSE,FALSE,0.375,FALSE,NA,FALSE,all_pairs_combn
C4,N206,5,1,intermediate_candidate,small_or_isolated_candidate,1672.902916922209,FALSE,FALSE,FALSE,0.375,FALSE,NA,FALSE,all_pairs_combn
C15,N68,5,1,intermediate_candidate,small_or_isolated_candidate,1675.3318123693577,FALSE,FALSE,FALSE,0.375,FALSE,NA,FALSE,all_pairs_combn
C5,N151,5,1,intermediate_candidate,small_or_isolated_candidate,1692.382613525255,FALSE,FALSE,FALSE,0.375,FALSE,NA,FALSE,all_pairs_combn
C4,N68,5,1,intermediate_candidate,small_or_isolated_candidate,1742.9569354269076,FALSE,FALSE,FALSE,0.375,FALSE,NA,FALSE,all_pairs_combn
C5,N137,5,1,intermediate_candidate,small_or_isolated_candidate,1765.6727706466509,FALSE,FALSE,FALSE,0.375,FALSE,NA,FALSE,all_pairs_combn
C15,N67,5,1,intermediate_candidate,small_or_isolated_candidate,1878.3185560146217,FALSE,FALSE,FALSE,0.375,FALSE,NA,FALSE,all_pairs_combn
C4,N67,5,1,intermediate_candidate,small_or_isolated_candidate,1904.1301802893697,FALSE,FALSE,FALSE,0.375,FALSE,NA,FALSE,all_pairs_combn
C8,N104,4,1,intermediate_candidate,small_or_isolated_candidate,73.94748949854412,FALSE,FALSE,TRUE,0.3125,FALSE,NA,FALSE,all_pairs_combn
C8,N107,4,1,intermediate_candidate,small_or_isolated_candidate,74.81498562924929,FALSE,FALSE,TRUE,0.3125,FALSE,NA,FALSE,all_pairs_combn
C8,N92,4,1,intermediate_candidate,small_or_isolated_candidate,82.12474091107353,FALSE,FALSE,TRUE,0.3125,FALSE,NA,FALSE,all_pairs_combn
C8,N96,4,1,intermediate_candidate,small_or_isolated_candidate,87.59636717648704,FALSE,FALSE,TRUE,0.3125,FALSE,NA,FALSE,all_pairs_combn
C16,N300,4,1,intermediate_candidate,small_or_isolated_candidate,89.60913380211743,FALSE,FALSE,TRUE,0.3125,FALSE,NA,FALSE,all_pairs_combn
C8,N95,4,1,intermediate_candidate,small_or_isolated_candidate,98.94357675709557,FALSE,FALSE,TRUE,0.3125,FALSE,NA,FALSE,all_pairs_combn
C16,N304,4,1,intermediate_candidate,small_or_isolated_candidate,103.79921818051464,FALSE,FALSE,TRUE,0.3125,FALSE,NA,FALSE,all_pairs_combn
C16,N296,4,1,intermediate_candidate,small_or_isolated_candidate,104.30792757207976,FALSE,FALSE,TRUE,0.3125,FALSE,NA,FALSE,all_pairs_combn
C8,N94,4,1,intermediate_candidate,small_or_isolated_candidate,106.56436508042806,FALSE,FALSE,TRUE,0.3125,FALSE,NA,FALSE,all_pairs_combn
C3,N107,4,1,intermediate_candidate,small_or_isolated_candidate,129.5982461511341,FALSE,FALSE,TRUE,0.3125,FALSE,NA,FALSE,all_pairs_combn
C16,N305,4,1,intermediate_candidate,small_or_isolated_candidate,133.93131652803604,FALSE,FALSE,TRUE,0.3125,FALSE,NA,FALSE,all_pairs_combn
C9,N131,4,1,intermediate_candidate,small_or_isolated_candidate,156.10090907250654,FALSE,FALSE,TRUE,0.3125,FALSE,NA,FALSE,all_pairs_combn
C8,N93,4,1,intermediate_candidate,small_or_isolated_candidate,160.3345998614148,FALSE,FALSE,TRUE,0.3125,FALSE,NA,FALSE,all_pairs_combn
C9,N133,4,1,intermediate_candidate,small_or_isolated_candidate,163.0647050886039,FALSE,FALSE,TRUE,0.3125,FALSE,NA,FALSE,all_pairs_combn
C3,N104,4,1,intermediate_candidate,small_or_isolated_candidate,166.04427136158134,FALSE,FALSE,TRUE,0.3125,FALSE,NA,FALSE,all_pairs_combn
C9,N113,4,1,intermediate_candidate,small_or_isolated_candidate,170.2984011994038,FALSE,FALSE,TRUE,0.3125,FALSE,NA,FALSE,all_pairs_combn
C16,N128,4,1,intermediate_candidate,small_or_isolated_candidate,178.03249076768097,FALSE,FALSE,TRUE,0.3125,FALSE,NA,FALSE,all_pairs_combn
C16,N307,4,1,intermediate_candidate,small_or_isolated_candidate,178.59097044958216,FALSE,FALSE,TRUE,0.3125,FALSE,NA,FALSE,all_pairs_combn
C16,N127,4,1,intermediate_candidate,small_or_isolated_candidate,180.87113559846568,FALSE,FALSE,TRUE,0.3125,FALSE,NA,FALSE,all_pairs_combn
C9,N153,4,1,intermediate_candidate,small_or_isolated_candidate,197.66359823405864,FALSE,FALSE,TRUE,0.3125,FALSE,NA,FALSE,all_pairs_combn
C9,N152,4,1,intermediate_candidate,small_or_isolated_candidate,199.12774412659684,FALSE,FALSE,TRUE,0.3125,FALSE,NA,FALSE,all_pairs_combn
C3,N96,4,1,intermediate_candidate,small_or_isolated_candidate,199.1650789121473,FALSE,FALSE,TRUE,0.3125,FALSE,NA,FALSE,all_pairs_combn
C16,N308,4,1,intermediate_candidate,small_or_isolated_candidate,210.15639631223723,FALSE,FALSE,TRUE,0.3125,FALSE,NA,FALSE,all_pairs_combn
C9,N212,4,1,intermediate_candidate,small_or_isolated_candidate,211.88797750851697,FALSE,FALSE,TRUE,0.3125,FALSE,NA,FALSE,all_pairs_combn
C9,N157,4,1,intermediate_candidate,small_or_isolated_candidate,214.01218905748604,FALSE,FALSE,TRUE,0.3125,FALSE,NA,FALSE,all_pairs_combn
C3,N110,4,1,intermediate_candidate,small_or_isolated_candidate,225.569405435358,FALSE,FALSE,TRUE,0.3125,FALSE,NA,FALSE,all_pairs_combn
C3,N51,4,1,intermediate_candidate,small_or_isolated_candidate,236.25863186367667,FALSE,FALSE,TRUE,0.3125,FALSE,NA,FALSE,all_pairs_combn
C3,N52,4,1,intermediate_candidate,small_or_isolated_candidate,236.81944005986446,FALSE,FALSE,TRUE,0.3125,FALSE,NA,FALSE,all_pairs_combn
C9,N135,4,1,intermediate_candidate,small_or_isolated_candidate,237.02319735858947,FALSE,FALSE,TRUE,0.3125,FALSE,NA,FALSE,all_pairs_combn
C3,N92,4,1,intermediate_candidate,small_or_isolated_candidate,240.4742058560285,FALSE,FALSE,TRUE,0.3125,FALSE,NA,FALSE,all_pairs_combn
C9,N148,4,1,intermediate_candidate,small_or_isolated_candidate,251.152715117378,FALSE,FALSE,TRUE,0.3125,FALSE,NA,FALSE,all_pairs_combn
C16,N145,4,1,intermediate_candidate,small_or_isolated_candidate,252.77491499793035,FALSE,FALSE,TRUE,0.3125,FALSE,NA,FALSE,all_pairs_combn
C16,N132,4,1,intermediate_candidate,small_or_isolated_candidate,258.02197985115583,FALSE,FALSE,TRUE,0.3125,FALSE,NA,FALSE,all_pairs_combn
C3,N95,4,1,intermediate_candidate,small_or_isolated_candidate,258.1715640939125,FALSE,FALSE,TRUE,0.3125,FALSE,NA,FALSE,all_pairs_combn
C3,N49,4,1,intermediate_candidate,small_or_isolated_candidate,264.6464664184368,FALSE,FALSE,TRUE,0.3125,FALSE,NA,FALSE,all_pairs_combn
C3,N50,4,1,intermediate_candidate,small_or_isolated_candidate,265.16318997834065,FALSE,FALSE,TRUE,0.3125,FALSE,NA,FALSE,all_pairs_combn
C3,N94,4,1,intermediate_candidate,small_or_isolated_candidate,265.9444025620489,FALSE,FALSE,TRUE,0.3125,FALSE,NA,FALSE,all_pairs_combn
C3,N48,4,1,intermediate_candidate,small_or_isolated_candidate,273.7460045804884,FALSE,FALSE,TRUE,0.3125,FALSE,NA,FALSE,all_pairs_combn
C16,N294,4,1,intermediate_candidate,small_or_isolated_candidate,279.14656081551414,FALSE,FALSE,TRUE,0.3125,FALSE,NA,FALSE,all_pairs_combn
C3,N62,4,1,intermediate_candidate,small_or_isolated_candidate,296.7024861470724,FALSE,FALSE,TRUE,0.3125,FALSE,NA,FALSE,all_pairs_combn
C16,N131,4,1,intermediate_candidate,small_or_isolated_candidate,297.7738088307084,FALSE,FALSE,TRUE,0.3125,FALSE,NA,FALSE,all_pairs_combn
C3,N112,4,1,intermediate_candidate,small_or_isolated_candidate,304.5119055825973,FALSE,FALSE,TRUE,0.3125,FALSE,NA,FALSE,all_pairs_combn
C3,N93,4,1,intermediate_candidate,small_or_isolated_candidate,305.39655538808444,FALSE,FALSE,TRUE,0.3125,FALSE,NA,FALSE,all_pairs_combn
C3,N111,4,1,intermediate_candidate,small_or_isolated_candidate,307.8656756484811,FALSE,FALSE,TRUE,0.3125,FALSE,NA,FALSE,all_pairs_combn
C8,N110,4,1,intermediate_candidate,small_or_isolated_candidate,308.15484546665243,FALSE,FALSE,TRUE,0.3125,FALSE,NA,FALSE,all_pairs_combn
C3,N66,4,1,intermediate_candidate,small_or_isolated_candidate,311.8147594727348,FALSE,FALSE,TRUE,0.3125,FALSE,NA,FALSE,all_pairs_combn
C16,N153,4,1,intermediate_candidate,small_or_isolated_candidate,311.9756302056415,FALSE,FALSE,TRUE,0.3125,FALSE,NA,FALSE,all_pairs_combn
C3,N63,4,1,intermediate_candidate,small_or_isolated_candidate,312.2522295380028,FALSE,FALSE,TRUE,0.3125,FALSE,NA,FALSE,all_pairs_combn
C16,N152,4,1,intermediate_candidate,small_or_isolated_candidate,314.6222543663509,FALSE,FALSE,TRUE,0.3125,FALSE,NA,FALSE,all_pairs_combn
C8,N62,4,1,intermediate_candidate,small_or_isolated_candidate,315.90390155607577,FALSE,FALSE,TRUE,0.3125,FALSE,NA,FALSE,all_pairs_combn
C16,N140,4,1,intermediate_candidate,small_or_isolated_candidate,316.3181953412073,FALSE,FALSE,TRUE,0.3125,FALSE,NA,FALSE,all_pairs_combn
C3,N21,4,1,intermediate_candidate,small_or_isolated_candidate,319.2299943368232,FALSE,FALSE,TRUE,0.3125,FALSE,NA,FALSE,all_pairs_combn
C16,N141,4,1,intermediate_candidate,small_or_isolated_candidate,320.6234954697127,FALSE,FALSE,FALSE,0.3125,FALSE,NA,FALSE,all_pairs_combn
C8,N71,4,1,intermediate_candidate,small_or_isolated_candidate,321.9451585262068,FALSE,FALSE,FALSE,0.3125,FALSE,NA,FALSE,all_pairs_combn
C3,N20,4,1,intermediate_candidate,small_or_isolated_candidate,323.2370357472269,FALSE,FALSE,FALSE,0.3125,FALSE,NA,FALSE,all_pairs_combn
C9,N147,4,1,intermediate_candidate,small_or_isolated_candidate,323.66828363306,FALSE,FALSE,FALSE,0.3125,FALSE,NA,FALSE,all_pairs_combn
C9,N296,4,1,intermediate_candidate,small_or_isolated_candidate,325.1000294604795,FALSE,FALSE,FALSE,0.3125,FALSE,NA,FALSE,all_pairs_combn
C16,N157,4,1,intermediate_candidate,small_or_isolated_candidate,329.78798916546157,FALSE,FALSE,FALSE,0.3125,FALSE,NA,FALSE,all_pairs_combn
C8,N63,4,1,intermediate_candidate,small_or_isolated_candidate,330.5758676728812,FALSE,FALSE,FALSE,0.3125,FALSE,NA,FALSE,all_pairs_combn
C8,N66,4,1,intermediate_candidate,small_or_isolated_candidate,330.6202005164116,FALSE,FALSE,FALSE,0.3125,FALSE,NA,FALSE,all_pairs_combn
C3,N61,4,1,intermediate_candidate,small_or_isolated_candidate,337.4178878648375,FALSE,FALSE,FALSE,0.3125,FALSE,NA,FALSE,all_pairs_combn
C3,N30,4,1,intermediate_candidate,small_or_isolated_candidate,339.4162207866192,FALSE,FALSE,FALSE,0.3125,FALSE,NA,FALSE,all_pairs_combn
C9,N137,4,1,intermediate_candidate,small_or_isolated_candidate,340.2199078462805,FALSE,FALSE,FALSE,0.3125,FALSE,NA,FALSE,all_pairs_combn
C8,N51,4,1,intermediate_candidate,small_or_isolated_candidate,342.753847033367,FALSE,FALSE,FALSE,0.3125,FALSE,NA,FALSE,all_pairs_combn
C8,N50,4,1,intermediate_candidate,small_or_isolated_candidate,342.83623197654697,FALSE,FALSE,FALSE,0.3125,FALSE,NA,FALSE,all_pairs_combn
C8,N52,4,1,intermediate_candidate,small_or_isolated_candidate,342.93103867247396,FALSE,FALSE,FALSE,0.3125,FALSE,NA,FALSE,all_pairs_combn
C16,N142,4,1,intermediate_candidate,small_or_isolated_candidate,343.1631837583283,FALSE,FALSE,FALSE,0.3125,FALSE,NA,FALSE,all_pairs_combn
C3,N17,4,1,intermediate_candidate,small_or_isolated_candidate,343.6816179161775,FALSE,FALSE,FALSE,0.3125,FALSE,NA,FALSE,all_pairs_combn
C8,N49,4,1,intermediate_candidate,small_or_isolated_candidate,343.70250427639394,FALSE,FALSE,FALSE,0.3125,FALSE,NA,FALSE,all_pairs_combn
C3,N18,4,1,intermediate_candidate,small_or_isolated_candidate,348.57287074090834,FALSE,FALSE,FALSE,0.3125,FALSE,NA,FALSE,all_pairs_combn
C16,N113,4,1,intermediate_candidate,small_or_isolated_candidate,351.6244202298928,FALSE,FALSE,FALSE,0.3125,FALSE,NA,FALSE,all_pairs_combn
C3,N11,4,1,intermediate_candidate,small_or_isolated_candidate,353.19664891625206,FALSE,FALSE,FALSE,0.3125,FALSE,NA,FALSE,all_pairs_combn
C9,N142,4,1,intermediate_candidate,small_or_isolated_candidate,354.92301497428434,FALSE,FALSE,FALSE,0.3125,FALSE,NA,FALSE,all_pairs_combn
C8,N112,4,1,intermediate_candidate,small_or_isolated_candidate,357.98575700201,FALSE,FALSE,FALSE,0.3125,FALSE,NA,FALSE,all_pairs_combn
C8,N111,4,1,intermediate_candidate,small_or_isolated_candidate,361.05256678935956,FALSE,FALSE,FALSE,0.3125,FALSE,NA,FALSE,all_pairs_combn
C3,N65,4,1,intermediate_candidate,small_or_isolated_candidate,361.5327917679549,FALSE,FALSE,FALSE,0.3125,FALSE,NA,FALSE,all_pairs_combn
C8,N61,4,1,intermediate_candidate,small_or_isolated_candidate,380.0632845980533,FALSE,FALSE,FALSE,0.3125,FALSE,NA,FALSE,all_pairs_combn
C8,N20,4,1,intermediate_candidate,small_or_isolated_candidate,396.7832857605632,FALSE,FALSE,FALSE,0.3125,FALSE,NA,FALSE,all_pairs_combn
C8,N21,4,1,intermediate_candidate,small_or_isolated_candidate,400.6297468149803,FALSE,FALSE,FALSE,0.3125,FALSE,NA,FALSE,all_pairs_combn
C16,N148,4,1,intermediate_candidate,small_or_isolated_candidate,407.6690279104223,FALSE,FALSE,FALSE,0.3125,FALSE,NA,FALSE,all_pairs_combn
C8,N65,4,1,intermediate_candidate,small_or_isolated_candidate,411.3386155269001,FALSE,FALSE,FALSE,0.3125,FALSE,NA,FALSE,all_pairs_combn
C8,N48,4,1,intermediate_candidate,small_or_isolated_candidate,416.14436852418334,FALSE,FALSE,FALSE,0.3125,FALSE,NA,FALSE,all_pairs_combn
C9,N146,4,1,intermediate_candidate,small_or_isolated_candidate,417.5250557164112,FALSE,FALSE,FALSE,0.3125,FALSE,NA,FALSE,all_pairs_combn
C16,N133,4,1,intermediate_candidate,small_or_isolated_candidate,419.13827023174713,FALSE,FALSE,FALSE,0.3125,FALSE,NA,FALSE,all_pairs_combn
C16,N212,4,1,intermediate_candidate,small_or_isolated_candidate,419.39403896852946,FALSE,FALSE,FALSE,0.3125,FALSE,NA,FALSE,all_pairs_combn
C3,N123,4,1,intermediate_candidate,small_or_isolated_candidate,420.7402302943622,FALSE,FALSE,FALSE,0.3125,FALSE,NA,FALSE,all_pairs_combn
C9,N149,4,1,intermediate_candidate,small_or_isolated_candidate,422.85826910453306,FALSE,FALSE,FALSE,0.3125,FALSE,NA,FALSE,all_pairs_combn
C3,N122,4,1,intermediate_candidate,small_or_isolated_candidate,422.86434722063206,FALSE,FALSE,FALSE,0.3125,FALSE,NA,FALSE,all_pairs_combn
C3,N121,4,1,intermediate_candidate,small_or_isolated_candidate,423.2662868591983,FALSE,FALSE,FALSE,0.3125,FALSE,NA,FALSE,all_pairs_combn
C16,N147,4,1,intermediate_candidate,small_or_isolated_candidate,424.39153208774223,FALSE,FALSE,FALSE,0.3125,FALSE,NA,FALSE,all_pairs_combn
C16,N146,4,1,intermediate_candidate,small_or_isolated_candidate,424.6136595144597,FALSE,FALSE,FALSE,0.3125,FALSE,NA,FALSE,all_pairs_combn
C3,N259,4,1,intermediate_candidate,small_or_isolated_candidate,425.8853961651568,FALSE,FALSE,FALSE,0.3125,FALSE,NA,FALSE,all_pairs_combn
C9,N143,4,1,intermediate_candidate,small_or_isolated_candidate,437.8861923921115,FALSE,FALSE,FALSE,0.3125,FALSE,NA,FALSE,all_pairs_combn
C3,N150,4,1,intermediate_candidate,small_or_isolated_candidate,441.03598720779416,FALSE,FALSE,FALSE,0.3125,FALSE,NA,FALSE,all_pairs_combn
C8,N30,4,1,intermediate_candidate,small_or_isolated_candidate,447.00869633777285,FALSE,FALSE,FALSE,0.3125,FALSE,NA,FALSE,all_pairs_combn
C9,N144,4,1,intermediate_candidate,small_or_isolated_candidate,454.41138305526596,FALSE,FALSE,FALSE,0.3125,FALSE,NA,FALSE,all_pairs_combn
C3,N71,4,1,intermediate_candidate,small_or_isolated_candidate,454.6259357627152,FALSE,FALSE,FALSE,0.3125,FALSE,NA,FALSE,all_pairs_combn
C3,N19,4,1,intermediate_candidate,small_or_isolated_candidate,465.47231755358735,FALSE,FALSE,FALSE,0.3125,FALSE,NA,FALSE,all_pairs_combn
C16,N149,4,1,intermediate_candidate,small_or_isolated_candidate,480.7894809837406,FALSE,FALSE,FALSE,0.3125,FALSE,NA,FALSE,all_pairs_combn
C9,N140,4,1,intermediate_candidate,small_or_isolated_candidate,488.3502607847721,FALSE,FALSE,FALSE,0.3125,FALSE,NA,FALSE,all_pairs_combn
C9,N141,4,1,intermediate_candidate,small_or_isolated_candidate,489.0711906462524,FALSE,FALSE,FALSE,0.3125,FALSE,NA,FALSE,all_pairs_combn
C8,N17,4,1,intermediate_candidate,small_or_isolated_candidate,490.27440260256066,FALSE,FALSE,FALSE,0.3125,FALSE,NA,FALSE,all_pairs_combn
C8,N11,4,1,intermediate_candidate,small_or_isolated_candidate,491.2289666577204,FALSE,FALSE,FALSE,0.3125,FALSE,NA,FALSE,all_pairs_combn
C8,N18,4,1,intermediate_candidate,small_or_isolated_candidate,496.24298363213165,FALSE,FALSE,FALSE,0.3125,FALSE,NA,FALSE,all_pairs_combn
C3,N136,4,1,intermediate_candidate,small_or_isolated_candidate,497.74280569941726,FALSE,FALSE,FALSE,0.3125,FALSE,NA,FALSE,all_pairs_combn
C9,N120,4,1,intermediate_candidate,small_or_isolated_candidate,508.7266741343383,FALSE,FALSE,FALSE,0.3125,FALSE,NA,FALSE,all_pairs_combn
C9,N292,4,1,intermediate_candidate,small_or_isolated_candidate,509.0966645733252,FALSE,FALSE,FALSE,0.3125,FALSE,NA,FALSE,all_pairs_combn
C9,N300,4,1,intermediate_candidate,small_or_isolated_candidate,510.15960935332214,FALSE,FALSE,FALSE,0.3125,FALSE,NA,FALSE,all_pairs_combn
C3,N22,4,1,intermediate_candidate,small_or_isolated_candidate,511.44439533601314,FALSE,FALSE,FALSE,0.3125,FALSE,NA,FALSE,all_pairs_combn
C9,N307,4,1,intermediate_candidate,small_or_isolated_candidate,511.76394894866024,FALSE,FALSE,FALSE,0.3125,FALSE,NA,FALSE,all_pairs_combn
C9,N182,4,1,intermediate_candidate,small_or_isolated_candidate,513.1768495155891,FALSE,FALSE,FALSE,0.3125,FALSE,NA,FALSE,all_pairs_combn
C9,N294,4,1,intermediate_candidate,small_or_isolated_candidate,514.8056150853987,FALSE,FALSE,FALSE,0.3125,FALSE,NA,FALSE,all_pairs_combn
C3,N24,4,1,intermediate_candidate,small_or_isolated_candidate,525.4948566471169,FALSE,FALSE,FALSE,0.3125,FALSE,NA,FALSE,all_pairs_combn
C3,N10,4,1,intermediate_candidate,small_or_isolated_candidate,527.0678318500146,FALSE,FALSE,FALSE,0.3125,FALSE,NA,FALSE,all_pairs_combn
C9,N304,4,1,intermediate_candidate,small_or_isolated_candidate,528.6440229224714,FALSE,FALSE,FALSE,0.3125,FALSE,NA,FALSE,all_pairs_combn
C9,N308,4,1,intermediate_candidate,small_or_isolated_candidate,529.4460484839421,FALSE,FALSE,FALSE,0.3125,FALSE,NA,FALSE,all_pairs_combn
C16,N143,4,1,intermediate_candidate,small_or_isolated_candidate,534.1629538124201,FALSE,FALSE,FALSE,0.3125,FALSE,NA,FALSE,all_pairs_combn
C9,N145,4,1,intermediate_candidate,small_or_isolated_candidate,535.3342586271162,FALSE,FALSE,FALSE,0.3125,FALSE,NA,FALSE,all_pairs_combn
C16,N144,4,1,intermediate_candidate,small_or_isolated_candidate,541.8916293104027,FALSE,FALSE,FALSE,0.3125,FALSE,NA,FALSE,all_pairs_combn
C9,N119,4,1,intermediate_candidate,small_or_isolated_candidate,543.7129686791343,FALSE,FALSE,FALSE,0.3125,FALSE,NA,FALSE,all_pairs_combn
C9,N305,4,1,intermediate_candidate,small_or_isolated_candidate,552.8492985778205,FALSE,FALSE,FALSE,0.3125,FALSE,NA,FALSE,all_pairs_combn
C8,N123,4,1,intermediate_candidate,small_or_isolated_candidate,556.610375228559,FALSE,FALSE,FALSE,0.3125,FALSE,NA,FALSE,all_pairs_combn
C8,N122,4,1,intermediate_candidate,small_or_isolated_candidate,558.373900977674,FALSE,FALSE,FALSE,0.3125,FALSE,NA,FALSE,all_pairs_combn
C8,N121,4,1,intermediate_candidate,small_or_isolated_candidate,559.3786018702864,FALSE,FALSE,FALSE,0.3125,FALSE,NA,FALSE,all_pairs_combn
C16,N259,4,1,intermediate_candidate,small_or_isolated_candidate,561.1596698679455,FALSE,FALSE,FALSE,0.3125,FALSE,NA,FALSE,all_pairs_combn
C16,N292,4,1,intermediate_candidate,small_or_isolated_candidate,565.3160690134407,FALSE,FALSE,FALSE,0.3125,FALSE,NA,FALSE,all_pairs_combn
C3,N138,4,1,intermediate_candidate,small_or_isolated_candidate,566.5735967973083,FALSE,FALSE,FALSE,0.3125,FALSE,NA,FALSE,all_pairs_combn
C16,N136,4,1,intermediate_candidate,small_or_isolated_candidate,569.561424391723,FALSE,FALSE,FALSE,0.3125,FALSE,NA,FALSE,all_pairs_combn
C8,N19,4,1,intermediate_candidate,small_or_isolated_candidate,575.8884889946196,FALSE,FALSE,FALSE,0.3125,FALSE,NA,FALSE,all_pairs_combn
C8,N259,4,1,intermediate_candidate,small_or_isolated_candidate,576.5227355192537,FALSE,FALSE,FALSE,0.3125,FALSE,NA,FALSE,all_pairs_combn
C8,N150,4,1,intermediate_candidate,small_or_isolated_candidate,585.7642281155256,FALSE,FALSE,FALSE,0.3125,FALSE,NA,FALSE,all_pairs_combn
C9,N128,4,1,intermediate_candidate,small_or_isolated_candidate,588.6360482771215,FALSE,FALSE,FALSE,0.3125,FALSE,NA,FALSE,all_pairs_combn
C16,N150,4,1,intermediate_candidate,small_or_isolated_candidate,590.4865021651812,FALSE,FALSE,FALSE,0.3125,FALSE,NA,FALSE,all_pairs_combn
C9,N127,4,1,intermediate_candidate,small_or_isolated_candidate,591.3899035024257,FALSE,FALSE,FALSE,0.3125,FALSE,NA,FALSE,all_pairs_combn
C9,N151,4,1,intermediate_candidate,small_or_isolated_candidate,592.798103952607,FALSE,FALSE,FALSE,0.3125,FALSE,NA,FALSE,all_pairs_combn
C8,N22,4,1,intermediate_candidate,small_or_isolated_candidate,597.0437915823724,FALSE,FALSE,FALSE,0.3125,FALSE,NA,FALSE,all_pairs_combn
C16,N18,4,1,intermediate_candidate,small_or_isolated_candidate,599.7693672271722,FALSE,FALSE,FALSE,0.3125,FALSE,NA,FALSE,all_pairs_combn
C9,N136,4,1,intermediate_candidate,small_or_isolated_candidate,602.4727963280704,FALSE,FALSE,FALSE,0.3125,FALSE,NA,FALSE,all_pairs_combn
C16,N17,4,1,intermediate_candidate,small_or_isolated_candidate,608.2012492858865,FALSE,FALSE,FALSE,0.3125,FALSE,NA,FALSE,all_pairs_combn
C9,N129,4,1,intermediate_candidate,small_or_isolated_candidate,608.2742877647077,FALSE,FALSE,FALSE,0.3125,FALSE,NA,FALSE,all_pairs_combn
C8,N34,4,1,intermediate_candidate,small_or_isolated_candidate,617.5094142498716,FALSE,FALSE,FALSE,0.3125,FALSE,NA,FALSE,all_pairs_combn
C3,N292,4,1,intermediate_candidate,small_or_isolated_candidate,620.8750703100098,FALSE,FALSE,FALSE,0.3125,FALSE,NA,FALSE,all_pairs_combn
C3,N141,4,1,intermediate_candidate,small_or_isolated_candidate,622.2165182384797,FALSE,FALSE,FALSE,0.3125,FALSE,NA,FALSE,all_pairs_combn
C8,N10,4,1,intermediate_candidate,small_or_isolated_candidate,622.6242382823151,FALSE,FALSE,FALSE,0.3125,FALSE,NA,FALSE,all_pairs_combn
C9,N126,4,1,intermediate_candidate,small_or_isolated_candidate,624.5461278675984,FALSE,FALSE,FALSE,0.3125,FALSE,NA,FALSE,all_pairs_combn
C3,N140,4,1,intermediate_candidate,small_or_isolated_candidate,624.9250066834619,FALSE,FALSE,FALSE,0.3125,FALSE,NA,FALSE,all_pairs_combn
C16,N11,4,1,intermediate_candidate,small_or_isolated_candidate,634.3339390152191,FALSE,FALSE,FALSE,0.3125,FALSE,NA,FALSE,all_pairs_combn
C8,N24,4,1,intermediate_candidate,small_or_isolated_candidate,634.4068831269664,FALSE,FALSE,FALSE,0.3125,FALSE,NA,FALSE,all_pairs_combn
C9,N134,4,1,intermediate_candidate,small_or_isolated_candidate,635.4546593761446,FALSE,FALSE,FALSE,0.3125,FALSE,NA,FALSE,all_pairs_combn
C9,N125,4,1,intermediate_candidate,small_or_isolated_candidate,636.0660427595012,FALSE,FALSE,FALSE,0.3125,FALSE,NA,FALSE,all_pairs_combn
C3,N294,4,1,intermediate_candidate,small_or_isolated_candidate,636.3098737051656,FALSE,FALSE,FALSE,0.3125,FALSE,NA,FALSE,all_pairs_combn
C8,N136,4,1,intermediate_candidate,small_or_isolated_candidate,640.9845173335011,FALSE,FALSE,FALSE,0.3125,FALSE,NA,FALSE,all_pairs_combn
C9,N124,4,1,intermediate_candidate,small_or_isolated_candidate,641.1329424179296,FALSE,FALSE,FALSE,0.3125,FALSE,NA,FALSE,all_pairs_combn
C9,N117,4,1,intermediate_candidate,small_or_isolated_candidate,642.1369105934712,FALSE,FALSE,FALSE,0.3125,FALSE,NA,FALSE,all_pairs_combn
C3,N126,4,1,intermediate_candidate,small_or_isolated_candidate,643.8455396737429,FALSE,FALSE,FALSE,0.3125,FALSE,NA,FALSE,all_pairs_combn
C9,N118,4,1,intermediate_candidate,small_or_isolated_candidate,649.5936823064915,FALSE,FALSE,FALSE,0.3125,FALSE,NA,FALSE,all_pairs_combn
C16,N121,4,1,intermediate_candidate,small_or_isolated_candidate,650.5281327897346,FALSE,FALSE,FALSE,0.3125,FALSE,NA,FALSE,all_pairs_combn
C3,N211,4,1,intermediate_candidate,small_or_isolated_candidate,651.8351211023908,FALSE,FALSE,FALSE,0.3125,FALSE,NA,FALSE,all_pairs_combn
C8,N33,4,1,intermediate_candidate,small_or_isolated_candidate,651.9535458722584,FALSE,FALSE,FALSE,0.3125,FALSE,NA,FALSE,all_pairs_combn
C16,N123,4,1,intermediate_candidate,small_or_isolated_candidate,653.0402744711477,FALSE,FALSE,FALSE,0.3125,FALSE,NA,FALSE,all_pairs_combn
C9,N150,4,1,intermediate_candidate,small_or_isolated_candidate,653.3937088550695,FALSE,FALSE,FALSE,0.3125,FALSE,NA,FALSE,all_pairs_combn
C16,N122,4,1,intermediate_candidate,small_or_isolated_candidate,653.9526246214327,FALSE,FALSE,FALSE,0.3125,FALSE,NA,FALSE,all_pairs_combn
C16,N119,4,1,intermediate_candidate,small_or_isolated_candidate,654.0555520056649,FALSE,FALSE,FALSE,0.3125,FALSE,NA,FALSE,all_pairs_combn
C3,N145,4,1,intermediate_candidate,small_or_isolated_candidate,655.0827163348489,FALSE,FALSE,FALSE,0.3125,FALSE,NA,FALSE,all_pairs_combn
C9,N259,4,1,intermediate_candidate,small_or_isolated_candidate,657.9898440073576,FALSE,FALSE,FALSE,0.3125,FALSE,NA,FALSE,all_pairs_combn
C3,N119,4,1,intermediate_candidate,small_or_isolated_candidate,658.3233787427474,FALSE,FALSE,FALSE,0.3125,FALSE,NA,FALSE,all_pairs_combn
C16,N135,4,1,intermediate_candidate,small_or_isolated_candidate,664.8878133191527,FALSE,FALSE,FALSE,0.3125,FALSE,NA,FALSE,all_pairs_combn
C3,N146,4,1,intermediate_candidate,small_or_isolated_candidate,667.4024377112637,FALSE,FALSE,FALSE,0.3125,FALSE,NA,FALSE,all_pairs_combn
C16,N137,4,1,intermediate_candidate,small_or_isolated_candidate,672.6023597860603,FALSE,FALSE,FALSE,0.3125,FALSE,NA,FALSE,all_pairs_combn
C3,N144,4,1,intermediate_candidate,small_or_isolated_candidate,675.932238604616,FALSE,FALSE,FALSE,0.3125,FALSE,NA,FALSE,all_pairs_combn
C8,N138,4,1,intermediate_candidate,small_or_isolated_candidate,676.1428390140421,FALSE,FALSE,FALSE,0.3125,FALSE,NA,FALSE,all_pairs_combn
C3,N149,4,1,intermediate_candidate,small_or_isolated_candidate,678.7488070053219,FALSE,FALSE,FALSE,0.3125,FALSE,NA,FALSE,all_pairs_combn
C16,N24,4,1,intermediate_candidate,small_or_isolated_candidate,684.6943155077489,FALSE,FALSE,FALSE,0.3125,FALSE,NA,FALSE,all_pairs_combn
C9,N132,4,1,intermediate_candidate,small_or_isolated_candidate,685.9216007283901,FALSE,FALSE,FALSE,0.3125,FALSE,NA,FALSE,all_pairs_combn
C3,N118,4,1,intermediate_candidate,small_or_isolated_candidate,686.3999804563198,FALSE,FALSE,FALSE,0.3125,FALSE,NA,FALSE,all_pairs_combn
C9,N138,4,1,intermediate_candidate,small_or_isolated_candidate,687.9721198663559,FALSE,FALSE,FALSE,0.3125,FALSE,NA,FALSE,all_pairs_combn
C9,N114,4,1,intermediate_candidate,small_or_isolated_candidate,690.3438408867528,FALSE,FALSE,FALSE,0.3125,FALSE,NA,FALSE,all_pairs_combn
C3,N34,4,1,intermediate_candidate,small_or_isolated_candidate,691.2352578557418,FALSE,FALSE,FALSE,0.3125,FALSE,NA,FALSE,all_pairs_combn
C3,N143,4,1,intermediate_candidate,small_or_isolated_candidate,691.6125629851737,FALSE,FALSE,FALSE,0.3125,FALSE,NA,FALSE,all_pairs_combn
C9,N121,4,1,intermediate_candidate,small_or_isolated_candidate,692.9448213658652,FALSE,FALSE,FALSE,0.3125,FALSE,NA,FALSE,all_pairs_combn
C16,N19,4,1,intermediate_candidate,small_or_isolated_candidate,693.1483081372768,FALSE,FALSE,FALSE,0.3125,FALSE,NA,FALSE,all_pairs_combn
C9,N122,4,1,intermediate_candidate,small_or_isolated_candidate,695.0525586056975,FALSE,FALSE,FALSE,0.3125,FALSE,NA,FALSE,all_pairs_combn
C9,N123,4,1,intermediate_candidate,small_or_isolated_candidate,695.9481235950622,FALSE,FALSE,FALSE,0.3125,FALSE,NA,FALSE,all_pairs_combn
C3,N308,4,1,intermediate_candidate,small_or_isolated_candidate,698.5145836622848,FALSE,FALSE,FALSE,0.3125,FALSE,NA,FALSE,all_pairs_combn
C3,N117,4,1,intermediate_candidate,small_or_isolated_candidate,704.7791659914594,FALSE,FALSE,FALSE,0.3125,FALSE,NA,FALSE,all_pairs_combn
C16,N48,4,1,intermediate_candidate,small_or_isolated_candidate,711.6424025857891,FALSE,FALSE,FALSE,0.3125,FALSE,NA,FALSE,all_pairs_combn
C9,N211,4,1,intermediate_candidate,small_or_isolated_candidate,727.4482058674647,FALSE,FALSE,FALSE,0.3125,FALSE,NA,FALSE,all_pairs_combn
C3,N142,4,1,intermediate_candidate,small_or_isolated_candidate,728.6567647388773,FALSE,FALSE,FALSE,0.3125,FALSE,NA,FALSE,all_pairs_combn
C3,N33,4,1,intermediate_candidate,small_or_isolated_candidate,729.463840513365,FALSE,FALSE,FALSE,0.3125,FALSE,NA,FALSE,all_pairs_combn
C3,N307,4,1,intermediate_candidate,small_or_isolated_candidate,730.1399680694138,FALSE,FALSE,FALSE,0.3125,FALSE,NA,FALSE,all_pairs_combn
C3,N134,4,1,intermediate_candidate,small_or_isolated_candidate,737.30373915228,FALSE,FALSE,FALSE,0.3125,FALSE,NA,FALSE,all_pairs_combn
C16,N126,4,1,intermediate_candidate,small_or_isolated_candidate,739.021365033838,FALSE,FALSE,FALSE,0.3125,FALSE,NA,FALSE,all_pairs_combn
C9,N206,4,1,intermediate_candidate,small_or_isolated_candidate,741.7038103231239,FALSE,FALSE,FALSE,0.3125,FALSE,NA,FALSE,all_pairs_combn
C8,N211,4,1,intermediate_candidate,small_or_isolated_candidate,746.0476359035007,FALSE,FALSE,FALSE,0.3125,FALSE,NA,FALSE,all_pairs_combn
C16,N10,4,1,intermediate_candidate,small_or_isolated_candidate,747.5996473337183,FALSE,FALSE,FALSE,0.3125,FALSE,NA,FALSE,all_pairs_combn
C16,N30,4,1,intermediate_candidate,small_or_isolated_candidate,750.6731154219613,FALSE,FALSE,FALSE,0.3125,FALSE,NA,FALSE,all_pairs_combn
C3,N124,4,1,intermediate_candidate,small_or_isolated_candidate,750.9994814065933,FALSE,FALSE,FALSE,0.3125,FALSE,NA,FALSE,all_pairs_combn
C8,N126,4,1,intermediate_candidate,small_or_isolated_candidate,757.538930597069,FALSE,FALSE,FALSE,0.3125,FALSE,NA,FALSE,all_pairs_combn
C8,N292,4,1,intermediate_candidate,small_or_isolated_candidate,758.9716745054905,FALSE,FALSE,FALSE,0.3125,FALSE,NA,FALSE,all_pairs_combn
C16,N138,4,1,intermediate_candidate,small_or_isolated_candidate,760.5952318730402,FALSE,FALSE,FALSE,0.3125,FALSE,NA,FALSE,all_pairs_combn
C3,N69,4,1,intermediate_candidate,small_or_isolated_candidate,767.7058250253438,FALSE,FALSE,FALSE,0.3125,FALSE,NA,FALSE,all_pairs_combn
C3,N147,4,1,intermediate_candidate,small_or_isolated_candidate,768.4617134323981,FALSE,FALSE,FALSE,0.3125,FALSE,NA,FALSE,all_pairs_combn
C3,N125,4,1,intermediate_candidate,small_or_isolated_candidate,779.4234382747009,FALSE,FALSE,FALSE,0.3125,FALSE,NA,FALSE,all_pairs_combn
C8,N141,4,1,intermediate_candidate,small_or_isolated_candidate,780.758638269794,FALSE,FALSE,FALSE,0.3125,FALSE,NA,FALSE,all_pairs_combn
C3,N129,4,1,intermediate_candidate,small_or_isolated_candidate,782.459165814868,FALSE,FALSE,FALSE,0.3125,FALSE,NA,FALSE,all_pairs_combn
C8,N140,4,1,intermediate_candidate,small_or_isolated_candidate,783.5537329679281,FALSE,FALSE,FALSE,0.3125,FALSE,NA,FALSE,all_pairs_combn
C8,N119,4,1,intermediate_candidate,small_or_isolated_candidate,784.6341149414519,FALSE,FALSE,FALSE,0.3125,FALSE,NA,FALSE,all_pairs_combn
C16,N118,4,1,intermediate_candidate,small_or_isolated_candidate,791.4177573069597,FALSE,FALSE,FALSE,0.3125,FALSE,NA,FALSE,all_pairs_combn
C16,N22,4,1,intermediate_candidate,small_or_isolated_candidate,791.6517933432075,FALSE,FALSE,FALSE,0.3125,FALSE,NA,FALSE,all_pairs_combn
C8,N69,4,1,intermediate_candidate,small_or_isolated_candidate,792.1133518504231,FALSE,FALSE,FALSE,0.3125,FALSE,NA,FALSE,all_pairs_combn
C8,N118,4,1,intermediate_candidate,small_or_isolated_candidate,792.3513197591674,FALSE,FALSE,FALSE,0.3125,FALSE,NA,FALSE,all_pairs_combn
C16,N117,4,1,intermediate_candidate,small_or_isolated_candidate,794.2711628446438,FALSE,FALSE,FALSE,0.3125,FALSE,NA,FALSE,all_pairs_combn
C8,N294,4,1,intermediate_candidate,small_or_isolated_candidate,795.7260481967878,FALSE,FALSE,FALSE,0.3125,FALSE,NA,FALSE,all_pairs_combn
C16,N51,4,1,intermediate_candidate,small_or_isolated_candidate,803.2046094553813,FALSE,FALSE,FALSE,0.3125,FALSE,NA,FALSE,all_pairs_combn
C16,N129,4,1,intermediate_candidate,small_or_isolated_candidate,803.6920995502802,FALSE,FALSE,FALSE,0.3125,FALSE,NA,FALSE,all_pairs_combn
C16,N52,4,1,intermediate_candidate,small_or_isolated_candidate,803.8010194275823,FALSE,FALSE,FALSE,0.3125,FALSE,NA,FALSE,all_pairs_combn
C16,N134,4,1,intermediate_candidate,small_or_isolated_candidate,805.6319903336407,FALSE,FALSE,FALSE,0.3125,FALSE,NA,FALSE,all_pairs_combn
C8,N117,4,1,intermediate_candidate,small_or_isolated_candidate,810.8184980662205,FALSE,FALSE,FALSE,0.3125,FALSE,NA,FALSE,all_pairs_combn
C8,N145,4,1,intermediate_candidate,small_or_isolated_candidate,814.2331086536273,FALSE,FALSE,FALSE,0.3125,FALSE,NA,FALSE,all_pairs_combn
C8,N144,4,1,intermediate_candidate,small_or_isolated_candidate,815.463034055486,FALSE,FALSE,FALSE,0.3125,FALSE,NA,FALSE,all_pairs_combn
C8,N146,4,1,intermediate_candidate,small_or_isolated_candidate,817.7408018537873,FALSE,FALSE,FALSE,0.3125,FALSE,NA,FALSE,all_pairs_combn
C16,N124,4,1,intermediate_candidate,small_or_isolated_candidate,818.4949221511234,FALSE,FALSE,FALSE,0.3125,FALSE,NA,FALSE,all_pairs_combn
C9,N207,4,1,intermediate_candidate,small_or_isolated_candidate,820.9342356838351,FALSE,FALSE,FALSE,0.3125,FALSE,NA,FALSE,all_pairs_combn
C9,N48,4,1,intermediate_candidate,small_or_isolated_candidate,820.9556123106064,FALSE,FALSE,FALSE,0.3125,FALSE,NA,FALSE,all_pairs_combn
C8,N149,4,1,intermediate_candidate,small_or_isolated_candidate,824.1349872560686,FALSE,FALSE,FALSE,0.3125,FALSE,NA,FALSE,all_pairs_combn
C16,N125,4,1,intermediate_candidate,small_or_isolated_candidate,828.5131753353145,FALSE,FALSE,FALSE,0.3125,FALSE,NA,FALSE,all_pairs_combn
C8,N32,4,1,intermediate_candidate,small_or_isolated_candidate,830.8326780799155,FALSE,FALSE,FALSE,0.3125,FALSE,NA,FALSE,all_pairs_combn
C8,N143,4,1,intermediate_candidate,small_or_isolated_candidate,831.706871422678,FALSE,FALSE,FALSE,0.3125,FALSE,NA,FALSE,all_pairs_combn
C16,N21,4,1,intermediate_candidate,small_or_isolated_candidate,833.9387255845394,FALSE,FALSE,FALSE,0.3125,FALSE,NA,FALSE,all_pairs_combn
C3,N305,4,1,intermediate_candidate,small_or_isolated_candidate,834.0616439309586,FALSE,FALSE,FALSE,0.3125,FALSE,NA,FALSE,all_pairs_combn
C3,N148,4,1,intermediate_candidate,small_or_isolated_candidate,839.331737938003,FALSE,FALSE,FALSE,0.3125,FALSE,NA,FALSE,all_pairs_combn
C8,N134,4,1,intermediate_candidate,small_or_isolated_candidate,842.6485490697339,FALSE,FALSE,FALSE,0.3125,FALSE,NA,FALSE,all_pairs_combn
C16,N211,4,1,intermediate_candidate,small_or_isolated_candidate,850.5300038762568,FALSE,FALSE,FALSE,0.3125,FALSE,NA,FALSE,all_pairs_combn
C16,N20,4,1,intermediate_candidate,small_or_isolated_candidate,853.6429695059246,FALSE,FALSE,FALSE,0.3125,FALSE,NA,FALSE,all_pairs_combn
C16,N49,4,1,intermediate_candidate,small_or_isolated_candidate,854.2433956805538,FALSE,FALSE,FALSE,0.3125,FALSE,NA,FALSE,all_pairs_combn
C3,N300,4,1,intermediate_candidate,small_or_isolated_candidate,854.5550944476439,FALSE,FALSE,FALSE,0.3125,FALSE,NA,FALSE,all_pairs_combn
C8,N124,4,1,intermediate_candidate,small_or_isolated_candidate,854.8395542574519,FALSE,FALSE,FALSE,0.3125,FALSE,NA,FALSE,all_pairs_combn
C16,N50,4,1,intermediate_candidate,small_or_isolated_candidate,857.1801966235038,FALSE,FALSE,FALSE,0.3125,FALSE,NA,FALSE,all_pairs_combn
C8,N308,4,1,intermediate_candidate,small_or_isolated_candidate,857.2598126733564,FALSE,FALSE,FALSE,0.3125,FALSE,NA,FALSE,all_pairs_combn
C3,N304,4,1,intermediate_candidate,small_or_isolated_candidate,862.2732888583437,FALSE,FALSE,FALSE,0.3125,FALSE,NA,FALSE,all_pairs_combn
C3,N157,4,1,intermediate_candidate,small_or_isolated_candidate,869.7275034133406,FALSE,FALSE,FALSE,0.3125,FALSE,NA,FALSE,all_pairs_combn
C9,N18,4,1,intermediate_candidate,small_or_isolated_candidate,871.3769267714501,FALSE,FALSE,FALSE,0.3125,FALSE,NA,FALSE,all_pairs_combn
C3,N32,4,1,intermediate_candidate,small_or_isolated_candidate,877.4410383549995,FALSE,FALSE,FALSE,0.3125,FALSE,NA,FALSE,all_pairs_combn
C9,N17,4,1,intermediate_candidate,small_or_isolated_candidate,880.4164204230229,FALSE,FALSE,FALSE,0.3125,FALSE,NA,FALSE,all_pairs_combn
C8,N142,4,1,intermediate_candidate,small_or_isolated_candidate,882.7785094529374,FALSE,FALSE,FALSE,0.3125,FALSE,NA,FALSE,all_pairs_combn
C8,N125,4,1,intermediate_candidate,small_or_isolated_candidate,882.9335453900577,FALSE,FALSE,FALSE,0.3125,FALSE,NA,FALSE,all_pairs_combn
C3,N212,4,1,intermediate_candidate,small_or_isolated_candidate,883.2244898423211,FALSE,FALSE,FALSE,0.3125,FALSE,NA,FALSE,all_pairs_combn
C3,N152,4,1,intermediate_candidate,small_or_isolated_candidate,888.1956499807444,FALSE,FALSE,FALSE,0.3125,FALSE,NA,FALSE,all_pairs_combn
C8,N307,4,1,intermediate_candidate,small_or_isolated_candidate,888.9036489603163,FALSE,FALSE,FALSE,0.3125,FALSE,NA,FALSE,all_pairs_combn
C8,N129,4,1,intermediate_candidate,small_or_isolated_candidate,889.9065587403693,FALSE,FALSE,FALSE,0.3125,FALSE,NA,FALSE,all_pairs_combn
C3,N153,4,1,intermediate_candidate,small_or_isolated_candidate,890.4992919215681,FALSE,FALSE,FALSE,0.3125,FALSE,NA,FALSE,all_pairs_combn
C16,N110,4,1,intermediate_candidate,small_or_isolated_candidate,893.9614757601202,FALSE,FALSE,FALSE,0.3125,FALSE,NA,FALSE,all_pairs_combn
C3,N132,4,1,intermediate_candidate,small_or_isolated_candidate,910.4719902224122,FALSE,FALSE,FALSE,0.3125,FALSE,NA,FALSE,all_pairs_combn
C16,N65,4,1,intermediate_candidate,small_or_isolated_candidate,911.2547694570071,FALSE,FALSE,FALSE,0.3125,FALSE,NA,FALSE,all_pairs_combn
C8,N147,4,1,intermediate_candidate,small_or_isolated_candidate,916.9811815115086,FALSE,FALSE,FALSE,0.3125,FALSE,NA,FALSE,all_pairs_combn
C9,N11,4,1,intermediate_candidate,small_or_isolated_candidate,922.0780366264336,FALSE,FALSE,FALSE,0.3125,FALSE,NA,FALSE,all_pairs_combn
C16,N182,4,1,intermediate_candidate,small_or_isolated_candidate,925.2889492059543,FALSE,FALSE,FALSE,0.3125,FALSE,NA,FALSE,all_pairs_combn
C16,N120,4,1,intermediate_candidate,small_or_isolated_candidate,927.2099483636388,FALSE,FALSE,FALSE,0.3125,FALSE,NA,FALSE,all_pairs_combn
C16,N61,4,1,intermediate_candidate,small_or_isolated_candidate,928.1391186877884,FALSE,FALSE,FALSE,0.3125,FALSE,NA,FALSE,all_pairs_combn
C3,N133,4,1,intermediate_candidate,small_or_isolated_candidate,931.3583075493606,FALSE,FALSE,FALSE,0.3125,FALSE,NA,FALSE,all_pairs_combn
C3,N296,4,1,intermediate_candidate,small_or_isolated_candidate,946.8424855647696,FALSE,FALSE,FALSE,0.3125,FALSE,NA,FALSE,all_pairs_combn
C16,N112,4,1,intermediate_candidate,small_or_isolated_candidate,949.7175217097292,FALSE,FALSE,FALSE,0.3125,FALSE,NA,FALSE,all_pairs_combn
C16,N111,4,1,intermediate_candidate,small_or_isolated_candidate,950.5893803453926,FALSE,FALSE,FALSE,0.3125,FALSE,NA,FALSE,all_pairs_combn
C8,N35,4,1,intermediate_candidate,small_or_isolated_candidate,957.9706548804197,FALSE,FALSE,FALSE,0.3125,FALSE,NA,FALSE,all_pairs_combn
C8,N36,4,1,intermediate_candidate,small_or_isolated_candidate,958.448921552083,FALSE,FALSE,FALSE,0.3125,FALSE,NA,FALSE,all_pairs_combn
C16,N62,4,1,intermediate_candidate,small_or_isolated_candidate,973.9555070847126,FALSE,FALSE,FALSE,0.3125,FALSE,NA,FALSE,all_pairs_combn
C9,N110,4,1,intermediate_candidate,small_or_isolated_candidate,976.2989420284913,FALSE,FALSE,FALSE,0.3125,FALSE,NA,FALSE,all_pairs_combn
C16,N66,4,1,intermediate_candidate,small_or_isolated_candidate,976.6446028791655,FALSE,FALSE,FALSE,0.3125,FALSE,NA,FALSE,all_pairs_combn
C16,N63,4,1,intermediate_candidate,small_or_isolated_candidate,977.6403028625807,FALSE,FALSE,FALSE,0.3125,FALSE,NA,FALSE,all_pairs_combn
C3,N128,4,1,intermediate_candidate,small_or_isolated_candidate,978.8230866548731,FALSE,FALSE,FALSE,0.3125,FALSE,NA,FALSE,all_pairs_combn
C3,N127,4,1,intermediate_candidate,small_or_isolated_candidate,979.8991040967294,FALSE,FALSE,FALSE,0.3125,FALSE,NA,FALSE,all_pairs_combn
C8,N148,4,1,intermediate_candidate,small_or_isolated_candidate,988.7510918086115,FALSE,FALSE,FALSE,0.3125,FALSE,NA,FALSE,all_pairs_combn
C8,N305,4,1,intermediate_candidate,small_or_isolated_candidate,990.6659324466775,FALSE,FALSE,FALSE,0.3125,FALSE,NA,FALSE,all_pairs_combn
C9,N111,4,1,intermediate_candidate,small_or_isolated_candidate,995.7582944460428,FALSE,FALSE,FALSE,0.3125,FALSE,NA,FALSE,all_pairs_combn
C9,N112,4,1,intermediate_candidate,small_or_isolated_candidate,996.3546570851615,FALSE,FALSE,FALSE,0.3125,FALSE,NA,FALSE,all_pairs_combn
C16,N151,4,1,intermediate_candidate,small_or_isolated_candidate,1011.2559719460138,FALSE,FALSE,FALSE,0.3125,FALSE,NA,FALSE,all_pairs_combn
C8,N300,4,1,intermediate_candidate,small_or_isolated_candidate,1012.2873471552116,FALSE,FALSE,FALSE,0.3125,FALSE,NA,FALSE,all_pairs_combn
C8,N304,4,1,intermediate_candidate,small_or_isolated_candidate,1019.4634058942552,FALSE,FALSE,FALSE,0.3125,FALSE,NA,FALSE,all_pairs_combn
C8,N157,4,1,intermediate_candidate,small_or_isolated_candidate,1023.3487344409668,FALSE,FALSE,FALSE,0.3125,FALSE,NA,FALSE,all_pairs_combn
C16,N107,4,1,intermediate_candidate,small_or_isolated_candidate,1028.0681146277811,FALSE,FALSE,FALSE,0.3125,FALSE,NA,FALSE,all_pairs_combn
C9,N19,4,1,intermediate_candidate,small_or_isolated_candidate,1031.4868196189993,FALSE,FALSE,FALSE,0.3125,FALSE,NA,FALSE,all_pairs_combn
C8,N212,4,1,intermediate_candidate,small_or_isolated_candidate,1032.182606463462,FALSE,FALSE,FALSE,0.3125,FALSE,NA,FALSE,all_pairs_combn
C3,N36,4,1,intermediate_candidate,small_or_isolated_candidate,1035.9251089181512,FALSE,FALSE,FALSE,0.3125,FALSE,NA,FALSE,all_pairs_combn
C3,N35,4,1,intermediate_candidate,small_or_isolated_candidate,1039.4389165241535,FALSE,FALSE,FALSE,0.3125,FALSE,NA,FALSE,all_pairs_combn
C9,N24,4,1,intermediate_candidate,small_or_isolated_candidate,1040.839175223879,FALSE,FALSE,FALSE,0.3125,FALSE,NA,FALSE,all_pairs_combn
C8,N152,4,1,intermediate_candidate,small_or_isolated_candidate,1042.5337955107902,FALSE,FALSE,FALSE,0.3125,FALSE,NA,FALSE,all_pairs_combn
C8,N153,4,1,intermediate_candidate,small_or_isolated_candidate,1044.9564641817774,FALSE,FALSE,FALSE,0.3125,FALSE,NA,FALSE,all_pairs_combn
C9,N30,4,1,intermediate_candidate,small_or_isolated_candidate,1048.2313935175966,FALSE,FALSE,FALSE,0.3125,FALSE,NA,FALSE,all_pairs_combn
C8,N132,4,1,intermediate_candidate,small_or_isolated_candidate,1061.0885003738076,FALSE,FALSE,FALSE,0.3125,FALSE,NA,FALSE,all_pairs_combn
C16,N104,4,1,intermediate_candidate,small_or_isolated_candidate,1063.6865140000878,FALSE,FALSE,FALSE,0.3125,FALSE,NA,FALSE,all_pairs_combn
C9,N51,4,1,intermediate_candidate,small_or_isolated_candidate,1065.2301471274384,FALSE,FALSE,FALSE,0.3125,FALSE,NA,FALSE,all_pairs_combn
C9,N52,4,1,intermediate_candidate,small_or_isolated_candidate,1066.0727993391604,FALSE,FALSE,FALSE,0.3125,FALSE,NA,FALSE,all_pairs_combn
C3,N131,4,1,intermediate_candidate,small_or_isolated_candidate,1071.7214260631868,FALSE,FALSE,FALSE,0.3125,FALSE,NA,FALSE,all_pairs_combn
C16,N114,4,1,intermediate_candidate,small_or_isolated_candidate,1074.869077336802,FALSE,FALSE,FALSE,0.3125,FALSE,NA,FALSE,all_pairs_combn
C9,N69,4,1,intermediate_candidate,small_or_isolated_candidate,1075.1436601603195,FALSE,FALSE,FALSE,0.3125,FALSE,NA,FALSE,all_pairs_combn
C8,N133,4,1,intermediate_candidate,small_or_isolated_candidate,1080.902683165725,FALSE,FALSE,FALSE,0.3125,FALSE,NA,FALSE,all_pairs_combn
C16,N96,4,1,intermediate_candidate,small_or_isolated_candidate,1096.0542817753683,FALSE,FALSE,FALSE,0.3125,FALSE,NA,FALSE,all_pairs_combn
C8,N31,4,1,intermediate_candidate,small_or_isolated_candidate,1101.5339541548335,FALSE,FALSE,FALSE,0.3125,FALSE,NA,FALSE,all_pairs_combn
C9,N10,4,1,intermediate_candidate,small_or_isolated_candidate,1102.6228024976315,FALSE,FALSE,FALSE,0.3125,FALSE,NA,FALSE,all_pairs_combn
C8,N296,4,1,intermediate_candidate,small_or_isolated_candidate,1106.2121912232928,FALSE,FALSE,FALSE,0.3125,FALSE,NA,FALSE,all_pairs_combn
C9,N21,4,1,intermediate_candidate,small_or_isolated_candidate,1124.7866443940356,FALSE,FALSE,FALSE,0.3125,FALSE,NA,FALSE,all_pairs_combn
C9,N49,4,1,intermediate_candidate,small_or_isolated_candidate,1126.4781101474355,FALSE,FALSE,FALSE,0.3125,FALSE,NA,FALSE,all_pairs_combn
C16,N206,4,1,intermediate_candidate,small_or_isolated_candidate,1129.3189975034738,FALSE,FALSE,FALSE,0.3125,FALSE,NA,FALSE,all_pairs_combn
C9,N50,4,1,intermediate_candidate,small_or_isolated_candidate,1129.4664154252162,FALSE,FALSE,FALSE,0.3125,FALSE,NA,FALSE,all_pairs_combn
C16,N207,4,1,intermediate_candidate,small_or_isolated_candidate,1132.326884743987,FALSE,FALSE,FALSE,0.3125,FALSE,NA,FALSE,all_pairs_combn
C8,N128,4,1,intermediate_candidate,small_or_isolated_candidate,1133.9713615054459,FALSE,FALSE,FALSE,0.3125,FALSE,NA,FALSE,all_pairs_combn
C8,N127,4,1,intermediate_candidate,small_or_isolated_candidate,1134.9542216849995,FALSE,FALSE,FALSE,0.3125,FALSE,NA,FALSE,all_pairs_combn
C3,N207,4,1,intermediate_candidate,small_or_isolated_candidate,1139.1437573997243,FALSE,FALSE,FALSE,0.3125,FALSE,NA,FALSE,all_pairs_combn
C9,N22,4,1,intermediate_candidate,small_or_isolated_candidate,1140.5299625395992,FALSE,FALSE,FALSE,0.3125,FALSE,NA,FALSE,all_pairs_combn
C9,N20,4,1,intermediate_candidate,small_or_isolated_candidate,1144.8473909375664,FALSE,FALSE,FALSE,0.3125,FALSE,NA,FALSE,all_pairs_combn
C3,N113,4,1,intermediate_candidate,small_or_isolated_candidate,1145.0929939575228,FALSE,FALSE,FALSE,0.3125,FALSE,NA,FALSE,all_pairs_combn
C16,N92,4,1,intermediate_candidate,small_or_isolated_candidate,1146.1935874000258,FALSE,FALSE,FALSE,0.3125,FALSE,NA,FALSE,all_pairs_combn
C16,N95,4,1,intermediate_candidate,small_or_isolated_candidate,1165.653836622782,FALSE,FALSE,FALSE,0.3125,FALSE,NA,FALSE,all_pairs_combn
C3,N31,4,1,intermediate_candidate,small_or_isolated_candidate,1169.8249019024647,FALSE,FALSE,FALSE,0.3125,FALSE,NA,FALSE,all_pairs_combn
C16,N94,4,1,intermediate_candidate,small_or_isolated_candidate,1172.7863318285963,FALSE,FALSE,FALSE,0.3125,FALSE,NA,FALSE,all_pairs_combn
C8,N68,4,1,intermediate_candidate,small_or_isolated_candidate,1173.7598975282376,FALSE,FALSE,FALSE,0.3125,FALSE,NA,FALSE,all_pairs_combn
C9,N107,4,1,intermediate_candidate,small_or_isolated_candidate,1175.9250258364025,FALSE,FALSE,FALSE,0.3125,FALSE,NA,FALSE,all_pairs_combn
C16,N93,4,1,intermediate_candidate,small_or_isolated_candidate,1196.8143172802527,FALSE,FALSE,FALSE,0.3125,FALSE,NA,FALSE,all_pairs_combn
C16,N69,4,1,intermediate_candidate,small_or_isolated_candidate,1203.3865875480374,FALSE,FALSE,FALSE,0.3125,FALSE,NA,FALSE,all_pairs_combn
C9,N104,4,1,intermediate_candidate,small_or_isolated_candidate,1206.1747980840726,FALSE,FALSE,FALSE,0.3125,FALSE,NA,FALSE,all_pairs_combn
C9,N65,4,1,intermediate_candidate,small_or_isolated_candidate,1209.3850350596283,FALSE,FALSE,FALSE,0.3125,FALSE,NA,FALSE,all_pairs_combn
C9,N61,4,1,intermediate_candidate,small_or_isolated_candidate,1217.1688926266472,FALSE,FALSE,FALSE,0.3125,FALSE,NA,FALSE,all_pairs_combn
C8,N207,4,1,intermediate_candidate,small_or_isolated_candidate,1222.9078357856692,FALSE,FALSE,FALSE,0.3125,FALSE,NA,FALSE,all_pairs_combn
C8,N131,4,1,intermediate_candidate,small_or_isolated_candidate,1228.9995541198757,FALSE,FALSE,FALSE,0.3125,FALSE,NA,FALSE,all_pairs_combn
C9,N96,4,1,intermediate_candidate,small_or_isolated_candidate,1233.9139197239126,FALSE,FALSE,FALSE,0.3125,FALSE,NA,FALSE,all_pairs_combn
C9,N62,4,1,intermediate_candidate,small_or_isolated_candidate,1243.940605990001,FALSE,FALSE,FALSE,0.3125,FALSE,NA,FALSE,all_pairs_combn
C3,N68,4,1,intermediate_candidate,small_or_isolated_candidate,1244.9505863612253,FALSE,FALSE,FALSE,0.3125,FALSE,NA,FALSE,all_pairs_combn
C3,N135,4,1,intermediate_candidate,small_or_isolated_candidate,1247.2620825845358,FALSE,FALSE,FALSE,0.3125,FALSE,NA,FALSE,all_pairs_combn
C9,N66,4,1,intermediate_candidate,small_or_isolated_candidate,1251.0155236460573,FALSE,FALSE,FALSE,0.3125,FALSE,NA,FALSE,all_pairs_combn
C9,N63,4,1,intermediate_candidate,small_or_isolated_candidate,1251.987696563024,FALSE,FALSE,FALSE,0.3125,FALSE,NA,FALSE,all_pairs_combn
C3,N182,4,1,intermediate_candidate,small_or_isolated_candidate,1301.2365823382306,FALSE,FALSE,FALSE,0.3125,FALSE,NA,FALSE,all_pairs_combn
C3,N114,4,1,intermediate_candidate,small_or_isolated_candidate,1301.421523389132,FALSE,FALSE,FALSE,0.3125,FALSE,NA,FALSE,all_pairs_combn
C8,N113,4,1,intermediate_candidate,small_or_isolated_candidate,1302.2922903890226,FALSE,FALSE,FALSE,0.3125,FALSE,NA,FALSE,all_pairs_combn
C16,N71,4,1,intermediate_candidate,small_or_isolated_candidate,1315.4801930392387,FALSE,FALSE,FALSE,0.3125,FALSE,NA,FALSE,all_pairs_combn
C9,N92,4,1,intermediate_candidate,small_or_isolated_candidate,1316.3724565464327,FALSE,FALSE,FALSE,0.3125,FALSE,NA,FALSE,all_pairs_combn
C9,N95,4,1,intermediate_candidate,small_or_isolated_candidate,1327.571160168061,FALSE,FALSE,FALSE,0.3125,FALSE,NA,FALSE,all_pairs_combn
C8,N67,4,1,intermediate_candidate,small_or_isolated_candidate,1328.2776229524939,FALSE,FALSE,FALSE,0.3125,FALSE,NA,FALSE,all_pairs_combn
C3,N120,4,1,intermediate_candidate,small_or_isolated_candidate,1331.5321597327343,FALSE,FALSE,FALSE,0.3125,FALSE,NA,FALSE,all_pairs_combn
C9,N94,4,1,intermediate_candidate,small_or_isolated_candidate,1338.1592076511083,FALSE,FALSE,FALSE,0.3125,FALSE,NA,FALSE,all_pairs_combn
C3,N206,4,1,intermediate_candidate,small_or_isolated_candidate,1347.6160384854204,FALSE,FALSE,FALSE,0.3125,FALSE,NA,FALSE,all_pairs_combn
C9,N93,4,1,intermediate_candidate,small_or_isolated_candidate,1387.534957585271,FALSE,FALSE,FALSE,0.3125,FALSE,NA,FALSE,all_pairs_combn
C3,N151,4,1,intermediate_candidate,small_or_isolated_candidate,1390.5322230304728,FALSE,FALSE,FALSE,0.3125,FALSE,NA,FALSE,all_pairs_combn
C8,N135,4,1,intermediate_candidate,small_or_isolated_candidate,1391.4535460375707,FALSE,FALSE,FALSE,0.3125,FALSE,NA,FALSE,all_pairs_combn
C8,N114,4,1,intermediate_candidate,small_or_isolated_candidate,1408.4243259982184,FALSE,FALSE,FALSE,0.3125,FALSE,NA,FALSE,all_pairs_combn
C3,N67,4,1,intermediate_candidate,small_or_isolated_candidate,1416.1425382246518,FALSE,FALSE,FALSE,0.3125,FALSE,NA,FALSE,all_pairs_combn
C3,N137,4,1,intermediate_candidate,small_or_isolated_candidate,1421.9885130462937,FALSE,FALSE,FALSE,0.3125,FALSE,NA,FALSE,all_pairs_combn
C8,N182,4,1,intermediate_candidate,small_or_isolated_candidate,1425.521431456242,FALSE,FALSE,FALSE,0.3125,FALSE,NA,FALSE,all_pairs_combn
C9,N34,4,1,intermediate_candidate,small_or_isolated_candidate,1428.77177918368,FALSE,FALSE,FALSE,0.3125,FALSE,NA,FALSE,all_pairs_combn
C9,N32,4,1,intermediate_candidate,small_or_isolated_candidate,1436.2718116249318,FALSE,FALSE,FALSE,0.3125,FALSE,NA,FALSE,all_pairs_combn
C16,N34,4,1,intermediate_candidate,small_or_isolated_candidate,1440.1055555760772,FALSE,FALSE,FALSE,0.3125,FALSE,NA,FALSE,all_pairs_combn
C8,N206,4,1,intermediate_candidate,small_or_isolated_candidate,1451.8234430805755,FALSE,FALSE,FALSE,0.3125,FALSE,NA,FALSE,all_pairs_combn
C8,N120,4,1,intermediate_candidate,small_or_isolated_candidate,1457.817757149675,FALSE,FALSE,FALSE,0.3125,FALSE,NA,FALSE,all_pairs_combn
C9,N33,4,1,intermediate_candidate,small_or_isolated_candidate,1465.5196747842149,FALSE,FALSE,FALSE,0.3125,FALSE,NA,FALSE,all_pairs_combn
C16,N33,4,1,intermediate_candidate,small_or_isolated_candidate,1480.4067558577935,FALSE,FALSE,FALSE,0.3125,FALSE,NA,FALSE,all_pairs_combn
C8,N151,4,1,intermediate_candidate,small_or_isolated_candidate,1512.4440879386325,FALSE,FALSE,FALSE,0.3125,FALSE,NA,FALSE,all_pairs_combn
C16,N32,4,1,intermediate_candidate,small_or_isolated_candidate,1517.6548907009678,FALSE,FALSE,FALSE,0.3125,FALSE,NA,FALSE,all_pairs_combn
C9,N71,4,1,intermediate_candidate,small_or_isolated_candidate,1532.6526956541272,FALSE,FALSE,FALSE,0.3125,FALSE,NA,FALSE,all_pairs_combn
C8,N137,4,1,intermediate_candidate,small_or_isolated_candidate,1574.6866308117535,FALSE,FALSE,FALSE,0.3125,FALSE,NA,FALSE,all_pairs_combn
C9,N36,4,1,intermediate_candidate,small_or_isolated_candidate,1676.5355916535684,FALSE,FALSE,FALSE,0.3125,FALSE,NA,FALSE,all_pairs_combn
C9,N35,4,1,intermediate_candidate,small_or_isolated_candidate,1697.0034111038792,FALSE,FALSE,FALSE,0.3125,FALSE,NA,FALSE,all_pairs_combn
C9,N31,4,1,intermediate_candidate,small_or_isolated_candidate,1733.2793691267052,FALSE,FALSE,FALSE,0.3125,FALSE,NA,FALSE,all_pairs_combn
C16,N36,4,1,intermediate_candidate,small_or_isolated_candidate,1743.3924160756856,FALSE,FALSE,FALSE,0.3125,FALSE,NA,FALSE,all_pairs_combn
C16,N35,4,1,intermediate_candidate,small_or_isolated_candidate,1758.2665507579336,FALSE,FALSE,FALSE,0.3125,FALSE,NA,FALSE,all_pairs_combn
C9,N68,4,1,intermediate_candidate,small_or_isolated_candidate,1804.8383097891924,FALSE,FALSE,FALSE,0.3125,FALSE,NA,FALSE,all_pairs_combn
C16,N31,4,1,intermediate_candidate,small_or_isolated_candidate,1832.9537871639684,FALSE,FALSE,FALSE,0.3125,FALSE,NA,FALSE,all_pairs_combn
C16,N68,4,1,intermediate_candidate,small_or_isolated_candidate,1909.4170501770075,FALSE,FALSE,FALSE,0.3125,FALSE,NA,FALSE,all_pairs_combn
C9,N67,4,1,intermediate_candidate,small_or_isolated_candidate,2028.294178541226,FALSE,FALSE,FALSE,0.3125,FALSE,NA,FALSE,all_pairs_combn
C16,N67,4,1,intermediate_candidate,small_or_isolated_candidate,2121.7117050235847,FALSE,FALSE,FALSE,0.3125,FALSE,NA,FALSE,all_pairs_combn
N51,N52,1,1,small_or_isolated_candidate,small_or_isolated_candidate,0.9939117078090749,FALSE,FALSE,TRUE,0.125,FALSE,NA,FALSE,all_pairs_combn
N63,N66,1,1,small_or_isolated_candidate,small_or_isolated_candidate,0.9981464845695575,FALSE,FALSE,TRUE,0.125,FALSE,NA,FALSE,all_pairs_combn
N127,N128,1,1,small_or_isolated_candidate,small_or_isolated_candidate,2.8559707036208395,FALSE,FALSE,TRUE,0.125,FALSE,NA,FALSE,all_pairs_combn
N122,N123,1,1,small_or_isolated_candidate,small_or_isolated_candidate,2.858773789001625,FALSE,FALSE,TRUE,0.125,FALSE,NA,FALSE,all_pairs_combn
N121,N123,1,1,small_or_isolated_candidate,small_or_isolated_candidate,3.0090505773191802,FALSE,FALSE,TRUE,0.125,FALSE,NA,FALSE,all_pairs_combn
N49,N50,1,1,small_or_isolated_candidate,small_or_isolated_candidate,3.0093367262814255,FALSE,FALSE,TRUE,0.125,FALSE,NA,FALSE,all_pairs_combn
N111,N112,1,1,small_or_isolated_candidate,small_or_isolated_candidate,3.3562485703899134,FALSE,FALSE,TRUE,0.125,FALSE,NA,FALSE,all_pairs_combn
N121,N122,1,1,small_or_isolated_candidate,small_or_isolated_candidate,3.580839320535665,FALSE,FALSE,TRUE,0.125,FALSE,NA,FALSE,all_pairs_combn
N152,N153,1,1,small_or_isolated_candidate,small_or_isolated_candidate,3.7320589360792584,FALSE,FALSE,TRUE,0.125,FALSE,NA,FALSE,all_pairs_combn
N140,N141,1,1,small_or_isolated_candidate,small_or_isolated_candidate,4.619404348238296,FALSE,FALSE,TRUE,0.125,FALSE,NA,FALSE,all_pairs_combn
N17,N18,1,1,small_or_isolated_candidate,small_or_isolated_candidate,9.069888950399541,FALSE,FALSE,TRUE,0.125,FALSE,NA,FALSE,all_pairs_combn
N94,N95,1,1,small_or_isolated_candidate,small_or_isolated_candidate,14.115064572652233,FALSE,FALSE,TRUE,0.125,FALSE,NA,FALSE,all_pairs_combn
N62,N66,1,1,small_or_isolated_candidate,small_or_isolated_candidate,15.433393735794072,FALSE,FALSE,TRUE,0.125,FALSE,NA,FALSE,all_pairs_combn
N62,N63,1,1,small_or_isolated_candidate,small_or_isolated_candidate,15.712968437824697,FALSE,FALSE,TRUE,0.125,FALSE,NA,FALSE,all_pairs_combn
N124,N134,1,1,small_or_isolated_candidate,small_or_isolated_candidate,16.348832231730377,FALSE,FALSE,TRUE,0.125,FALSE,NA,FALSE,all_pairs_combn
N143,N144,1,1,small_or_isolated_candidate,small_or_isolated_candidate,16.909388367298956,FALSE,FALSE,TRUE,0.125,FALSE,NA,FALSE,all_pairs_combn
N117,N118,1,1,small_or_isolated_candidate,small_or_isolated_candidate,18.490272429844026,FALSE,FALSE,TRUE,0.125,FALSE,NA,FALSE,all_pairs_combn
N20,N21,1,1,small_or_isolated_candidate,small_or_isolated_candidate,20.17468667528364,FALSE,FALSE,TRUE,0.125,FALSE,NA,FALSE,all_pairs_combn
N300,N304,1,1,small_or_isolated_candidate,small_or_isolated_candidate,21.67928883112478,FALSE,FALSE,TRUE,0.125,FALSE,NA,FALSE,all_pairs_combn
N152,N157,1,1,small_or_isolated_candidate,small_or_isolated_candidate,25.069327669005503,FALSE,FALSE,TRUE,0.125,FALSE,NA,FALSE,all_pairs_combn
N125,N129,1,1,small_or_isolated_candidate,small_or_isolated_candidate,27.86244034642919,FALSE,FALSE,TRUE,0.125,FALSE,NA,FALSE,all_pairs_combn
N124,N125,1,1,small_or_isolated_candidate,small_or_isolated_candidate,28.42417159312995,FALSE,FALSE,TRUE,0.125,FALSE,NA,FALSE,all_pairs_combn
N153,N157,1,1,small_or_isolated_candidate,small_or_isolated_candidate,28.752211616168868,FALSE,FALSE,TRUE,0.125,FALSE,NA,FALSE,all_pairs_combn
N92,N94,1,1,small_or_isolated_candidate,small_or_isolated_candidate,28.792819473029446,FALSE,FALSE,TRUE,0.125,FALSE,NA,FALSE,all_pairs_combn
N35,N36,1,1,small_or_isolated_candidate,small_or_isolated_candidate,28.84499887910424,FALSE,FALSE,TRUE,0.125,FALSE,NA,FALSE,all_pairs_combn
N92,N95,1,1,small_or_isolated_candidate,small_or_isolated_candidate,30.163445493819058,FALSE,FALSE,TRUE,0.125,FALSE,NA,FALSE,all_pairs_combn
N307,N308,1,1,small_or_isolated_candidate,small_or_isolated_candidate,31.651755683937065,FALSE,FALSE,TRUE,0.125,FALSE,NA,FALSE,all_pairs_combn
N117,N134,1,1,small_or_isolated_candidate,small_or_isolated_candidate,32.58499556387071,FALSE,FALSE,TRUE,0.125,FALSE,NA,FALSE,all_pairs_combn
N104,N96,1,1,small_or_isolated_candidate,small_or_isolated_candidate,33.23251017094283,FALSE,FALSE,TRUE,0.125,FALSE,NA,FALSE,all_pairs_combn
N61,N65,1,1,small_or_isolated_candidate,small_or_isolated_candidate,33.24036754517963,FALSE,FALSE,TRUE,0.125,FALSE,NA,FALSE,all_pairs_combn
N304,N305,1,1,small_or_isolated_candidate,small_or_isolated_candidate,34.35409412806773,FALSE,FALSE,TRUE,0.125,FALSE,NA,FALSE,all_pairs_combn
N104,N107,1,1,small_or_isolated_candidate,small_or_isolated_candidate,36.635516439655866,FALSE,FALSE,TRUE,0.125,FALSE,NA,FALSE,all_pairs_combn
N33,N34,1,1,small_or_isolated_candidate,small_or_isolated_candidate,40.77420026819373,FALSE,FALSE,TRUE,0.125,FALSE,NA,FALSE,all_pairs_combn
N124,N129,1,1,small_or_isolated_candidate,small_or_isolated_candidate,41.507002033384296,FALSE,FALSE,TRUE,0.125,FALSE,NA,FALSE,all_pairs_combn
N120,N182,1,1,small_or_isolated_candidate,small_or_isolated_candidate,41.98070029351805,FALSE,FALSE,TRUE,0.125,FALSE,NA,FALSE,all_pairs_combn
N125,N134,1,1,small_or_isolated_candidate,small_or_isolated_candidate,43.1138060965319,FALSE,FALSE,TRUE,0.125,FALSE,NA,FALSE,all_pairs_combn
N148,N212,1,1,small_or_isolated_candidate,small_or_isolated_candidate,44.34767150154604,FALSE,FALSE,TRUE,0.125,FALSE,NA,FALSE,all_pairs_combn
N300,N305,1,1,small_or_isolated_candidate,small_or_isolated_candidate,44.44459525005515,FALSE,FALSE,TRUE,0.125,FALSE,NA,FALSE,all_pairs_combn
N117,N124,1,1,small_or_isolated_candidate,small_or_isolated_candidate,47.449609867990205,FALSE,FALSE,TRUE,0.125,FALSE,NA,FALSE,all_pairs_combn
N10,N22,1,1,small_or_isolated_candidate,small_or_isolated_candidate,47.48676996239782,FALSE,FALSE,TRUE,0.125,FALSE,NA,FALSE,all_pairs_combn
N129,N134,1,1,small_or_isolated_candidate,small_or_isolated_candidate,48.50635027856293,FALSE,FALSE,TRUE,0.125,FALSE,NA,FALSE,all_pairs_combn
N133,N212,1,1,small_or_isolated_candidate,small_or_isolated_candidate,49.51762963498158,FALSE,FALSE,TRUE,0.125,FALSE,NA,FALSE,all_pairs_combn
N11,N17,1,1,small_or_isolated_candidate,small_or_isolated_candidate,49.89474627218992,FALSE,FALSE,TRUE,0.125,FALSE,NA,FALSE,all_pairs_combn
N145,N308,1,1,small_or_isolated_candidate,small_or_isolated_candidate,50.14735978906117,FALSE,FALSE,TRUE,0.125,FALSE,NA,FALSE,all_pairs_combn
N118,N134,1,1,small_or_isolated_candidate,small_or_isolated_candidate,50.90388310006727,FALSE,FALSE,TRUE,0.125,FALSE,NA,FALSE,all_pairs_combn
N150,N259,1,1,small_or_isolated_candidate,small_or_isolated_candidate,51.23994890126447,FALSE,FALSE,TRUE,0.125,FALSE,NA,FALSE,all_pairs_combn
N145,N294,1,1,small_or_isolated_candidate,small_or_isolated_candidate,51.52981268449086,FALSE,FALSE,TRUE,0.125,FALSE,NA,FALSE,all_pairs_combn
N114,N206,1,1,small_or_isolated_candidate,small_or_isolated_candidate,55.2102734353246,FALSE,FALSE,TRUE,0.125,FALSE,NA,FALSE,all_pairs_combn
N143,N149,1,1,small_or_isolated_candidate,small_or_isolated_candidate,57.21914901675994,FALSE,FALSE,TRUE,0.125,FALSE,NA,FALSE,all_pairs_combn
N11,N18,1,1,small_or_isolated_candidate,small_or_isolated_candidate,57.234275367006205,FALSE,FALSE,TRUE,0.125,FALSE,NA,FALSE,all_pairs_combn
N136,N150,1,1,small_or_isolated_candidate,small_or_isolated_candidate,57.2736419217583,FALSE,FALSE,TRUE,0.125,FALSE,NA,FALSE,all_pairs_combn
N21,N49,1,1,small_or_isolated_candidate,small_or_isolated_candidate,57.297096522580844,FALSE,FALSE,TRUE,0.125,FALSE,NA,FALSE,all_pairs_combn
N144,N292,1,1,small_or_isolated_candidate,small_or_isolated_candidate,57.36534045128267,FALSE,FALSE,TRUE,0.125,FALSE,NA,FALSE,all_pairs_combn
N21,N50,1,1,small_or_isolated_candidate,small_or_isolated_candidate,57.89227423826131,FALSE,FALSE,TRUE,0.125,FALSE,NA,FALSE,all_pairs_combn
N20,N50,1,1,small_or_isolated_candidate,small_or_isolated_candidate,58.14157803236578,FALSE,FALSE,TRUE,0.125,FALSE,NA,FALSE,all_pairs_combn
N20,N49,1,1,small_or_isolated_candidate,small_or_isolated_candidate,58.592457173484306,FALSE,FALSE,TRUE,0.125,FALSE,NA,FALSE,all_pairs_combn
N19,N24,1,1,small_or_isolated_candidate,small_or_isolated_candidate,60.02735763725385,FALSE,FALSE,TRUE,0.125,FALSE,NA,FALSE,all_pairs_combn
N121,N150,1,1,small_or_isolated_candidate,small_or_isolated_candidate,61.23428822028516,FALSE,FALSE,TRUE,0.125,FALSE,NA,FALSE,all_pairs_combn
N144,N149,1,1,small_or_isolated_candidate,small_or_isolated_candidate,61.44731505110701,FALSE,FALSE,TRUE,0.125,FALSE,NA,FALSE,all_pairs_combn
N118,N126,1,1,small_or_isolated_candidate,small_or_isolated_candidate,61.80825877002869,FALSE,FALSE,TRUE,0.125,FALSE,NA,FALSE,all_pairs_combn
N146,N149,1,1,small_or_isolated_candidate,small_or_isolated_candidate,62.73016153037403,FALSE,FALSE,TRUE,0.125,FALSE,NA,FALSE,all_pairs_combn
N49,N52,1,1,small_or_isolated_candidate,small_or_isolated_candidate,63.03677309895585,FALSE,FALSE,TRUE,0.125,FALSE,NA,FALSE,all_pairs_combn
N10,N24,1,1,small_or_isolated_candidate,small_or_isolated_candidate,63.06732577738638,FALSE,FALSE,TRUE,0.125,FALSE,NA,FALSE,all_pairs_combn
N123,N150,1,1,small_or_isolated_candidate,small_or_isolated_candidate,63.424239820949964,FALSE,FALSE,TRUE,0.125,FALSE,NA,FALSE,all_pairs_combn
N49,N51,1,1,small_or_isolated_candidate,small_or_isolated_candidate,63.99768812647735,FALSE,FALSE,TRUE,0.125,FALSE,NA,FALSE,all_pairs_combn
N61,N66,1,1,small_or_isolated_candidate,small_or_isolated_candidate,64.48259883601699,FALSE,FALSE,TRUE,0.125,FALSE,NA,FALSE,all_pairs_combn
N122,N150,1,1,small_or_isolated_candidate,small_or_isolated_candidate,64.79498313183872,FALSE,FALSE,TRUE,0.125,FALSE,NA,FALSE,all_pairs_combn
N118,N124,1,1,small_or_isolated_candidate,small_or_isolated_candidate,65.15642166842484,FALSE,FALSE,TRUE,0.125,FALSE,NA,FALSE,all_pairs_combn
N61,N63,1,1,small_or_isolated_candidate,small_or_isolated_candidate,65.20466783639047,FALSE,FALSE,TRUE,0.125,FALSE,NA,FALSE,all_pairs_combn
N140,N294,1,1,small_or_isolated_candidate,small_or_isolated_candidate,65.59014434915667,FALSE,FALSE,TRUE,0.125,FALSE,NA,FALSE,all_pairs_combn
N50,N52,1,1,small_or_isolated_candidate,small_or_isolated_candidate,65.81864856014754,FALSE,FALSE,TRUE,0.125,FALSE,NA,FALSE,all_pairs_combn
N20,N65,1,1,small_or_isolated_candidate,small_or_isolated_candidate,65.83200705534817,FALSE,FALSE,TRUE,0.125,FALSE,NA,FALSE,all_pairs_combn
N50,N51,1,1,small_or_isolated_candidate,small_or_isolated_candidate,66.77489788994593,FALSE,FALSE,TRUE,0.125,FALSE,NA,FALSE,all_pairs_combn
N141,N294,1,1,small_or_isolated_candidate,small_or_isolated_candidate,69.66556562531837,FALSE,FALSE,TRUE,0.125,FALSE,NA,FALSE,all_pairs_combn
N107,N96,1,1,small_or_isolated_candidate,small_or_isolated_candidate,69.86802660894435,FALSE,FALSE,TRUE,0.125,FALSE,NA,FALSE,all_pairs_combn
N147,N148,1,1,small_or_isolated_candidate,small_or_isolated_candidate,72.69182780840424,FALSE,FALSE,TRUE,0.125,FALSE,NA,FALSE,all_pairs_combn
N61,N62,1,1,small_or_isolated_candidate,small_or_isolated_candidate,73.31783854919689,FALSE,FALSE,TRUE,0.125,FALSE,NA,FALSE,all_pairs_combn
N113,N131,1,1,small_or_isolated_candidate,small_or_isolated_candidate,73.42253191626484,FALSE,FALSE,TRUE,0.125,FALSE,NA,FALSE,all_pairs_combn
N143,N292,1,1,small_or_isolated_candidate,small_or_isolated_candidate,74.18719628555367,FALSE,FALSE,TRUE,0.125,FALSE,NA,FALSE,all_pairs_combn
N20,N61,1,1,small_or_isolated_candidate,small_or_isolated_candidate,74.62812493300852,FALSE,FALSE,TRUE,0.125,FALSE,NA,FALSE,all_pairs_combn
N117,N126,1,1,small_or_isolated_candidate,small_or_isolated_candidate,74.84627881659894,FALSE,FALSE,TRUE,0.125,FALSE,NA,FALSE,all_pairs_combn
N117,N125,1,1,small_or_isolated_candidate,small_or_isolated_candidate,75.45611250912432,FALSE,FALSE,TRUE,0.125,FALSE,NA,FALSE,all_pairs_combn
N31,N68,1,1,small_or_isolated_candidate,small_or_isolated_candidate,77.52401119830229,FALSE,FALSE,TRUE,0.125,FALSE,NA,FALSE,all_pairs_combn
N145,N307,1,1,small_or_isolated_candidate,small_or_isolated_candidate,78.9171999968913,FALSE,FALSE,TRUE,0.125,FALSE,NA,FALSE,all_pairs_combn
N118,N211,1,1,small_or_isolated_candidate,small_or_isolated_candidate,79.09477788541258,FALSE,FALSE,TRUE,0.125,FALSE,NA,FALSE,all_pairs_combn
N117,N129,1,1,small_or_isolated_candidate,small_or_isolated_candidate,79.16809418722173,FALSE,FALSE,TRUE,0.125,FALSE,NA,FALSE,all_pairs_combn
N126,N138,1,1,small_or_isolated_candidate,small_or_isolated_candidate,83.12103478209538,FALSE,FALSE,TRUE,0.125,FALSE,NA,FALSE,all_pairs_combn
N21,N30,1,1,small_or_isolated_candidate,small_or_isolated_candidate,83.4867339243635,FALSE,FALSE,TRUE,0.125,FALSE,NA,FALSE,all_pairs_combn
N120,N151,1,1,small_or_isolated_candidate,small_or_isolated_candidate,84.22588931941976,FALSE,FALSE,TRUE,0.125,FALSE,NA,FALSE,all_pairs_combn
N21,N65,1,1,small_or_isolated_candidate,small_or_isolated_candidate,85.26927473791953,FALSE,FALSE,TRUE,0.125,FALSE,NA,FALSE,all_pairs_combn
N148,N157,1,1,small_or_isolated_candidate,small_or_isolated_candidate,85.67588664534988,FALSE,FALSE,TRUE,0.125,FALSE,NA,FALSE,all_pairs_combn
N10,N19,1,1,small_or_isolated_candidate,small_or_isolated_candidate,86.0569613560504,FALSE,FALSE,TRUE,0.125,FALSE,NA,FALSE,all_pairs_combn
N119,N126,1,1,small_or_isolated_candidate,small_or_isolated_candidate,87.88323386960931,FALSE,FALSE,TRUE,0.125,FALSE,NA,FALSE,all_pairs_combn
N142,N146,1,1,small_or_isolated_candidate,small_or_isolated_candidate,88.54264261652922,FALSE,FALSE,TRUE,0.125,FALSE,NA,FALSE,all_pairs_combn
N110,N112,1,1,small_or_isolated_candidate,small_or_isolated_candidate,89.26967059535241,FALSE,FALSE,TRUE,0.125,FALSE,NA,FALSE,all_pairs_combn
N157,N212,1,1,small_or_isolated_candidate,small_or_isolated_candidate,89.63442443644814,FALSE,FALSE,TRUE,0.125,FALSE,NA,FALSE,all_pairs_combn
N93,N94,1,1,small_or_isolated_candidate,small_or_isolated_candidate,90.61999053201431,FALSE,FALSE,TRUE,0.125,FALSE,NA,FALSE,all_pairs_combn
N92,N93,1,1,small_or_isolated_candidate,small_or_isolated_candidate,90.67990061278016,FALSE,FALSE,TRUE,0.125,FALSE,NA,FALSE,all_pairs_combn
N117,N211,1,1,small_or_isolated_candidate,small_or_isolated_candidate,91.03655818415412,FALSE,FALSE,TRUE,0.125,FALSE,NA,FALSE,all_pairs_combn
N133,N148,1,1,small_or_isolated_candidate,small_or_isolated_candidate,92.15302251402397,FALSE,FALSE,TRUE,0.125,FALSE,NA,FALSE,all_pairs_combn
N121,N136,1,1,small_or_isolated_candidate,small_or_isolated_candidate,92.22518234683436,FALSE,FALSE,TRUE,0.125,FALSE,NA,FALSE,all_pairs_combn
N110,N111,1,1,small_or_isolated_candidate,small_or_isolated_candidate,92.30223618871175,FALSE,FALSE,TRUE,0.125,FALSE,NA,FALSE,all_pairs_combn
N118,N125,1,1,small_or_isolated_candidate,small_or_isolated_candidate,93.43555592871782,FALSE,FALSE,TRUE,0.125,FALSE,NA,FALSE,all_pairs_combn
N136,N259,1,1,small_or_isolated_candidate,small_or_isolated_candidate,93.53959636056122,FALSE,FALSE,TRUE,0.125,FALSE,NA,FALSE,all_pairs_combn
N151,N182,1,1,small_or_isolated_candidate,small_or_isolated_candidate,94.11345319228046,FALSE,FALSE,TRUE,0.125,FALSE,NA,FALSE,all_pairs_combn
N21,N52,1,1,small_or_isolated_candidate,small_or_isolated_candidate,94.24200091362923,FALSE,FALSE,TRUE,0.125,FALSE,NA,FALSE,all_pairs_combn
N21,N61,1,1,small_or_isolated_candidate,small_or_isolated_candidate,94.62000421931133,FALSE,FALSE,TRUE,0.125,FALSE,NA,FALSE,all_pairs_combn
N149,N292,1,1,small_or_isolated_candidate,small_or_isolated_candidate,94.69421885903658,FALSE,FALSE,TRUE,0.125,FALSE,NA,FALSE,all_pairs_combn
N122,N136,1,1,small_or_isolated_candidate,small_or_isolated_candidate,94.84892600133576,FALSE,FALSE,TRUE,0.125,FALSE,NA,FALSE,all_pairs_combn
N21,N51,1,1,small_or_isolated_candidate,small_or_isolated_candidate,95.16803367417889,FALSE,FALSE,TRUE,0.125,FALSE,NA,FALSE,all_pairs_combn
N123,N136,1,1,small_or_isolated_candidate,small_or_isolated_candidate,95.213284315902,FALSE,FALSE,TRUE,0.125,FALSE,NA,FALSE,all_pairs_combn
N50,N61,1,1,small_or_isolated_candidate,small_or_isolated_candidate,96.2000028960445,FALSE,FALSE,TRUE,0.125,FALSE,NA,FALSE,all_pairs_combn
N294,N308,1,1,small_or_isolated_candidate,small_or_isolated_candidate,96.85173576289043,FALSE,FALSE,TRUE,0.125,FALSE,NA,FALSE,all_pairs_combn
N65,N66,1,1,small_or_isolated_candidate,small_or_isolated_candidate,96.86170610174014,FALSE,FALSE,TRUE,0.125,FALSE,NA,FALSE,all_pairs_combn
N63,N65,1,1,small_or_isolated_candidate,small_or_isolated_candidate,97.51394579669858,FALSE,FALSE,TRUE,0.125,FALSE,NA,FALSE,all_pairs_combn
N118,N129,1,1,small_or_isolated_candidate,small_or_isolated_candidate,97.58856798583159,FALSE,FALSE,TRUE,0.125,FALSE,NA,FALSE,all_pairs_combn
N119,N292,1,1,small_or_isolated_candidate,small_or_isolated_candidate,98.58511321330953,FALSE,FALSE,TRUE,0.125,FALSE,NA,FALSE,all_pairs_combn
N49,N61,1,1,small_or_isolated_candidate,small_or_isolated_candidate,98.76450983768659,FALSE,FALSE,TRUE,0.125,FALSE,NA,FALSE,all_pairs_combn
N147,N149,1,1,small_or_isolated_candidate,small_or_isolated_candidate,99.81982649623546,FALSE,FALSE,TRUE,0.125,FALSE,NA,FALSE,all_pairs_combn
N142,N147,1,1,small_or_isolated_candidate,small_or_isolated_candidate,100.08885185501588,FALSE,FALSE,TRUE,0.125,FALSE,NA,FALSE,all_pairs_combn
N133,N157,1,1,small_or_isolated_candidate,small_or_isolated_candidate,100.56949474610357,FALSE,FALSE,TRUE,0.125,FALSE,NA,FALSE,all_pairs_combn
N20,N30,1,1,small_or_isolated_candidate,small_or_isolated_candidate,102.98994498941585,FALSE,FALSE,TRUE,0.125,FALSE,NA,FALSE,all_pairs_combn
N146,N147,1,1,small_or_isolated_candidate,small_or_isolated_candidate,103.48215470291603,FALSE,FALSE,TRUE,0.125,FALSE,NA,FALSE,all_pairs_combn
N93,N95,1,1,small_or_isolated_candidate,small_or_isolated_candidate,104.17482648348236,FALSE,FALSE,TRUE,0.125,FALSE,NA,FALSE,all_pairs_combn
N126,N134,1,1,small_or_isolated_candidate,small_or_isolated_candidate,104.32028635121148,FALSE,FALSE,TRUE,0.125,FALSE,NA,FALSE,all_pairs_combn
N30,N52,1,1,small_or_isolated_candidate,small_or_isolated_candidate,105.08887941478717,FALSE,FALSE,TRUE,0.125,FALSE,NA,FALSE,all_pairs_combn
N121,N259,1,1,small_or_isolated_candidate,small_or_isolated_candidate,105.36689179668228,FALSE,FALSE,TRUE,0.125,FALSE,NA,FALSE,all_pairs_combn
N30,N51,1,1,small_or_isolated_candidate,small_or_isolated_candidate,105.42384852957213,FALSE,FALSE,TRUE,0.125,FALSE,NA,FALSE,all_pairs_combn
N62,N65,1,1,small_or_isolated_candidate,small_or_isolated_candidate,106.45231799374655,FALSE,FALSE,TRUE,0.125,FALSE,NA,FALSE,all_pairs_combn
N50,N65,1,1,small_or_isolated_candidate,small_or_isolated_candidate,106.58806707845953,FALSE,FALSE,TRUE,0.125,FALSE,NA,FALSE,all_pairs_combn
N152,N212,1,1,small_or_isolated_candidate,small_or_isolated_candidate,106.72200641441698,FALSE,FALSE,TRUE,0.125,FALSE,NA,FALSE,all_pairs_combn
N123,N259,1,1,small_or_isolated_candidate,small_or_isolated_candidate,106.77083551898656,FALSE,FALSE,TRUE,0.125,FALSE,NA,FALSE,all_pairs_combn
N20,N52,1,1,small_or_isolated_candidate,small_or_isolated_candidate,106.91609673931715,FALSE,FALSE,TRUE,0.125,FALSE,NA,FALSE,all_pairs_combn
N133,N152,1,1,small_or_isolated_candidate,small_or_isolated_candidate,106.93238823293937,FALSE,FALSE,TRUE,0.125,FALSE,NA,FALSE,all_pairs_combn
N22,N24,1,1,small_or_isolated_candidate,small_or_isolated_candidate,107.6647594948399,FALSE,FALSE,TRUE,0.125,FALSE,NA,FALSE,all_pairs_combn
N20,N51,1,1,small_or_isolated_candidate,small_or_isolated_candidate,107.88689131941419,FALSE,FALSE,TRUE,0.125,FALSE,NA,FALSE,all_pairs_combn
N49,N65,1,1,small_or_isolated_candidate,small_or_isolated_candidate,108.54868304309979,FALSE,FALSE,TRUE,0.125,FALSE,NA,FALSE,all_pairs_combn
N122,N259,1,1,small_or_isolated_candidate,small_or_isolated_candidate,108.8669378115337,FALSE,FALSE,TRUE,0.125,FALSE,NA,FALSE,all_pairs_combn
N133,N153,1,1,small_or_isolated_candidate,small_or_isolated_candidate,108.91751455027665,FALSE,FALSE,TRUE,0.125,FALSE,NA,FALSE,all_pairs_combn
N148,N152,1,1,small_or_isolated_candidate,small_or_isolated_candidate,109.13143047595369,FALSE,FALSE,TRUE,0.125,FALSE,NA,FALSE,all_pairs_combn
N95,N96,1,1,small_or_isolated_candidate,small_or_isolated_candidate,109.78397243908938,FALSE,FALSE,TRUE,0.125,FALSE,NA,FALSE,all_pairs_combn
N153,N212,1,1,small_or_isolated_candidate,small_or_isolated_candidate,109.90790390809738,FALSE,FALSE,TRUE,0.125,FALSE,NA,FALSE,all_pairs_combn
N19,N22,1,1,small_or_isolated_candidate,small_or_isolated_candidate,111.16097231004508,FALSE,FALSE,TRUE,0.125,FALSE,NA,FALSE,all_pairs_combn
N126,N211,1,1,small_or_isolated_candidate,small_or_isolated_candidate,112.76720723697943,FALSE,FALSE,TRUE,0.125,FALSE,NA,FALSE,all_pairs_combn
N148,N153,1,1,small_or_isolated_candidate,small_or_isolated_candidate,112.82633441915999,FALSE,FALSE,TRUE,0.125,FALSE,NA,FALSE,all_pairs_combn
N134,N211,1,1,small_or_isolated_candidate,small_or_isolated_candidate,112.94974943278126,FALSE,FALSE,TRUE,0.125,FALSE,NA,FALSE,all_pairs_combn
N119,N144,1,1,small_or_isolated_candidate,small_or_isolated_candidate,113.07061477452585,FALSE,FALSE,TRUE,0.125,FALSE,NA,FALSE,all_pairs_combn
N138,N211,1,1,small_or_isolated_candidate,small_or_isolated_candidate,113.41013467150441,FALSE,FALSE,TRUE,0.125,FALSE,NA,FALSE,all_pairs_combn
N147,N212,1,1,small_or_isolated_candidate,small_or_isolated_candidate,115.24462301116182,FALSE,FALSE,TRUE,0.125,FALSE,NA,FALSE,all_pairs_combn
N140,N145,1,1,small_or_isolated_candidate,small_or_isolated_candidate,116.94547203641619,FALSE,FALSE,TRUE,0.125,FALSE,NA,FALSE,all_pairs_combn
N50,N62,1,1,small_or_isolated_candidate,small_or_isolated_candidate,117.34395267568875,FALSE,FALSE,TRUE,0.125,FALSE,NA,FALSE,all_pairs_combn
N92,N96,1,1,small_or_isolated_candidate,small_or_isolated_candidate,117.72907235555509,FALSE,FALSE,TRUE,0.125,FALSE,NA,FALSE,all_pairs_combn
N30,N49,1,1,small_or_isolated_candidate,small_or_isolated_candidate,118.20767295666921,FALSE,FALSE,TRUE,0.125,FALSE,NA,FALSE,all_pairs_combn
N124,N211,1,1,small_or_isolated_candidate,small_or_isolated_candidate,119.19837050191163,FALSE,FALSE,TRUE,0.125,FALSE,NA,FALSE,all_pairs_combn
N294,N307,1,1,small_or_isolated_candidate,small_or_isolated_candidate,119.91277903396494,FALSE,FALSE,TRUE,0.125,FALSE,NA,FALSE,all_pairs_combn
N143,N146,1,1,small_or_isolated_candidate,small_or_isolated_candidate,119.92333339661323,FALSE,FALSE,TRUE,0.125,FALSE,NA,FALSE,all_pairs_combn
N118,N138,1,1,small_or_isolated_candidate,small_or_isolated_candidate,120.27940134451288,FALSE,FALSE,TRUE,0.125,FALSE,NA,FALSE,all_pairs_combn
N49,N62,1,1,small_or_isolated_candidate,small_or_isolated_candidate,120.33403576798571,FALSE,FALSE,TRUE,0.125,FALSE,NA,FALSE,all_pairs_combn
N124,N126,1,1,small_or_isolated_candidate,small_or_isolated_candidate,120.49772268096446,FALSE,FALSE,TRUE,0.125,FALSE,NA,FALSE,all_pairs_combn
N30,N50,1,1,small_or_isolated_candidate,small_or_isolated_candidate,120.54591731451357,FALSE,FALSE,TRUE,0.125,FALSE,NA,FALSE,all_pairs_combn
N141,N145,1,1,small_or_isolated_candidate,small_or_isolated_candidate,121.10573176189561,FALSE,FALSE,TRUE,0.125,FALSE,NA,FALSE,all_pairs_combn
N50,N66,1,1,small_or_isolated_candidate,small_or_isolated_candidate,122.2208425137674,FALSE,FALSE,TRUE,0.125,FALSE,NA,FALSE,all_pairs_combn
N144,N146,1,1,small_or_isolated_candidate,small_or_isolated_candidate,122.60473432259991,FALSE,FALSE,TRUE,0.125,FALSE,NA,FALSE,all_pairs_combn
N50,N63,1,1,small_or_isolated_candidate,small_or_isolated_candidate,123.2107531288016,FALSE,FALSE,TRUE,0.125,FALSE,NA,FALSE,all_pairs_combn
N94,N96,1,1,small_or_isolated_candidate,small_or_isolated_candidate,123.65162498494514,FALSE,FALSE,TRUE,0.125,FALSE,NA,FALSE,all_pairs_combn
N119,N143,1,1,small_or_isolated_candidate,small_or_isolated_candidate,123.76293801643484,FALSE,FALSE,TRUE,0.125,FALSE,NA,FALSE,all_pairs_combn
N127,N132,1,1,small_or_isolated_candidate,small_or_isolated_candidate,123.90459718258582,FALSE,FALSE,TRUE,0.125,FALSE,NA,FALSE,all_pairs_combn
N49,N66,1,1,small_or_isolated_candidate,small_or_isolated_candidate,125.23009157539964,FALSE,FALSE,TRUE,0.125,FALSE,NA,FALSE,all_pairs_combn
N128,N132,1,1,small_or_isolated_candidate,small_or_isolated_candidate,125.38479749727259,FALSE,FALSE,TRUE,0.125,FALSE,NA,FALSE,all_pairs_combn
N11,N30,1,1,small_or_isolated_candidate,small_or_isolated_candidate,126.16780989127278,FALSE,FALSE,TRUE,0.125,FALSE,NA,FALSE,all_pairs_combn
N49,N63,1,1,small_or_isolated_candidate,small_or_isolated_candidate,126.22002424303425,FALSE,FALSE,TRUE,0.125,FALSE,NA,FALSE,all_pairs_combn
N104,N95,1,1,small_or_isolated_candidate,small_or_isolated_candidate,127.10105739187492,FALSE,FALSE,TRUE,0.125,FALSE,NA,FALSE,all_pairs_combn
N104,N92,1,1,small_or_isolated_candidate,small_or_isolated_candidate,127.52648043713623,FALSE,FALSE,TRUE,0.125,FALSE,NA,FALSE,all_pairs_combn
N136,N292,1,1,small_or_isolated_candidate,small_or_isolated_candidate,128.13755052853506,FALSE,FALSE,TRUE,0.125,FALSE,NA,FALSE,all_pairs_combn
N20,N66,1,1,small_or_isolated_candidate,small_or_isolated_candidate,128.2172104200627,FALSE,FALSE,TRUE,0.125,FALSE,NA,FALSE,all_pairs_combn
N143,N147,1,1,small_or_isolated_candidate,small_or_isolated_candidate,128.86377189335434,FALSE,FALSE,TRUE,0.125,FALSE,NA,FALSE,all_pairs_combn
N19,N30,1,1,small_or_isolated_candidate,small_or_isolated_candidate,129.01215498005524,FALSE,FALSE,TRUE,0.125,FALSE,NA,FALSE,all_pairs_combn
N20,N63,1,1,small_or_isolated_candidate,small_or_isolated_candidate,129.15959662758263,FALSE,FALSE,TRUE,0.125,FALSE,NA,FALSE,all_pairs_combn
N20,N62,1,1,small_or_isolated_candidate,small_or_isolated_candidate,130.42394919538413,FALSE,FALSE,TRUE,0.125,FALSE,NA,FALSE,all_pairs_combn
N128,N304,1,1,small_or_isolated_candidate,small_or_isolated_candidate,132.1527019078751,FALSE,FALSE,TRUE,0.125,FALSE,NA,FALSE,all_pairs_combn
N305,N307,1,1,small_or_isolated_candidate,small_or_isolated_candidate,132.36039960607442,FALSE,FALSE,TRUE,0.125,FALSE,NA,FALSE,all_pairs_combn
N300,N307,1,1,small_or_isolated_candidate,small_or_isolated_candidate,132.68236314526104,FALSE,FALSE,TRUE,0.125,FALSE,NA,FALSE,all_pairs_combn
N127,N304,1,1,small_or_isolated_candidate,small_or_isolated_candidate,134.29845462517844,FALSE,FALSE,TRUE,0.125,FALSE,NA,FALSE,all_pairs_combn
N142,N148,1,1,small_or_isolated_candidate,small_or_isolated_candidate,136.7086017969939,FALSE,FALSE,TRUE,0.125,FALSE,NA,FALSE,all_pairs_combn
N147,N157,1,1,small_or_isolated_candidate,small_or_isolated_candidate,137.54974652796574,FALSE,FALSE,TRUE,0.125,FALSE,NA,FALSE,all_pairs_combn
N118,N119,1,1,small_or_isolated_candidate,small_or_isolated_candidate,137.57262288893486,FALSE,FALSE,TRUE,0.125,FALSE,NA,FALSE,all_pairs_combn
N142,N149,1,1,small_or_isolated_candidate,small_or_isolated_candidate,138.1362867299866,FALSE,FALSE,TRUE,0.125,FALSE,NA,FALSE,all_pairs_combn
N117,N138,1,1,small_or_isolated_candidate,small_or_isolated_candidate,138.48098475363236,FALSE,FALSE,TRUE,0.125,FALSE,NA,FALSE,all_pairs_combn
N104,N94,1,1,small_or_isolated_candidate,small_or_isolated_candidate,140.00174355167482,FALSE,FALSE,TRUE,0.125,FALSE,NA,FALSE,all_pairs_combn
N146,N292,1,1,small_or_isolated_candidate,small_or_isolated_candidate,141.04685404347083,FALSE,FALSE,TRUE,0.125,FALSE,NA,FALSE,all_pairs_combn
N142,N157,1,1,small_or_isolated_candidate,small_or_isolated_candidate,141.24754895792017,FALSE,FALSE,TRUE,0.125,FALSE,NA,FALSE,all_pairs_combn
N126,N129,1,1,small_or_isolated_candidate,small_or_isolated_candidate,142.08134403627292,FALSE,FALSE,TRUE,0.125,FALSE,NA,FALSE,all_pairs_combn
N117,N119,1,1,small_or_isolated_candidate,small_or_isolated_candidate,142.29320608126534,FALSE,FALSE,TRUE,0.125,FALSE,NA,FALSE,all_pairs_combn
N144,N147,1,1,small_or_isolated_candidate,small_or_isolated_candidate,142.91334302960905,FALSE,FALSE,TRUE,0.125,FALSE,NA,FALSE,all_pairs_combn
N125,N211,1,1,small_or_isolated_candidate,small_or_isolated_candidate,144.2400368911939,FALSE,FALSE,TRUE,0.125,FALSE,NA,FALSE,all_pairs_combn
N119,N138,1,1,small_or_isolated_candidate,small_or_isolated_candidate,144.93088740892472,FALSE,FALSE,TRUE,0.125,FALSE,NA,FALSE,all_pairs_combn
N21,N66,1,1,small_or_isolated_candidate,small_or_isolated_candidate,146.06499236149122,FALSE,FALSE,TRUE,0.125,FALSE,NA,FALSE,all_pairs_combn
N107,N92,1,1,small_or_isolated_candidate,small_or_isolated_candidate,146.53222839731973,FALSE,FALSE,TRUE,0.125,FALSE,NA,FALSE,all_pairs_combn
N125,N126,1,1,small_or_isolated_candidate,small_or_isolated_candidate,146.78406777998657,FALSE,FALSE,TRUE,0.125,FALSE,NA,FALSE,all_pairs_combn
N21,N63,1,1,small_or_isolated_candidate,small_or_isolated_candidate,147.0276485839697,FALSE,FALSE,TRUE,0.125,FALSE,NA,FALSE,all_pairs_combn
N21,N62,1,1,small_or_isolated_candidate,small_or_isolated_candidate,147.11399171812334,FALSE,FALSE,TRUE,0.125,FALSE,NA,FALSE,all_pairs_combn
N304,N307,1,1,small_or_isolated_candidate,small_or_isolated_candidate,147.26692969240779,FALSE,FALSE,TRUE,0.125,FALSE,NA,FALSE,all_pairs_combn
N123,N48,1,1,small_or_isolated_candidate,small_or_isolated_candidate,148.34896331100984,FALSE,FALSE,TRUE,0.125,FALSE,NA,FALSE,all_pairs_combn
N128,N300,1,1,small_or_isolated_candidate,small_or_isolated_candidate,149.76141659207389,FALSE,FALSE,TRUE,0.125,FALSE,NA,FALSE,all_pairs_combn
N128,N305,1,1,small_or_isolated_candidate,small_or_isolated_candidate,150.2897380050264,FALSE,FALSE,TRUE,0.125,FALSE,NA,FALSE,all_pairs_combn
N122,N48,1,1,small_or_isolated_candidate,small_or_isolated_candidate,150.67401720471412,FALSE,FALSE,TRUE,0.125,FALSE,NA,FALSE,all_pairs_combn
N121,N48,1,1,small_or_isolated_candidate,small_or_isolated_candidate,150.69063937834,FALSE,FALSE,TRUE,0.125,FALSE,NA,FALSE,all_pairs_combn
N127,N305,1,1,small_or_isolated_candidate,small_or_isolated_candidate,152.0025040303177,FALSE,FALSE,TRUE,0.125,FALSE,NA,FALSE,all_pairs_combn
N127,N300,1,1,small_or_isolated_candidate,small_or_isolated_candidate,152.06524293201028,FALSE,FALSE,TRUE,0.125,FALSE,NA,FALSE,all_pairs_combn
N107,N95,1,1,small_or_isolated_candidate,small_or_isolated_candidate,152.43572391353507,FALSE,FALSE,TRUE,0.125,FALSE,NA,FALSE,all_pairs_combn
N141,N142,1,1,small_or_isolated_candidate,small_or_isolated_candidate,154.9547680778715,FALSE,FALSE,TRUE,0.125,FALSE,NA,FALSE,all_pairs_combn
N31,N36,1,1,small_or_isolated_candidate,small_or_isolated_candidate,154.96490895578376,FALSE,FALSE,TRUE,0.125,FALSE,NA,FALSE,all_pairs_combn
N132,N305,1,1,small_or_isolated_candidate,small_or_isolated_candidate,155.9077952942266,FALSE,FALSE,TRUE,0.125,FALSE,NA,FALSE,all_pairs_combn
N140,N142,1,1,small_or_isolated_candidate,small_or_isolated_candidate,156.28155289384696,FALSE,FALSE,TRUE,0.125,FALSE,NA,FALSE,all_pairs_combn
N305,N308,1,1,small_or_isolated_candidate,small_or_isolated_candidate,156.78749759646507,FALSE,FALSE,TRUE,0.125,FALSE,NA,FALSE,all_pairs_combn
N140,N308,1,1,small_or_isolated_candidate,small_or_isolated_candidate,159.0880376705815,FALSE,FALSE,TRUE,0.125,FALSE,NA,FALSE,all_pairs_combn
N142,N152,1,1,small_or_isolated_candidate,small_or_isolated_candidate,159.7586903580734,FALSE,FALSE,TRUE,0.125,FALSE,NA,FALSE,all_pairs_combn
N129,N211,1,1,small_or_isolated_candidate,small_or_isolated_candidate,160.1741612852502,FALSE,FALSE,TRUE,0.125,FALSE,NA,FALSE,all_pairs_combn
N119,N134,1,1,small_or_isolated_candidate,small_or_isolated_candidate,160.28207950063242,FALSE,FALSE,TRUE,0.125,FALSE,NA,FALSE,all_pairs_combn
N52,N61,1,1,small_or_isolated_candidate,small_or_isolated_candidate,161.4117596889992,FALSE,FALSE,TRUE,0.125,FALSE,NA,FALSE,all_pairs_combn
N300,N308,1,1,small_or_isolated_candidate,small_or_isolated_candidate,162.04329419094435,FALSE,FALSE,TRUE,0.125,FALSE,NA,FALSE,all_pairs_combn
N142,N153,1,1,small_or_isolated_candidate,small_or_isolated_candidate,162.21916801849545,FALSE,FALSE,TRUE,0.125,FALSE,NA,FALSE,all_pairs_combn
N51,N61,1,1,small_or_isolated_candidate,small_or_isolated_candidate,162.3908398184944,FALSE,FALSE,TRUE,0.125,FALSE,NA,FALSE,all_pairs_combn
N147,N152,1,1,small_or_isolated_candidate,small_or_isolated_candidate,162.5753857652663,FALSE,FALSE,TRUE,0.125,FALSE,NA,FALSE,all_pairs_combn
N30,N65,1,1,small_or_isolated_candidate,small_or_isolated_candidate,162.96524358966673,FALSE,FALSE,TRUE,0.125,FALSE,NA,FALSE,all_pairs_combn
N141,N308,1,1,small_or_isolated_candidate,small_or_isolated_candidate,163.55817179072008,FALSE,FALSE,TRUE,0.125,FALSE,NA,FALSE,all_pairs_combn
N71,N93,1,1,small_or_isolated_candidate,small_or_isolated_candidate,163.5889829385915,FALSE,FALSE,TRUE,0.125,FALSE,NA,FALSE,all_pairs_combn
N11,N19,1,1,small_or_isolated_candidate,small_or_isolated_candidate,163.7740339404426,FALSE,FALSE,TRUE,0.125,FALSE,NA,FALSE,all_pairs_combn
N107,N94,1,1,small_or_isolated_candidate,small_or_isolated_candidate,164.05011453352975,FALSE,FALSE,TRUE,0.125,FALSE,NA,FALSE,all_pairs_combn
N133,N147,1,1,small_or_isolated_candidate,small_or_isolated_candidate,164.32943163226494,FALSE,FALSE,TRUE,0.125,FALSE,NA,FALSE,all_pairs_combn
N132,N304,1,1,small_or_isolated_candidate,small_or_isolated_candidate,165.75186073859751,FALSE,FALSE,TRUE,0.125,FALSE,NA,FALSE,all_pairs_combn
N259,N48,1,1,small_or_isolated_candidate,small_or_isolated_candidate,165.84690497574732,FALSE,FALSE,TRUE,0.125,FALSE,NA,FALSE,all_pairs_combn
N147,N153,1,1,small_or_isolated_candidate,small_or_isolated_candidate,166.21262836445706,FALSE,FALSE,TRUE,0.125,FALSE,NA,FALSE,all_pairs_combn
N52,N65,1,1,small_or_isolated_candidate,small_or_isolated_candidate,167.56212511387267,FALSE,FALSE,TRUE,0.125,FALSE,NA,FALSE,all_pairs_combn
N51,N65,1,1,small_or_isolated_candidate,small_or_isolated_candidate,168.55571667517438,FALSE,FALSE,TRUE,0.125,FALSE,NA,FALSE,all_pairs_combn
N150,N48,1,1,small_or_isolated_candidate,small_or_isolated_candidate,169.62003712715946,FALSE,FALSE,TRUE,0.125,FALSE,NA,FALSE,all_pairs_combn
N31,N35,1,1,small_or_isolated_candidate,small_or_isolated_candidate,169.6484533065323,FALSE,FALSE,TRUE,0.125,FALSE,NA,FALSE,all_pairs_combn
N17,N30,1,1,small_or_isolated_candidate,small_or_isolated_candidate,170.67954548732584,FALSE,FALSE,TRUE,0.125,FALSE,NA,FALSE,all_pairs_combn
N134,N138,1,1,small_or_isolated_candidate,small_or_isolated_candidate,171.06554417659578,FALSE,FALSE,TRUE,0.125,FALSE,NA,FALSE,all_pairs_combn
N148,N149,1,1,small_or_isolated_candidate,small_or_isolated_candidate,171.7540183488366,FALSE,FALSE,TRUE,0.125,FALSE,NA,FALSE,all_pairs_combn
N146,N148,1,1,small_or_isolated_candidate,small_or_isolated_candidate,172.12448464889184,FALSE,FALSE,TRUE,0.125,FALSE,NA,FALSE,all_pairs_combn
N11,N51,1,1,small_or_isolated_candidate,small_or_isolated_candidate,172.17255156442968,FALSE,FALSE,TRUE,0.125,FALSE,NA,FALSE,all_pairs_combn
N141,N146,1,1,small_or_isolated_candidate,small_or_isolated_candidate,172.55694049958115,FALSE,FALSE,TRUE,0.125,FALSE,NA,FALSE,all_pairs_combn
N11,N52,1,1,small_or_isolated_candidate,small_or_isolated_candidate,172.62411362238956,FALSE,FALSE,TRUE,0.125,FALSE,NA,FALSE,all_pairs_combn
N119,N149,1,1,small_or_isolated_candidate,small_or_isolated_candidate,173.38113774784566,FALSE,FALSE,TRUE,0.125,FALSE,NA,FALSE,all_pairs_combn
N304,N308,1,1,small_or_isolated_candidate,small_or_isolated_candidate,175.17318693979277,FALSE,FALSE,TRUE,0.125,FALSE,NA,FALSE,all_pairs_combn
N126,N292,1,1,small_or_isolated_candidate,small_or_isolated_candidate,175.46387515348653,FALSE,FALSE,TRUE,0.125,FALSE,NA,FALSE,all_pairs_combn
N119,N124,1,1,small_or_isolated_candidate,small_or_isolated_candidate,175.60026093597364,FALSE,FALSE,TRUE,0.125,FALSE,NA,FALSE,all_pairs_combn
N140,N146,1,1,small_or_isolated_candidate,small_or_isolated_candidate,175.94458569497,FALSE,FALSE,TRUE,0.125,FALSE,NA,FALSE,all_pairs_combn
N30,N61,1,1,small_or_isolated_candidate,small_or_isolated_candidate,177.4777171099865,FALSE,FALSE,TRUE,0.125,FALSE,NA,FALSE,all_pairs_combn
N140,N307,1,1,small_or_isolated_candidate,small_or_isolated_candidate,177.52616471394202,FALSE,FALSE,TRUE,0.125,FALSE,NA,FALSE,all_pairs_combn
N119,N129,1,1,small_or_isolated_candidate,small_or_isolated_candidate,177.6011009947706,FALSE,FALSE,TRUE,0.125,FALSE,NA,FALSE,all_pairs_combn
N142,N212,1,1,small_or_isolated_candidate,small_or_isolated_candidate,177.97079650489292,FALSE,FALSE,TRUE,0.125,FALSE,NA,FALSE,all_pairs_combn
N52,N62,1,1,small_or_isolated_candidate,small_or_isolated_candidate,177.985870021779,FALSE,FALSE,TRUE,0.125,FALSE,NA,FALSE,all_pairs_combn
N51,N62,1,1,small_or_isolated_candidate,small_or_isolated_candidate,178.80815034828117,FALSE,FALSE,TRUE,0.125,FALSE,NA,FALSE,all_pairs_combn
N18,N30,1,1,small_or_isolated_candidate,small_or_isolated_candidate,179.40928950307446,FALSE,FALSE,TRUE,0.125,FALSE,NA,FALSE,all_pairs_combn
N136,N144,1,1,small_or_isolated_candidate,small_or_isolated_candidate,179.61490307493105,FALSE,FALSE,TRUE,0.125,FALSE,NA,FALSE,all_pairs_combn
N22,N30,1,1,small_or_isolated_candidate,small_or_isolated_candidate,181.46145385988228,FALSE,FALSE,TRUE,0.125,FALSE,NA,FALSE,all_pairs_combn
N141,N307,1,1,small_or_isolated_candidate,small_or_isolated_candidate,182.12062574889424,FALSE,FALSE,TRUE,0.125,FALSE,NA,FALSE,all_pairs_combn
N110,N48,1,1,small_or_isolated_candidate,small_or_isolated_candidate,182.58410716525105,FALSE,FALSE,TRUE,0.125,FALSE,NA,FALSE,all_pairs_combn
N136,N149,1,1,small_or_isolated_candidate,small_or_isolated_candidate,183.48447866883998,FALSE,FALSE,TRUE,0.125,FALSE,NA,FALSE,all_pairs_combn
N150,N292,1,1,small_or_isolated_candidate,small_or_isolated_candidate,184.75915917449498,FALSE,FALSE,TRUE,0.125,FALSE,NA,FALSE,all_pairs_combn
N52,N66,1,1,small_or_isolated_candidate,small_or_isolated_candidate,185.04654147287908,FALSE,FALSE,TRUE,0.125,FALSE,NA,FALSE,all_pairs_combn
N124,N138,1,1,small_or_isolated_candidate,small_or_isolated_candidate,185.3646543779751,FALSE,FALSE,TRUE,0.125,FALSE,NA,FALSE,all_pairs_combn
N51,N66,1,1,small_or_isolated_candidate,small_or_isolated_candidate,185.90854570247066,FALSE,FALSE,TRUE,0.125,FALSE,NA,FALSE,all_pairs_combn
N52,N63,1,1,small_or_isolated_candidate,small_or_isolated_candidate,186.01140870226175,FALSE,FALSE,TRUE,0.125,FALSE,NA,FALSE,all_pairs_combn
N51,N63,1,1,small_or_isolated_candidate,small_or_isolated_candidate,186.87272863288973,FALSE,FALSE,TRUE,0.125,FALSE,NA,FALSE,all_pairs_combn
N132,N300,1,1,small_or_isolated_candidate,small_or_isolated_candidate,187.14949820196605,FALSE,FALSE,TRUE,0.125,FALSE,NA,FALSE,all_pairs_combn
N24,N30,1,1,small_or_isolated_candidate,small_or_isolated_candidate,188.2525669450548,FALSE,FALSE,TRUE,0.125,FALSE,NA,FALSE,all_pairs_combn
N136,N146,1,1,small_or_isolated_candidate,small_or_isolated_candidate,188.69312879875054,FALSE,FALSE,TRUE,0.125,FALSE,NA,FALSE,all_pairs_combn
N10,N30,1,1,small_or_isolated_candidate,small_or_isolated_candidate,188.95120998228973,FALSE,FALSE,TRUE,0.125,FALSE,NA,FALSE,all_pairs_combn
N19,N21,1,1,small_or_isolated_candidate,small_or_isolated_candidate,189.9619800586536,FALSE,FALSE,TRUE,0.125,FALSE,NA,FALSE,all_pairs_combn
N142,N143,1,1,small_or_isolated_candidate,small_or_isolated_candidate,191.06322434328573,FALSE,FALSE,TRUE,0.125,FALSE,NA,FALSE,all_pairs_combn
N296,N300,1,1,small_or_isolated_candidate,small_or_isolated_candidate,191.08545254901995,FALSE,FALSE,TRUE,0.125,FALSE,NA,FALSE,all_pairs_combn
N147,N292,1,1,small_or_isolated_candidate,small_or_isolated_candidate,191.16755514902516,FALSE,FALSE,TRUE,0.125,FALSE,NA,FALSE,all_pairs_combn
N143,N148,1,1,small_or_isolated_candidate,small_or_isolated_candidate,192.48248433226127,FALSE,FALSE,TRUE,0.125,FALSE,NA,FALSE,all_pairs_combn
N122,N138,1,1,small_or_isolated_candidate,small_or_isolated_candidate,192.86415128915192,FALSE,FALSE,TRUE,0.125,FALSE,NA,FALSE,all_pairs_combn
N119,N125,1,1,small_or_isolated_candidate,small_or_isolated_candidate,194.38384204423548,FALSE,FALSE,TRUE,0.125,FALSE,NA,FALSE,all_pairs_combn
N131,N296,1,1,small_or_isolated_candidate,small_or_isolated_candidate,194.61326343223632,FALSE,FALSE,TRUE,0.125,FALSE,NA,FALSE,all_pairs_combn
N136,N143,1,1,small_or_isolated_candidate,small_or_isolated_candidate,194.65030392156334,FALSE,FALSE,TRUE,0.125,FALSE,NA,FALSE,all_pairs_combn
N121,N138,1,1,small_or_isolated_candidate,small_or_isolated_candidate,195.35647774982257,FALSE,FALSE,TRUE,0.125,FALSE,NA,FALSE,all_pairs_combn
N17,N51,1,1,small_or_isolated_candidate,small_or_isolated_candidate,195.57752525288802,FALSE,FALSE,TRUE,0.125,FALSE,NA,FALSE,all_pairs_combn
N123,N138,1,1,small_or_isolated_candidate,small_or_isolated_candidate,195.69516244521716,FALSE,FALSE,TRUE,0.125,FALSE,NA,FALSE,all_pairs_combn
N17,N52,1,1,small_or_isolated_candidate,small_or_isolated_candidate,196.226658042217,FALSE,FALSE,TRUE,0.125,FALSE,NA,FALSE,all_pairs_combn
N21,N22,1,1,small_or_isolated_candidate,small_or_isolated_candidate,197.10307008267966,FALSE,FALSE,TRUE,0.125,FALSE,NA,FALSE,all_pairs_combn
N142,N144,1,1,small_or_isolated_candidate,small_or_isolated_candidate,198.85508226547017,FALSE,FALSE,TRUE,0.125,FALSE,NA,FALSE,all_pairs_combn
N119,N136,1,1,small_or_isolated_candidate,small_or_isolated_candidate,199.2955996127791,FALSE,FALSE,TRUE,0.125,FALSE,NA,FALSE,all_pairs_combn
N121,N292,1,1,small_or_isolated_candidate,small_or_isolated_candidate,199.59308147533488,FALSE,FALSE,TRUE,0.125,FALSE,NA,FALSE,all_pairs_combn
N126,N144,1,1,small_or_isolated_candidate,small_or_isolated_candidate,200.32327369376787,FALSE,FALSE,TRUE,0.125,FALSE,NA,FALSE,all_pairs_combn
N20,N22,1,1,small_or_isolated_candidate,small_or_isolated_candidate,200.4120075591274,FALSE,FALSE,TRUE,0.125,FALSE,NA,FALSE,all_pairs_combn
N138,N292,1,1,small_or_isolated_candidate,small_or_isolated_candidate,200.417611870274,FALSE,FALSE,TRUE,0.125,FALSE,NA,FALSE,all_pairs_combn
N119,N211,1,1,small_or_isolated_candidate,small_or_isolated_candidate,200.48352819743707,FALSE,FALSE,TRUE,0.125,FALSE,NA,FALSE,all_pairs_combn
N122,N292,1,1,small_or_isolated_candidate,small_or_isolated_candidate,200.63891319885423,FALSE,FALSE,TRUE,0.125,FALSE,NA,FALSE,all_pairs_combn
N123,N292,1,1,small_or_isolated_candidate,small_or_isolated_candidate,202.36637450567034,FALSE,FALSE,TRUE,0.125,FALSE,NA,FALSE,all_pairs_combn
N19,N20,1,1,small_or_isolated_candidate,small_or_isolated_candidate,203.48556768100357,FALSE,FALSE,TRUE,0.125,FALSE,NA,FALSE,all_pairs_combn
N131,N153,1,1,small_or_isolated_candidate,small_or_isolated_candidate,203.84852842983418,FALSE,FALSE,TRUE,0.125,FALSE,NA,FALSE,all_pairs_combn
N18,N51,1,1,small_or_isolated_candidate,small_or_isolated_candidate,204.2938953468035,FALSE,FALSE,TRUE,0.125,FALSE,NA,FALSE,all_pairs_combn
N11,N21,1,1,small_or_isolated_candidate,small_or_isolated_candidate,204.8095192606549,FALSE,FALSE,TRUE,0.125,FALSE,NA,FALSE,all_pairs_combn
N22,N65,1,1,small_or_isolated_candidate,small_or_isolated_candidate,204.93039299425004,FALSE,FALSE,TRUE,0.125,FALSE,NA,FALSE,all_pairs_combn
N18,N52,1,1,small_or_isolated_candidate,small_or_isolated_candidate,204.95234286147482,FALSE,FALSE,TRUE,0.125,FALSE,NA,FALSE,all_pairs_combn
N145,N305,1,1,small_or_isolated_candidate,small_or_isolated_candidate,206.8272466037499,FALSE,FALSE,TRUE,0.125,FALSE,NA,FALSE,all_pairs_combn
N131,N152,1,1,small_or_isolated_candidate,small_or_isolated_candidate,207.32134569764574,FALSE,FALSE,TRUE,0.125,FALSE,NA,FALSE,all_pairs_combn
N296,N304,1,1,small_or_isolated_candidate,small_or_isolated_candidate,207.32862759328705,FALSE,FALSE,TRUE,0.125,FALSE,NA,FALSE,all_pairs_combn
N144,N148,1,1,small_or_isolated_candidate,small_or_isolated_candidate,208.14946670547948,FALSE,FALSE,TRUE,0.125,FALSE,NA,FALSE,all_pairs_combn
N93,N96,1,1,small_or_isolated_candidate,small_or_isolated_candidate,208.27309458372838,FALSE,FALSE,TRUE,0.125,FALSE,NA,FALSE,all_pairs_combn
N142,N294,1,1,small_or_isolated_candidate,small_or_isolated_candidate,208.8143296632236,FALSE,FALSE,TRUE,0.125,FALSE,NA,FALSE,all_pairs_combn
N145,N300,1,1,small_or_isolated_candidate,small_or_isolated_candidate,211.40669716045193,FALSE,FALSE,TRUE,0.125,FALSE,NA,FALSE,all_pairs_combn
N17,N19,1,1,small_or_isolated_candidate,small_or_isolated_candidate,211.52111922185054,FALSE,FALSE,TRUE,0.125,FALSE,NA,FALSE,all_pairs_combn
N126,N143,1,1,small_or_isolated_candidate,small_or_isolated_candidate,211.58460403073042,FALSE,FALSE,TRUE,0.125,FALSE,NA,FALSE,all_pairs_combn
N146,N157,1,1,small_or_isolated_candidate,small_or_isolated_candidate,211.93501098511427,FALSE,FALSE,TRUE,0.125,FALSE,NA,FALSE,all_pairs_combn
N114,N151,1,1,small_or_isolated_candidate,small_or_isolated_candidate,212.01481935586875,FALSE,FALSE,TRUE,0.125,FALSE,NA,FALSE,all_pairs_combn
N149,N212,1,1,small_or_isolated_candidate,small_or_isolated_candidate,212.22092890473715,FALSE,FALSE,TRUE,0.125,FALSE,NA,FALSE,all_pairs_combn
N125,N138,1,1,small_or_isolated_candidate,small_or_isolated_candidate,213.70305093238633,FALSE,FALSE,TRUE,0.125,FALSE,NA,FALSE,all_pairs_combn
N11,N24,1,1,small_or_isolated_candidate,small_or_isolated_candidate,214.24846350674477,FALSE,FALSE,TRUE,0.125,FALSE,NA,FALSE,all_pairs_combn
N114,N182,1,1,small_or_isolated_candidate,small_or_isolated_candidate,214.77203126860738,FALSE,FALSE,TRUE,0.125,FALSE,NA,FALSE,all_pairs_combn
N129,N138,1,1,small_or_isolated_candidate,small_or_isolated_candidate,215.93246703084847,FALSE,FALSE,TRUE,0.125,FALSE,NA,FALSE,all_pairs_combn
N146,N212,1,1,small_or_isolated_candidate,small_or_isolated_candidate,216.27927811752346,FALSE,FALSE,TRUE,0.125,FALSE,NA,FALSE,all_pairs_combn
N18,N19,1,1,small_or_isolated_candidate,small_or_isolated_candidate,217.01115200472165,FALSE,FALSE,TRUE,0.125,FALSE,NA,FALSE,all_pairs_combn
N136,N138,1,1,small_or_isolated_candidate,small_or_isolated_candidate,217.26469432414015,FALSE,FALSE,TRUE,0.125,FALSE,NA,FALSE,all_pairs_combn
N104,N93,1,1,small_or_isolated_candidate,small_or_isolated_candidate,217.2799595710332,FALSE,FALSE,TRUE,0.125,FALSE,NA,FALSE,all_pairs_combn
N133,N142,1,1,small_or_isolated_candidate,small_or_isolated_candidate,217.93395569955663,FALSE,FALSE,TRUE,0.125,FALSE,NA,FALSE,all_pairs_combn
N36,N68,1,1,small_or_isolated_candidate,small_or_isolated_candidate,218.1623399705643,FALSE,FALSE,TRUE,0.125,FALSE,NA,FALSE,all_pairs_combn
N259,N292,1,1,small_or_isolated_candidate,small_or_isolated_candidate,218.94714663942426,FALSE,FALSE,TRUE,0.125,FALSE,NA,FALSE,all_pairs_combn
N11,N49,1,1,small_or_isolated_candidate,small_or_isolated_candidate,219.9096543699359,FALSE,FALSE,TRUE,0.125,FALSE,NA,FALSE,all_pairs_combn
N10,N21,1,1,small_or_isolated_candidate,small_or_isolated_candidate,222.56759273983806,FALSE,FALSE,TRUE,0.125,FALSE,NA,FALSE,all_pairs_combn
N11,N50,1,1,small_or_isolated_candidate,small_or_isolated_candidate,222.84642183158573,FALSE,FALSE,TRUE,0.125,FALSE,NA,FALSE,all_pairs_combn
N11,N20,1,1,small_or_isolated_candidate,small_or_isolated_candidate,224.9795879988292,FALSE,FALSE,TRUE,0.125,FALSE,NA,FALSE,all_pairs_combn
N145,N304,1,1,small_or_isolated_candidate,small_or_isolated_candidate,225.125444340337,FALSE,FALSE,TRUE,0.125,FALSE,NA,FALSE,all_pairs_combn
N136,N48,1,1,small_or_isolated_candidate,small_or_isolated_candidate,225.21953100624992,FALSE,FALSE,TRUE,0.125,FALSE,NA,FALSE,all_pairs_combn
N67,N68,1,1,small_or_isolated_candidate,small_or_isolated_candidate,225.3271114756333,FALSE,FALSE,TRUE,0.125,FALSE,NA,FALSE,all_pairs_combn
N35,N68,1,1,small_or_isolated_candidate,small_or_isolated_candidate,225.96794786590885,FALSE,FALSE,TRUE,0.125,FALSE,NA,FALSE,all_pairs_combn
N143,N212,1,1,small_or_isolated_candidate,small_or_isolated_candidate,226.54223775539018,FALSE,FALSE,TRUE,0.125,FALSE,NA,FALSE,all_pairs_combn
N142,N292,1,1,small_or_isolated_candidate,small_or_isolated_candidate,227.47304339566438,FALSE,FALSE,TRUE,0.125,FALSE,NA,FALSE,all_pairs_combn
N30,N62,1,1,small_or_isolated_candidate,small_or_isolated_candidate,228.67954179611436,FALSE,FALSE,TRUE,0.125,FALSE,NA,FALSE,all_pairs_combn
N30,N66,1,1,small_or_isolated_candidate,small_or_isolated_candidate,228.83996562113384,FALSE,FALSE,TRUE,0.125,FALSE,NA,FALSE,all_pairs_combn
N10,N20,1,1,small_or_isolated_candidate,small_or_isolated_candidate,229.45533557727285,FALSE,FALSE,TRUE,0.125,FALSE,NA,FALSE,all_pairs_combn
N30,N63,1,1,small_or_isolated_candidate,small_or_isolated_candidate,229.81651406269992,FALSE,FALSE,TRUE,0.125,FALSE,NA,FALSE,all_pairs_combn
N153,N296,1,1,small_or_isolated_candidate,small_or_isolated_candidate,230.39433949996624,FALSE,FALSE,TRUE,0.125,FALSE,NA,FALSE,all_pairs_combn
N32,N33,1,1,small_or_isolated_candidate,small_or_isolated_candidate,230.40536878181922,FALSE,FALSE,TRUE,0.125,FALSE,NA,FALSE,all_pairs_combn
N151,N206,1,1,small_or_isolated_candidate,small_or_isolated_candidate,230.94742923381142,FALSE,FALSE,TRUE,0.125,FALSE,NA,FALSE,all_pairs_combn
N119,N146,1,1,small_or_isolated_candidate,small_or_isolated_candidate,230.98188310343357,FALSE,FALSE,TRUE,0.125,FALSE,NA,FALSE,all_pairs_combn
N131,N157,1,1,small_or_isolated_candidate,small_or_isolated_candidate,231.95564593101543,FALSE,FALSE,TRUE,0.125,FALSE,NA,FALSE,all_pairs_combn
N107,N93,1,1,small_or_isolated_candidate,small_or_isolated_candidate,232.3700188406249,FALSE,FALSE,TRUE,0.125,FALSE,NA,FALSE,all_pairs_combn
N118,N292,1,1,small_or_isolated_candidate,small_or_isolated_candidate,232.53212352231245,FALSE,FALSE,TRUE,0.125,FALSE,NA,FALSE,all_pairs_combn
N149,N157,1,1,small_or_isolated_candidate,small_or_isolated_candidate,233.26033603749332,FALSE,FALSE,TRUE,0.125,FALSE,NA,FALSE,all_pairs_combn
N152,N296,1,1,small_or_isolated_candidate,small_or_isolated_candidate,233.59628209417548,FALSE,FALSE,TRUE,0.125,FALSE,NA,FALSE,all_pairs_combn
N141,N149,1,1,small_or_isolated_candidate,small_or_isolated_candidate,233.77809037993518,FALSE,FALSE,TRUE,0.125,FALSE,NA,FALSE,all_pairs_combn
N19,N52,1,1,small_or_isolated_candidate,small_or_isolated_candidate,233.95887927443118,FALSE,FALSE,TRUE,0.125,FALSE,NA,FALSE,all_pairs_combn
N19,N51,1,1,small_or_isolated_candidate,small_or_isolated_candidate,234.25517508602957,FALSE,FALSE,TRUE,0.125,FALSE,NA,FALSE,all_pairs_combn
N146,N152,1,1,small_or_isolated_candidate,small_or_isolated_candidate,234.3652443407869,FALSE,FALSE,TRUE,0.125,FALSE,NA,FALSE,all_pairs_combn
N107,N110,1,1,small_or_isolated_candidate,small_or_isolated_candidate,234.40529903459299,FALSE,FALSE,TRUE,0.125,FALSE,NA,FALSE,all_pairs_combn
N296,N305,1,1,small_or_isolated_candidate,small_or_isolated_candidate,235.3709874337832,FALSE,FALSE,TRUE,0.125,FALSE,NA,FALSE,all_pairs_combn
N146,N150,1,1,small_or_isolated_candidate,small_or_isolated_candidate,236.49055170426226,FALSE,FALSE,TRUE,0.125,FALSE,NA,FALSE,all_pairs_combn
N144,N150,1,1,small_or_isolated_candidate,small_or_isolated_candidate,236.88395585886474,FALSE,FALSE,TRUE,0.125,FALSE,NA,FALSE,all_pairs_combn
N140,N149,1,1,small_or_isolated_candidate,small_or_isolated_candidate,237.3633192982686,FALSE,FALSE,TRUE,0.125,FALSE,NA,FALSE,all_pairs_combn
N146,N153,1,1,small_or_isolated_candidate,small_or_isolated_candidate,237.42828429160403,FALSE,FALSE,TRUE,0.125,FALSE,NA,FALSE,all_pairs_combn
N22,N61,1,1,small_or_isolated_candidate,small_or_isolated_candidate,237.59599548012807,FALSE,FALSE,TRUE,0.125,FALSE,NA,FALSE,all_pairs_combn
N138,N150,1,1,small_or_isolated_candidate,small_or_isolated_candidate,238.1585885483762,FALSE,FALSE,TRUE,0.125,FALSE,NA,FALSE,all_pairs_combn
N149,N150,1,1,small_or_isolated_candidate,small_or_isolated_candidate,238.4636409168171,FALSE,FALSE,TRUE,0.125,FALSE,NA,FALSE,all_pairs_combn
N119,N122,1,1,small_or_isolated_candidate,small_or_isolated_candidate,239.1717650562115,FALSE,FALSE,TRUE,0.125,FALSE,NA,FALSE,all_pairs_combn
N117,N292,1,1,small_or_isolated_candidate,small_or_isolated_candidate,239.36672707156288,FALSE,FALSE,TRUE,0.125,FALSE,NA,FALSE,all_pairs_combn
N119,N121,1,1,small_or_isolated_candidate,small_or_isolated_candidate,239.59957331556453,FALSE,FALSE,TRUE,0.125,FALSE,NA,FALSE,all_pairs_combn
N19,N49,1,1,small_or_isolated_candidate,small_or_isolated_candidate,239.8385094483987,FALSE,FALSE,TRUE,0.125,FALSE,NA,FALSE,all_pairs_combn
N19,N65,1,1,small_or_isolated_candidate,small_or_isolated_candidate,240.1945054457354,FALSE,FALSE,TRUE,0.125,FALSE,NA,FALSE,all_pairs_combn
N146,N294,1,1,small_or_isolated_candidate,small_or_isolated_candidate,240.25056883727493,FALSE,FALSE,TRUE,0.125,FALSE,NA,FALSE,all_pairs_combn
N126,N136,1,1,small_or_isolated_candidate,small_or_isolated_candidate,240.8248511735705,FALSE,FALSE,TRUE,0.125,FALSE,NA,FALSE,all_pairs_combn
N141,N259,1,1,small_or_isolated_candidate,small_or_isolated_candidate,241.01640541528042,FALSE,FALSE,TRUE,0.125,FALSE,NA,FALSE,all_pairs_combn
N32,N36,1,1,small_or_isolated_candidate,small_or_isolated_candidate,241.36106592676842,FALSE,FALSE,TRUE,0.125,FALSE,NA,FALSE,all_pairs_combn
N296,N307,1,1,small_or_isolated_candidate,small_or_isolated_candidate,241.36107931537535,FALSE,FALSE,TRUE,0.125,FALSE,NA,FALSE,all_pairs_combn
N19,N50,1,1,small_or_isolated_candidate,small_or_isolated_candidate,241.61341382793697,FALSE,FALSE,TRUE,0.125,FALSE,NA,FALSE,all_pairs_combn
N146,N259,1,1,small_or_isolated_candidate,small_or_isolated_candidate,241.6204039122533,FALSE,FALSE,TRUE,0.125,FALSE,NA,FALSE,all_pairs_combn
N119,N123,1,1,small_or_isolated_candidate,small_or_isolated_candidate,241.6702794035497,FALSE,FALSE,TRUE,0.125,FALSE,NA,FALSE,all_pairs_combn
N138,N144,1,1,small_or_isolated_candidate,small_or_isolated_candidate,242.5173922422845,FALSE,FALSE,TRUE,0.125,FALSE,NA,FALSE,all_pairs_combn
N21,N24,1,1,small_or_isolated_candidate,small_or_isolated_candidate,242.85685100373522,FALSE,FALSE,TRUE,0.125,FALSE,NA,FALSE,all_pairs_combn
N144,N212,1,1,small_or_isolated_candidate,small_or_isolated_candidate,242.8983738342442,FALSE,FALSE,TRUE,0.125,FALSE,NA,FALSE,all_pairs_combn
N32,N34,1,1,small_or_isolated_candidate,small_or_isolated_candidate,243.20500823982832,FALSE,FALSE,TRUE,0.125,FALSE,NA,FALSE,all_pairs_combn
N10,N65,1,1,small_or_isolated_candidate,small_or_isolated_candidate,243.74441468788675,FALSE,FALSE,TRUE,0.125,FALSE,NA,FALSE,all_pairs_combn
N17,N21,1,1,small_or_isolated_candidate,small_or_isolated_candidate,244.376362148159,FALSE,FALSE,TRUE,0.125,FALSE,NA,FALSE,all_pairs_combn
N140,N259,1,1,small_or_isolated_candidate,small_or_isolated_candidate,245.18054256097224,FALSE,FALSE,TRUE,0.125,FALSE,NA,FALSE,all_pairs_combn
N122,N126,1,1,small_or_isolated_candidate,small_or_isolated_candidate,247.2206949967309,FALSE,FALSE,TRUE,0.125,FALSE,NA,FALSE,all_pairs_combn
N141,N147,1,1,small_or_isolated_candidate,small_or_isolated_candidate,247.7596697990084,FALSE,FALSE,TRUE,0.125,FALSE,NA,FALSE,all_pairs_combn
N114,N120,1,1,small_or_isolated_candidate,small_or_isolated_candidate,248.0431012819633,FALSE,FALSE,TRUE,0.125,FALSE,NA,FALSE,all_pairs_combn
N71,N94,1,1,small_or_isolated_candidate,small_or_isolated_candidate,248.05729848692644,FALSE,FALSE,TRUE,0.125,FALSE,NA,FALSE,all_pairs_combn
N119,N150,1,1,small_or_isolated_candidate,small_or_isolated_candidate,248.36645578340952,FALSE,FALSE,TRUE,0.125,FALSE,NA,FALSE,all_pairs_combn
N112,N48,1,1,small_or_isolated_candidate,small_or_isolated_candidate,248.819959204043,FALSE,FALSE,TRUE,0.125,FALSE,NA,FALSE,all_pairs_combn
N121,N126,1,1,small_or_isolated_candidate,small_or_isolated_candidate,248.87618562446875,FALSE,FALSE,TRUE,0.125,FALSE,NA,FALSE,all_pairs_combn
N10,N11,1,1,small_or_isolated_candidate,small_or_isolated_candidate,249.130600793377,FALSE,FALSE,TRUE,0.125,FALSE,NA,FALSE,all_pairs_combn
N131,N133,1,1,small_or_isolated_candidate,small_or_isolated_candidate,249.23111430654046,FALSE,FALSE,TRUE,0.125,FALSE,NA,FALSE,all_pairs_combn
N118,N144,1,1,small_or_isolated_candidate,small_or_isolated_candidate,249.68113994958026,FALSE,FALSE,TRUE,0.125,FALSE,NA,FALSE,all_pairs_combn
N140,N147,1,1,small_or_isolated_candidate,small_or_isolated_candidate,249.8802552246961,FALSE,FALSE,TRUE,0.125,FALSE,NA,FALSE,all_pairs_combn
N123,N126,1,1,small_or_isolated_candidate,small_or_isolated_candidate,250.04836799497932,FALSE,FALSE,TRUE,0.125,FALSE,NA,FALSE,all_pairs_combn
N111,N48,1,1,small_or_isolated_candidate,small_or_isolated_candidate,250.49062377205595,FALSE,FALSE,TRUE,0.125,FALSE,NA,FALSE,all_pairs_combn
N294,N300,1,1,small_or_isolated_candidate,small_or_isolated_candidate,250.8722433069963,FALSE,FALSE,TRUE,0.125,FALSE,NA,FALSE,all_pairs_combn
N17,N49,1,1,small_or_isolated_candidate,small_or_isolated_candidate,250.880886087154,FALSE,FALSE,TRUE,0.125,FALSE,NA,FALSE,all_pairs_combn
N119,N147,1,1,small_or_isolated_candidate,small_or_isolated_candidate,251.28316635886736,FALSE,FALSE,TRUE,0.125,FALSE,NA,FALSE,all_pairs_combn
N142,N145,1,1,small_or_isolated_candidate,small_or_isolated_candidate,251.7516519322884,FALSE,FALSE,TRUE,0.125,FALSE,NA,FALSE,all_pairs_combn
N143,N150,1,1,small_or_isolated_candidate,small_or_isolated_candidate,251.90800158914885,FALSE,FALSE,TRUE,0.125,FALSE,NA,FALSE,all_pairs_combn
N294,N305,1,1,small_or_isolated_candidate,small_or_isolated_candidate,251.93996108125236,FALSE,FALSE,TRUE,0.125,FALSE,NA,FALSE,all_pairs_combn
N117,N144,1,1,small_or_isolated_candidate,small_or_isolated_candidate,252.45826612265074,FALSE,FALSE,TRUE,0.125,FALSE,NA,FALSE,all_pairs_combn
N113,N296,1,1,small_or_isolated_candidate,small_or_isolated_candidate,252.79596729984107,FALSE,FALSE,TRUE,0.125,FALSE,NA,FALSE,all_pairs_combn
N182,N206,1,1,small_or_isolated_candidate,small_or_isolated_candidate,252.95552760089703,FALSE,FALSE,TRUE,0.125,FALSE,NA,FALSE,all_pairs_combn
N104,N110,1,1,small_or_isolated_candidate,small_or_isolated_candidate,252.98273358192145,FALSE,FALSE,TRUE,0.125,FALSE,NA,FALSE,all_pairs_combn
N157,N296,1,1,small_or_isolated_candidate,small_or_isolated_candidate,253.14274223674158,FALSE,FALSE,TRUE,0.125,FALSE,NA,FALSE,all_pairs_combn
N18,N21,1,1,small_or_isolated_candidate,small_or_isolated_candidate,253.41126144432462,FALSE,FALSE,TRUE,0.125,FALSE,NA,FALSE,all_pairs_combn
N71,N92,1,1,small_or_isolated_candidate,small_or_isolated_candidate,253.68414118447149,FALSE,FALSE,TRUE,0.125,FALSE,NA,FALSE,all_pairs_combn
N17,N50,1,1,small_or_isolated_candidate,small_or_isolated_candidate,253.88575762876349,FALSE,FALSE,TRUE,0.125,FALSE,NA,FALSE,all_pairs_combn
N20,N24,1,1,small_or_isolated_candidate,small_or_isolated_candidate,254.20889771476172,FALSE,FALSE,TRUE,0.125,FALSE,NA,FALSE,all_pairs_combn
N22,N49,1,1,small_or_isolated_candidate,small_or_isolated_candidate,254.39995156803312,FALSE,FALSE,TRUE,0.125,FALSE,NA,FALSE,all_pairs_combn
N22,N50,1,1,small_or_isolated_candidate,small_or_isolated_candidate,254.94355780530125,FALSE,FALSE,TRUE,0.125,FALSE,NA,FALSE,all_pairs_combn
N136,N141,1,1,small_or_isolated_candidate,small_or_isolated_candidate,254.97146478999832,FALSE,FALSE,TRUE,0.125,FALSE,NA,FALSE,all_pairs_combn
N121,N144,1,1,small_or_isolated_candidate,small_or_isolated_candidate,256.22965247751046,FALSE,FALSE,TRUE,0.125,FALSE,NA,FALSE,all_pairs_combn
N149,N259,1,1,small_or_isolated_candidate,small_or_isolated_candidate,256.35463242642277,FALSE,FALSE,TRUE,0.125,FALSE,NA,FALSE,all_pairs_combn
N138,N143,1,1,small_or_isolated_candidate,small_or_isolated_candidate,257.11258984831034,FALSE,FALSE,TRUE,0.125,FALSE,NA,FALSE,all_pairs_combn
N122,N144,1,1,small_or_isolated_candidate,small_or_isolated_candidate,257.4059608798389,FALSE,FALSE,TRUE,0.125,FALSE,NA,FALSE,all_pairs_combn
N149,N152,1,1,small_or_isolated_candidate,small_or_isolated_candidate,257.77048121995097,FALSE,FALSE,TRUE,0.125,FALSE,NA,FALSE,all_pairs_combn
N118,N143,1,1,small_or_isolated_candidate,small_or_isolated_candidate,258.658231880886,FALSE,FALSE,TRUE,0.125,FALSE,NA,FALSE,all_pairs_combn
N134,N292,1,1,small_or_isolated_candidate,small_or_isolated_candidate,258.79738289083275,FALSE,FALSE,TRUE,0.125,FALSE,NA,FALSE,all_pairs_combn
N17,N24,1,1,small_or_isolated_candidate,small_or_isolated_candidate,258.9513544834546,FALSE,FALSE,TRUE,0.125,FALSE,NA,FALSE,all_pairs_combn
N123,N144,1,1,small_or_isolated_candidate,small_or_isolated_candidate,259.0468375734672,FALSE,FALSE,TRUE,0.125,FALSE,NA,FALSE,all_pairs_combn
N126,N149,1,1,small_or_isolated_candidate,small_or_isolated_candidate,259.53401986070946,FALSE,FALSE,TRUE,0.125,FALSE,NA,FALSE,all_pairs_combn
N136,N140,1,1,small_or_isolated_candidate,small_or_isolated_candidate,259.5775913678405,FALSE,FALSE,TRUE,0.125,FALSE,NA,FALSE,all_pairs_combn
N18,N49,1,1,small_or_isolated_candidate,small_or_isolated_candidate,259.8639693821582,FALSE,FALSE,TRUE,0.125,FALSE,NA,FALSE,all_pairs_combn
N148,N292,1,1,small_or_isolated_candidate,small_or_isolated_candidate,260.25638683956436,FALSE,FALSE,TRUE,0.125,FALSE,NA,FALSE,all_pairs_combn
N117,N143,1,1,small_or_isolated_candidate,small_or_isolated_candidate,260.3825379646567,FALSE,FALSE,TRUE,0.125,FALSE,NA,FALSE,all_pairs_combn
N149,N153,1,1,small_or_isolated_candidate,small_or_isolated_candidate,261.24638324886365,FALSE,FALSE,TRUE,0.125,FALSE,NA,FALSE,all_pairs_combn
N133,N149,1,1,small_or_isolated_candidate,small_or_isolated_candidate,261.737645295023,FALSE,FALSE,TRUE,0.125,FALSE,NA,FALSE,all_pairs_combn
N71,N95,1,1,small_or_isolated_candidate,small_or_isolated_candidate,262.1721099019922,FALSE,FALSE,TRUE,0.125,FALSE,NA,FALSE,all_pairs_combn
N18,N50,1,1,small_or_isolated_candidate,small_or_isolated_candidate,262.8696023831627,FALSE,FALSE,TRUE,0.125,FALSE,NA,FALSE,all_pairs_combn
N18,N24,1,1,small_or_isolated_candidate,small_or_isolated_candidate,263.2294857368067,FALSE,FALSE,TRUE,0.125,FALSE,NA,FALSE,all_pairs_combn
N133,N146,1,1,small_or_isolated_candidate,small_or_isolated_candidate,263.9913653326251,FALSE,FALSE,TRUE,0.125,FALSE,NA,FALSE,all_pairs_combn
N32,N35,1,1,small_or_isolated_candidate,small_or_isolated_candidate,264.0831748426972,FALSE,FALSE,TRUE,0.125,FALSE,NA,FALSE,all_pairs_combn
N11,N22,1,1,small_or_isolated_candidate,small_or_isolated_candidate,264.1572696133162,FALSE,FALSE,TRUE,0.125,FALSE,NA,FALSE,all_pairs_combn
N17,N20,1,1,small_or_isolated_candidate,small_or_isolated_candidate,264.4310113077264,FALSE,FALSE,TRUE,0.125,FALSE,NA,FALSE,all_pairs_combn
N134,N144,1,1,small_or_isolated_candidate,small_or_isolated_candidate,265.62358268798226,FALSE,FALSE,TRUE,0.125,FALSE,NA,FALSE,all_pairs_combn
N144,N259,1,1,small_or_isolated_candidate,small_or_isolated_candidate,265.9607049751679,FALSE,FALSE,TRUE,0.125,FALSE,NA,FALSE,all_pairs_combn
N143,N157,1,1,small_or_isolated_candidate,small_or_isolated_candidate,266.2912073028872,FALSE,FALSE,TRUE,0.125,FALSE,NA,FALSE,all_pairs_combn
N294,N304,1,1,small_or_isolated_candidate,small_or_isolated_candidate,266.71016101972265,FALSE,FALSE,TRUE,0.125,FALSE,NA,FALSE,all_pairs_combn
N19,N61,1,1,small_or_isolated_candidate,small_or_isolated_candidate,266.8528813985271,FALSE,FALSE,TRUE,0.125,FALSE,NA,FALSE,all_pairs_combn
N128,N296,1,1,small_or_isolated_candidate,small_or_isolated_candidate,268.39839685267754,FALSE,FALSE,TRUE,0.125,FALSE,NA,FALSE,all_pairs_combn
N296,N308,1,1,small_or_isolated_candidate,small_or_isolated_candidate,269.7777793270952,FALSE,FALSE,TRUE,0.125,FALSE,NA,FALSE,all_pairs_combn
N141,N150,1,1,small_or_isolated_candidate,small_or_isolated_candidate,270.3467901481168,FALSE,FALSE,TRUE,0.125,FALSE,NA,FALSE,all_pairs_combn
N136,N142,1,1,small_or_isolated_candidate,small_or_isolated_candidate,270.7029011826,FALSE,FALSE,TRUE,0.125,FALSE,NA,FALSE,all_pairs_combn
N127,N296,1,1,small_or_isolated_candidate,small_or_isolated_candidate,271.2313161369711,FALSE,FALSE,TRUE,0.125,FALSE,NA,FALSE,all_pairs_combn
N121,N149,1,1,small_or_isolated_candidate,small_or_isolated_candidate,271.2609986003519,FALSE,FALSE,TRUE,0.125,FALSE,NA,FALSE,all_pairs_combn
N129,N144,1,1,small_or_isolated_candidate,small_or_isolated_candidate,271.32549320192237,FALSE,FALSE,TRUE,0.125,FALSE,NA,FALSE,all_pairs_combn
N113,N153,1,1,small_or_isolated_candidate,small_or_isolated_candidate,271.39053740048973,FALSE,FALSE,TRUE,0.125,FALSE,NA,FALSE,all_pairs_combn
N134,N143,1,1,small_or_isolated_candidate,small_or_isolated_candidate,271.7807024408806,FALSE,FALSE,TRUE,0.125,FALSE,NA,FALSE,all_pairs_combn
N121,N143,1,1,small_or_isolated_candidate,small_or_isolated_candidate,272.6196607826199,FALSE,FALSE,TRUE,0.125,FALSE,NA,FALSE,all_pairs_combn
N110,N96,1,1,small_or_isolated_candidate,small_or_isolated_candidate,273.01159749107995,FALSE,FALSE,TRUE,0.125,FALSE,NA,FALSE,all_pairs_combn
N122,N149,1,1,small_or_isolated_candidate,small_or_isolated_candidate,273.16364406064247,FALSE,FALSE,TRUE,0.125,FALSE,NA,FALSE,all_pairs_combn
N18,N20,1,1,small_or_isolated_candidate,small_or_isolated_candidate,273.4722639290574,FALSE,FALSE,TRUE,0.125,FALSE,NA,FALSE,all_pairs_combn
N122,N143,1,1,small_or_isolated_candidate,small_or_isolated_candidate,273.847593629964,FALSE,FALSE,TRUE,0.125,FALSE,NA,FALSE,all_pairs_combn
N124,N292,1,1,small_or_isolated_candidate,small_or_isolated_candidate,274.17938589837684,FALSE,FALSE,TRUE,0.125,FALSE,NA,FALSE,all_pairs_combn
N123,N149,1,1,small_or_isolated_candidate,small_or_isolated_candidate,274.24312463001303,FALSE,FALSE,TRUE,0.125,FALSE,NA,FALSE,all_pairs_combn
N129,N143,1,1,small_or_isolated_candidate,small_or_isolated_candidate,274.5858716602506,FALSE,FALSE,TRUE,0.125,FALSE,NA,FALSE,all_pairs_combn
N129,N292,1,1,small_or_isolated_candidate,small_or_isolated_candidate,274.6325767753112,FALSE,FALSE,TRUE,0.125,FALSE,NA,FALSE,all_pairs_combn
N113,N152,1,1,small_or_isolated_candidate,small_or_isolated_candidate,274.67023854066593,FALSE,FALSE,TRUE,0.125,FALSE,NA,FALSE,all_pairs_combn
N140,N150,1,1,small_or_isolated_candidate,small_or_isolated_candidate,274.7802971929666,FALSE,FALSE,TRUE,0.125,FALSE,NA,FALSE,all_pairs_combn
N133,N143,1,1,small_or_isolated_candidate,small_or_isolated_candidate,274.8279586103827,FALSE,FALSE,TRUE,0.125,FALSE,NA,FALSE,all_pairs_combn
N22,N52,1,1,small_or_isolated_candidate,small_or_isolated_candidate,275.376913411246,FALSE,FALSE,TRUE,0.125,FALSE,NA,FALSE,all_pairs_combn
N135,N137,1,1,small_or_isolated_candidate,small_or_isolated_candidate,275.4153763793836,FALSE,FALSE,TRUE,0.125,FALSE,NA,FALSE,all_pairs_combn
N123,N143,1,1,small_or_isolated_candidate,small_or_isolated_candidate,275.45292667864857,FALSE,FALSE,TRUE,0.125,FALSE,NA,FALSE,all_pairs_combn
N10,N61,1,1,small_or_isolated_candidate,small_or_isolated_candidate,275.4662864231344,FALSE,FALSE,TRUE,0.125,FALSE,NA,FALSE,all_pairs_combn
N22,N51,1,1,small_or_isolated_candidate,small_or_isolated_candidate,276.02576698544465,FALSE,FALSE,TRUE,0.125,FALSE,NA,FALSE,all_pairs_combn
N142,N308,1,1,small_or_isolated_candidate,small_or_isolated_candidate,276.2549456621598,FALSE,FALSE,TRUE,0.125,FALSE,NA,FALSE,all_pairs_combn
N126,N150,1,1,small_or_isolated_candidate,small_or_isolated_candidate,277.3677023360755,FALSE,FALSE,TRUE,0.125,FALSE,NA,FALSE,all_pairs_combn
N132,N307,1,1,small_or_isolated_candidate,small_or_isolated_candidate,278.597941146058,FALSE,FALSE,TRUE,0.125,FALSE,NA,FALSE,all_pairs_combn
N10,N49,1,1,small_or_isolated_candidate,small_or_isolated_candidate,279.00176092633274,FALSE,FALSE,TRUE,0.125,FALSE,NA,FALSE,all_pairs_combn
N128,N307,1,1,small_or_isolated_candidate,small_or_isolated_candidate,279.0150895937402,FALSE,FALSE,TRUE,0.125,FALSE,NA,FALSE,all_pairs_combn
N140,N157,1,1,small_or_isolated_candidate,small_or_isolated_candidate,279.18502612397737,FALSE,FALSE,TRUE,0.125,FALSE,NA,FALSE,all_pairs_combn
N141,N157,1,1,small_or_isolated_candidate,small_or_isolated_candidate,279.35853875833055,FALSE,FALSE,TRUE,0.125,FALSE,NA,FALSE,all_pairs_combn
N142,N307,1,1,small_or_isolated_candidate,small_or_isolated_candidate,279.4623408233151,FALSE,FALSE,TRUE,0.125,FALSE,NA,FALSE,all_pairs_combn
N136,N147,1,1,small_or_isolated_candidate,small_or_isolated_candidate,279.4812650556027,FALSE,FALSE,TRUE,0.125,FALSE,NA,FALSE,all_pairs_combn
N124,N144,1,1,small_or_isolated_candidate,small_or_isolated_candidate,279.49460407277826,FALSE,FALSE,TRUE,0.125,FALSE,NA,FALSE,all_pairs_combn
N143,N259,1,1,small_or_isolated_candidate,small_or_isolated_candidate,279.5000842796433,FALSE,FALSE,TRUE,0.125,FALSE,NA,FALSE,all_pairs_combn
N10,N50,1,1,small_or_isolated_candidate,small_or_isolated_candidate,279.986927509111,FALSE,FALSE,TRUE,0.125,FALSE,NA,FALSE,all_pairs_combn
N110,N123,1,1,small_or_isolated_candidate,small_or_isolated_candidate,280.3535244911006,FALSE,FALSE,TRUE,0.125,FALSE,NA,FALSE,all_pairs_combn
N144,N157,1,1,small_or_isolated_candidate,small_or_isolated_candidate,280.46042979491494,FALSE,FALSE,TRUE,0.125,FALSE,NA,FALSE,all_pairs_combn
N121,N146,1,1,small_or_isolated_candidate,small_or_isolated_candidate,280.8584968758648,FALSE,FALSE,TRUE,0.125,FALSE,NA,FALSE,all_pairs_combn
N127,N307,1,1,small_or_isolated_candidate,small_or_isolated_candidate,281.0433202425497,FALSE,FALSE,TRUE,0.125,FALSE,NA,FALSE,all_pairs_combn
N110,N122,1,1,small_or_isolated_candidate,small_or_isolated_candidate,281.2533850272843,FALSE,FALSE,TRUE,0.125,FALSE,NA,FALSE,all_pairs_combn
N120,N206,1,1,small_or_isolated_candidate,small_or_isolated_candidate,281.43407260566994,FALSE,FALSE,TRUE,0.125,FALSE,NA,FALSE,all_pairs_combn
N24,N65,1,1,small_or_isolated_candidate,small_or_isolated_candidate,281.99799059557364,FALSE,FALSE,TRUE,0.125,FALSE,NA,FALSE,all_pairs_combn
N110,N121,1,1,small_or_isolated_candidate,small_or_isolated_candidate,283.3578271579087,FALSE,FALSE,TRUE,0.125,FALSE,NA,FALSE,all_pairs_combn
N122,N146,1,1,small_or_isolated_candidate,small_or_isolated_candidate,283.3874234546582,FALSE,FALSE,TRUE,0.125,FALSE,NA,FALSE,all_pairs_combn
N107,N112,1,1,small_or_isolated_candidate,small_or_isolated_candidate,283.44588284428005,FALSE,FALSE,TRUE,0.125,FALSE,NA,FALSE,all_pairs_combn
N123,N146,1,1,small_or_isolated_candidate,small_or_isolated_candidate,283.8553759859766,FALSE,FALSE,TRUE,0.125,FALSE,NA,FALSE,all_pairs_combn
N131,N212,1,1,small_or_isolated_candidate,small_or_isolated_candidate,284.3952085843887,FALSE,FALSE,TRUE,0.125,FALSE,NA,FALSE,all_pairs_combn
N124,N143,1,1,small_or_isolated_candidate,small_or_isolated_candidate,285.1310364669121,FALSE,FALSE,TRUE,0.125,FALSE,NA,FALSE,all_pairs_combn
N211,N292,1,1,small_or_isolated_candidate,small_or_isolated_candidate,285.4616901850968,FALSE,FALSE,TRUE,0.125,FALSE,NA,FALSE,all_pairs_combn
N107,N111,1,1,small_or_isolated_candidate,small_or_isolated_candidate,286.5400115466299,FALSE,FALSE,TRUE,0.125,FALSE,NA,FALSE,all_pairs_combn
N141,N292,1,1,small_or_isolated_candidate,small_or_isolated_candidate,287.2552167846354,FALSE,FALSE,TRUE,0.125,FALSE,NA,FALSE,all_pairs_combn
N11,N65,1,1,small_or_isolated_candidate,small_or_isolated_candidate,288.0499906460843,FALSE,FALSE,TRUE,0.125,FALSE,NA,FALSE,all_pairs_combn
N259,N294,1,1,small_or_isolated_candidate,small_or_isolated_candidate,288.30653378592706,FALSE,FALSE,TRUE,0.125,FALSE,NA,FALSE,all_pairs_combn
N114,N207,1,1,small_or_isolated_candidate,small_or_isolated_candidate,288.87548870201584,FALSE,FALSE,TRUE,0.125,FALSE,NA,FALSE,all_pairs_combn
N141,N144,1,1,small_or_isolated_candidate,small_or_isolated_candidate,289.0402359385098,FALSE,FALSE,TRUE,0.125,FALSE,NA,FALSE,all_pairs_combn
N138,N259,1,1,small_or_isolated_candidate,small_or_isolated_candidate,289.3920036246067,FALSE,FALSE,TRUE,0.125,FALSE,NA,FALSE,all_pairs_combn
N141,N143,1,1,small_or_isolated_candidate,small_or_isolated_candidate,289.78441157663167,FALSE,FALSE,TRUE,0.125,FALSE,NA,FALSE,all_pairs_combn
N140,N152,1,1,small_or_isolated_candidate,small_or_isolated_candidate,289.88109952750676,FALSE,FALSE,TRUE,0.125,FALSE,NA,FALSE,all_pairs_combn
N145,N146,1,1,small_or_isolated_candidate,small_or_isolated_candidate,290.1325336616129,FALSE,FALSE,TRUE,0.125,FALSE,NA,FALSE,all_pairs_combn
N10,N52,1,1,small_or_isolated_candidate,small_or_isolated_candidate,290.4163544196182,FALSE,FALSE,TRUE,0.125,FALSE,NA,FALSE,all_pairs_combn
N141,N152,1,1,small_or_isolated_candidate,small_or_isolated_candidate,290.4200368280906,FALSE,FALSE,TRUE,0.125,FALSE,NA,FALSE,all_pairs_combn
N10,N51,1,1,small_or_isolated_candidate,small_or_isolated_candidate,290.9375181954353,FALSE,FALSE,TRUE,0.125,FALSE,NA,FALSE,all_pairs_combn
N140,N153,1,1,small_or_isolated_candidate,small_or_isolated_candidate,291.027612767743,FALSE,FALSE,TRUE,0.125,FALSE,NA,FALSE,all_pairs_combn
N143,N152,1,1,small_or_isolated_candidate,small_or_isolated_candidate,291.34660743098766,FALSE,FALSE,TRUE,0.125,FALSE,NA,FALSE,all_pairs_combn
N133,N144,1,1,small_or_isolated_candidate,small_or_isolated_candidate,291.3467992924602,FALSE,FALSE,TRUE,0.125,FALSE,NA,FALSE,all_pairs_combn
N140,N292,1,1,small_or_isolated_candidate,small_or_isolated_candidate,291.5402916080625,FALSE,FALSE,TRUE,0.125,FALSE,NA,FALSE,all_pairs_combn
N141,N148,1,1,small_or_isolated_candidate,small_or_isolated_candidate,291.5628046155769,FALSE,FALSE,TRUE,0.125,FALSE,NA,FALSE,all_pairs_combn
N141,N153,1,1,small_or_isolated_candidate,small_or_isolated_candidate,291.6224090221902,FALSE,FALSE,TRUE,0.125,FALSE,NA,FALSE,all_pairs_combn
N104,N112,1,1,small_or_isolated_candidate,small_or_isolated_candidate,292.07090959973794,FALSE,FALSE,TRUE,0.125,FALSE,NA,FALSE,all_pairs_combn
N119,N259,1,1,small_or_isolated_candidate,small_or_isolated_candidate,292.4350134102804,FALSE,FALSE,TRUE,0.125,FALSE,NA,FALSE,all_pairs_combn
N125,N292,1,1,small_or_isolated_candidate,small_or_isolated_candidate,292.63037963420425,FALSE,FALSE,TRUE,0.125,FALSE,NA,FALSE,all_pairs_combn
N140,N148,1,1,small_or_isolated_candidate,small_or_isolated_candidate,292.75061898528753,FALSE,FALSE,TRUE,0.125,FALSE,NA,FALSE,all_pairs_combn
N140,N144,1,1,small_or_isolated_candidate,small_or_isolated_candidate,292.90233811918694,FALSE,FALSE,TRUE,0.125,FALSE,NA,FALSE,all_pairs_combn
N125,N144,1,1,small_or_isolated_candidate,small_or_isolated_candidate,293.24453815381673,FALSE,FALSE,TRUE,0.125,FALSE,NA,FALSE,all_pairs_combn
N24,N52,1,1,small_or_isolated_candidate,small_or_isolated_candidate,293.3393451338623,FALSE,FALSE,TRUE,0.125,FALSE,NA,FALSE,all_pairs_combn
N140,N143,1,1,small_or_isolated_candidate,small_or_isolated_candidate,293.49307731059304,FALSE,FALSE,TRUE,0.125,FALSE,NA,FALSE,all_pairs_combn
N24,N51,1,1,small_or_isolated_candidate,small_or_isolated_candidate,293.66689669669603,FALSE,FALSE,TRUE,0.125,FALSE,NA,FALSE,all_pairs_combn
N138,N149,1,1,small_or_isolated_candidate,small_or_isolated_candidate,294.2424526238657,FALSE,FALSE,TRUE,0.125,FALSE,NA,FALSE,all_pairs_combn
N104,N111,1,1,small_or_isolated_candidate,small_or_isolated_candidate,294.9816908260237,FALSE,FALSE,TRUE,0.125,FALSE,NA,FALSE,all_pairs_combn
N143,N153,1,1,small_or_isolated_candidate,small_or_isolated_candidate,295.0007361949084,FALSE,FALSE,TRUE,0.125,FALSE,NA,FALSE,all_pairs_combn
N31,N67,1,1,small_or_isolated_candidate,small_or_isolated_candidate,295.03232248316027,FALSE,FALSE,TRUE,0.125,FALSE,NA,FALSE,all_pairs_combn
N24,N49,1,1,small_or_isolated_candidate,small_or_isolated_candidate,295.4547975065301,FALSE,FALSE,TRUE,0.125,FALSE,NA,FALSE,all_pairs_combn
N132,N308,1,1,small_or_isolated_candidate,small_or_isolated_candidate,295.7661821775615,FALSE,FALSE,TRUE,0.125,FALSE,NA,FALSE,all_pairs_combn
N24,N50,1,1,small_or_isolated_candidate,small_or_isolated_candidate,297.01548646144806,FALSE,FALSE,TRUE,0.125,FALSE,NA,FALSE,all_pairs_combn
N212,N292,1,1,small_or_isolated_candidate,small_or_isolated_candidate,297.21876247348195,FALSE,FALSE,TRUE,0.125,FALSE,NA,FALSE,all_pairs_combn
N10,N17,1,1,small_or_isolated_candidate,small_or_isolated_candidate,297.38332164764495,FALSE,FALSE,TRUE,0.125,FALSE,NA,FALSE,all_pairs_combn
N125,N143,1,1,small_or_isolated_candidate,small_or_isolated_candidate,297.4665207733544,FALSE,FALSE,TRUE,0.125,FALSE,NA,FALSE,all_pairs_combn
N113,N157,1,1,small_or_isolated_candidate,small_or_isolated_candidate,298.57054417529173,FALSE,FALSE,TRUE,0.125,FALSE,NA,FALSE,all_pairs_combn
N11,N61,1,1,small_or_isolated_candidate,small_or_isolated_candidate,299.1243315496185,FALSE,FALSE,TRUE,0.125,FALSE,NA,FALSE,all_pairs_combn
N206,N207,1,1,small_or_isolated_candidate,small_or_isolated_candidate,299.4929657408859,FALSE,FALSE,TRUE,0.125,FALSE,NA,FALSE,all_pairs_combn
N113,N133,1,1,small_or_isolated_candidate,small_or_isolated_candidate,299.8785627833072,FALSE,FALSE,TRUE,0.125,FALSE,NA,FALSE,all_pairs_combn
N145,N296,1,1,small_or_isolated_candidate,small_or_isolated_candidate,300.7408436555767,FALSE,FALSE,TRUE,0.125,FALSE,NA,FALSE,all_pairs_combn
N120,N135,1,1,small_or_isolated_candidate,small_or_isolated_candidate,301.3747828149199,FALSE,FALSE,TRUE,0.125,FALSE,NA,FALSE,all_pairs_combn
N22,N66,1,1,small_or_isolated_candidate,small_or_isolated_candidate,301.78438562466823,FALSE,FALSE,TRUE,0.125,FALSE,NA,FALSE,all_pairs_combn
N149,N294,1,1,small_or_isolated_candidate,small_or_isolated_candidate,302.2151215029635,FALSE,FALSE,TRUE,0.125,FALSE,NA,FALSE,all_pairs_combn
N22,N63,1,1,small_or_isolated_candidate,small_or_isolated_candidate,302.4424602918856,FALSE,FALSE,TRUE,0.125,FALSE,NA,FALSE,all_pairs_combn
N118,N136,1,1,small_or_isolated_candidate,small_or_isolated_candidate,302.4525915737742,FALSE,FALSE,TRUE,0.125,FALSE,NA,FALSE,all_pairs_combn
N140,N300,1,1,small_or_isolated_candidate,small_or_isolated_candidate,302.57839365688403,FALSE,FALSE,TRUE,0.125,FALSE,NA,FALSE,all_pairs_combn
N10,N18,1,1,small_or_isolated_candidate,small_or_isolated_candidate,303.0026173763301,FALSE,FALSE,TRUE,0.125,FALSE,NA,FALSE,all_pairs_combn
N118,N122,1,1,small_or_isolated_candidate,small_or_isolated_candidate,303.4825031556735,FALSE,FALSE,TRUE,0.125,FALSE,NA,FALSE,all_pairs_combn
N112,N96,1,1,small_or_isolated_candidate,small_or_isolated_candidate,303.5289368336265,FALSE,FALSE,TRUE,0.125,FALSE,NA,FALSE,all_pairs_combn
N122,N211,1,1,small_or_isolated_candidate,small_or_isolated_candidate,305.1714531372684,FALSE,FALSE,TRUE,0.125,FALSE,NA,FALSE,all_pairs_combn
N142,N296,1,1,small_or_isolated_candidate,small_or_isolated_candidate,305.1844932590433,FALSE,FALSE,TRUE,0.125,FALSE,NA,FALSE,all_pairs_combn
N118,N121,1,1,small_or_isolated_candidate,small_or_isolated_candidate,305.42269633330244,FALSE,FALSE,TRUE,0.125,FALSE,NA,FALSE,all_pairs_combn
N144,N152,1,1,small_or_isolated_candidate,small_or_isolated_candidate,305.47556605829527,FALSE,FALSE,TRUE,0.125,FALSE,NA,FALSE,all_pairs_combn
N128,N308,1,1,small_or_isolated_candidate,small_or_isolated_candidate,305.80839831156356,FALSE,FALSE,TRUE,0.125,FALSE,NA,FALSE,all_pairs_combn
N111,N96,1,1,small_or_isolated_candidate,small_or_isolated_candidate,306.24966781184537,FALSE,FALSE,TRUE,0.125,FALSE,NA,FALSE,all_pairs_combn
N118,N123,1,1,small_or_isolated_candidate,small_or_isolated_candidate,306.336990020643,FALSE,FALSE,TRUE,0.125,FALSE,NA,FALSE,all_pairs_combn
N147,N294,1,1,small_or_isolated_candidate,small_or_isolated_candidate,306.8827892718367,FALSE,FALSE,TRUE,0.125,FALSE,NA,FALSE,all_pairs_combn
N131,N148,1,1,small_or_isolated_candidate,small_or_isolated_candidate,307.03106858422325,FALSE,FALSE,TRUE,0.125,FALSE,NA,FALSE,all_pairs_combn
N141,N300,1,1,small_or_isolated_candidate,small_or_isolated_candidate,307.1808556939466,FALSE,FALSE,TRUE,0.125,FALSE,NA,FALSE,all_pairs_combn
N33,N36,1,1,small_or_isolated_candidate,small_or_isolated_candidate,307.56646487316493,FALSE,FALSE,TRUE,0.125,FALSE,NA,FALSE,all_pairs_combn
N127,N308,1,1,small_or_isolated_candidate,small_or_isolated_candidate,307.7170375964011,FALSE,FALSE,TRUE,0.125,FALSE,NA,FALSE,all_pairs_combn
N121,N211,1,1,small_or_isolated_candidate,small_or_isolated_candidate,307.81912489492913,FALSE,FALSE,TRUE,0.125,FALSE,NA,FALSE,all_pairs_combn
N123,N211,1,1,small_or_isolated_candidate,small_or_isolated_candidate,307.9705989514972,FALSE,FALSE,TRUE,0.125,FALSE,NA,FALSE,all_pairs_combn
N142,N259,1,1,small_or_isolated_candidate,small_or_isolated_candidate,308.3612857790264,FALSE,FALSE,TRUE,0.125,FALSE,NA,FALSE,all_pairs_combn
N144,N153,1,1,small_or_isolated_candidate,small_or_isolated_candidate,309.1044094144737,FALSE,FALSE,TRUE,0.125,FALSE,NA,FALSE,all_pairs_combn
N119,N148,1,1,small_or_isolated_candidate,small_or_isolated_candidate,309.3066888792507,FALSE,FALSE,TRUE,0.125,FALSE,NA,FALSE,all_pairs_combn
N140,N305,1,1,small_or_isolated_candidate,small_or_isolated_candidate,309.40817540109384,FALSE,FALSE,TRUE,0.125,FALSE,NA,FALSE,all_pairs_combn
N112,N123,1,1,small_or_isolated_candidate,small_or_isolated_candidate,309.5516199162081,FALSE,FALSE,TRUE,0.125,FALSE,NA,FALSE,all_pairs_combn
N112,N122,1,1,small_or_isolated_candidate,small_or_isolated_candidate,309.64493052462575,FALSE,FALSE,TRUE,0.125,FALSE,NA,FALSE,all_pairs_combn
N111,N123,1,1,small_or_isolated_candidate,small_or_isolated_candidate,309.6454397373849,FALSE,FALSE,TRUE,0.125,FALSE,NA,FALSE,all_pairs_combn
N111,N122,1,1,small_or_isolated_candidate,small_or_isolated_candidate,309.70778320483134,FALSE,FALSE,TRUE,0.125,FALSE,NA,FALSE,all_pairs_combn
N33,N35,1,1,small_or_isolated_candidate,small_or_isolated_candidate,309.9819863389303,FALSE,FALSE,TRUE,0.125,FALSE,NA,FALSE,all_pairs_combn
N118,N149,1,1,small_or_isolated_candidate,small_or_isolated_candidate,310.62856857196726,FALSE,FALSE,TRUE,0.125,FALSE,NA,FALSE,all_pairs_combn
N22,N62,1,1,small_or_isolated_candidate,small_or_isolated_candidate,310.7496608175741,FALSE,FALSE,TRUE,0.125,FALSE,NA,FALSE,all_pairs_combn
N294,N296,1,1,small_or_isolated_candidate,small_or_isolated_candidate,310.8576988069984,FALSE,FALSE,TRUE,0.125,FALSE,NA,FALSE,all_pairs_combn
N24,N61,1,1,small_or_isolated_candidate,small_or_isolated_candidate,311.3616603005508,FALSE,FALSE,TRUE,0.125,FALSE,NA,FALSE,all_pairs_combn
N119,N142,1,1,small_or_isolated_candidate,small_or_isolated_candidate,311.482626934497,FALSE,FALSE,TRUE,0.125,FALSE,NA,FALSE,all_pairs_combn
N112,N121,1,1,small_or_isolated_candidate,small_or_isolated_candidate,312.4815951982823,FALSE,FALSE,TRUE,0.125,FALSE,NA,FALSE,all_pairs_combn
N111,N121,1,1,small_or_isolated_candidate,small_or_isolated_candidate,312.5678531698345,FALSE,FALSE,TRUE,0.125,FALSE,NA,FALSE,all_pairs_combn
N142,N150,1,1,small_or_isolated_candidate,small_or_isolated_candidate,312.944040597805,FALSE,FALSE,TRUE,0.125,FALSE,NA,FALSE,all_pairs_combn
N144,N211,1,1,small_or_isolated_candidate,small_or_isolated_candidate,313.08834980058475,FALSE,FALSE,TRUE,0.125,FALSE,NA,FALSE,all_pairs_combn
N117,N149,1,1,small_or_isolated_candidate,small_or_isolated_candidate,313.7858262835641,FALSE,FALSE,TRUE,0.125,FALSE,NA,FALSE,all_pairs_combn
N17,N22,1,1,small_or_isolated_candidate,small_or_isolated_candidate,313.81729425999623,FALSE,FALSE,TRUE,0.125,FALSE,NA,FALSE,all_pairs_combn
N141,N305,1,1,small_or_isolated_candidate,small_or_isolated_candidate,314.0201017435386,FALSE,FALSE,TRUE,0.125,FALSE,NA,FALSE,all_pairs_combn
N126,N146,1,1,small_or_isolated_candidate,small_or_isolated_candidate,314.573547944455,FALSE,FALSE,TRUE,0.125,FALSE,NA,FALSE,all_pairs_combn
N157,N294,1,1,small_or_isolated_candidate,small_or_isolated_candidate,314.7508317078842,FALSE,FALSE,TRUE,0.125,FALSE,NA,FALSE,all_pairs_combn
N117,N136,1,1,small_or_isolated_candidate,small_or_isolated_candidate,315.34210497742396,FALSE,FALSE,TRUE,0.125,FALSE,NA,FALSE,all_pairs_combn
N136,N294,1,1,small_or_isolated_candidate,small_or_isolated_candidate,316.4392671177668,FALSE,FALSE,TRUE,0.125,FALSE,NA,FALSE,all_pairs_combn
N31,N32,1,1,small_or_isolated_candidate,small_or_isolated_candidate,316.7622363116002,FALSE,FALSE,TRUE,0.125,FALSE,NA,FALSE,all_pairs_combn
N18,N48,1,1,small_or_isolated_candidate,small_or_isolated_candidate,318.2661205222102,FALSE,FALSE,TRUE,0.125,FALSE,NA,FALSE,all_pairs_combn
N135,N182,1,1,small_or_isolated_candidate,small_or_isolated_candidate,318.5795035624112,FALSE,FALSE,TRUE,0.125,FALSE,NA,FALSE,all_pairs_combn
N138,N48,1,1,small_or_isolated_candidate,small_or_isolated_candidate,319.66846582332244,FALSE,FALSE,TRUE,0.125,FALSE,NA,FALSE,all_pairs_combn
N117,N122,1,1,small_or_isolated_candidate,small_or_isolated_candidate,319.7745249930199,FALSE,FALSE,TRUE,0.125,FALSE,NA,FALSE,all_pairs_combn
N140,N304,1,1,small_or_isolated_candidate,small_or_isolated_candidate,320.3007747520265,FALSE,FALSE,TRUE,0.125,FALSE,NA,FALSE,all_pairs_combn
N18,N22,1,1,small_or_isolated_candidate,small_or_isolated_candidate,320.3997441985162,FALSE,FALSE,TRUE,0.125,FALSE,NA,FALSE,all_pairs_combn
N17,N48,1,1,small_or_isolated_candidate,small_or_isolated_candidate,320.72494187111977,FALSE,FALSE,FALSE,0.125,FALSE,NA,FALSE,all_pairs_combn
N62,N93,1,1,small_or_isolated_candidate,small_or_isolated_candidate,320.9973789229564,FALSE,FALSE,FALSE,0.125,FALSE,NA,FALSE,all_pairs_combn
N152,N294,1,1,small_or_isolated_candidate,small_or_isolated_candidate,321.0201138346179,FALSE,FALSE,FALSE,0.125,FALSE,NA,FALSE,all_pairs_combn
N153,N294,1,1,small_or_isolated_candidate,small_or_isolated_candidate,321.47571860047117,FALSE,FALSE,FALSE,0.125,FALSE,NA,FALSE,all_pairs_combn
N117,N121,1,1,small_or_isolated_candidate,small_or_isolated_candidate,321.628969376391,FALSE,FALSE,FALSE,0.125,FALSE,NA,FALSE,all_pairs_combn
N113,N137,1,1,small_or_isolated_candidate,small_or_isolated_candidate,321.92764549178315,FALSE,FALSE,FALSE,0.125,FALSE,NA,FALSE,all_pairs_combn
N117,N123,1,1,small_or_isolated_candidate,small_or_isolated_candidate,322.62352129142033,FALSE,FALSE,FALSE,0.125,FALSE,NA,FALSE,all_pairs_combn
N143,N211,1,1,small_or_isolated_candidate,small_or_isolated_candidate,324.24617879243385,FALSE,FALSE,FALSE,0.125,FALSE,NA,FALSE,all_pairs_combn
N150,N294,1,1,small_or_isolated_candidate,small_or_isolated_candidate,324.35656387093854,FALSE,FALSE,FALSE,0.125,FALSE,NA,FALSE,all_pairs_combn
N141,N304,1,1,small_or_isolated_candidate,small_or_isolated_candidate,324.9153175977094,FALSE,FALSE,FALSE,0.125,FALSE,NA,FALSE,all_pairs_combn
N146,N308,1,1,small_or_isolated_candidate,small_or_isolated_candidate,325.45276732346144,FALSE,FALSE,FALSE,0.125,FALSE,NA,FALSE,all_pairs_combn
N134,N149,1,1,small_or_isolated_candidate,small_or_isolated_candidate,327.0191485966186,FALSE,FALSE,FALSE,0.125,FALSE,NA,FALSE,all_pairs_combn
N126,N259,1,1,small_or_isolated_candidate,small_or_isolated_candidate,327.0539040613031,FALSE,FALSE,FALSE,0.125,FALSE,NA,FALSE,all_pairs_combn
N157,N292,1,1,small_or_isolated_candidate,small_or_isolated_candidate,327.1716693961749,FALSE,FALSE,FALSE,0.125,FALSE,NA,FALSE,all_pairs_combn
N136,N211,1,1,small_or_isolated_candidate,small_or_isolated_candidate,327.84714892187964,FALSE,FALSE,FALSE,0.125,FALSE,NA,FALSE,all_pairs_combn
N110,N150,1,1,small_or_isolated_candidate,small_or_isolated_candidate,327.87927427948347,FALSE,FALSE,FALSE,0.125,FALSE,NA,FALSE,all_pairs_combn
N140,N296,1,1,small_or_isolated_candidate,small_or_isolated_candidate,328.3599074992072,FALSE,FALSE,FALSE,0.125,FALSE,NA,FALSE,all_pairs_combn
N19,N66,1,1,small_or_isolated_candidate,small_or_isolated_candidate,328.6646009309296,FALSE,FALSE,FALSE,0.125,FALSE,NA,FALSE,all_pairs_combn
N18,N259,1,1,small_or_isolated_candidate,small_or_isolated_candidate,328.77127116259163,FALSE,FALSE,FALSE,0.125,FALSE,NA,FALSE,all_pairs_combn
N133,N135,1,1,small_or_isolated_candidate,small_or_isolated_candidate,328.84400902585867,FALSE,FALSE,FALSE,0.125,FALSE,NA,FALSE,all_pairs_combn
N17,N65,1,1,small_or_isolated_candidate,small_or_isolated_candidate,329.1606028080181,FALSE,FALSE,FALSE,0.125,FALSE,NA,FALSE,all_pairs_combn
N19,N63,1,1,small_or_isolated_candidate,small_or_isolated_candidate,329.5370713237556,FALSE,FALSE,FALSE,0.125,FALSE,NA,FALSE,all_pairs_combn
N145,N259,1,1,small_or_isolated_candidate,small_or_isolated_candidate,330.69254185182143,FALSE,FALSE,FALSE,0.125,FALSE,NA,FALSE,all_pairs_combn
N121,N141,1,1,small_or_isolated_candidate,small_or_isolated_candidate,330.91411748590065,FALSE,FALSE,FALSE,0.125,FALSE,NA,FALSE,all_pairs_combn
N63,N93,1,1,small_or_isolated_candidate,small_or_isolated_candidate,331.1885085436002,FALSE,FALSE,FALSE,0.125,FALSE,NA,FALSE,all_pairs_combn
N129,N149,1,1,small_or_isolated_candidate,small_or_isolated_candidate,331.5051378875483,FALSE,FALSE,FALSE,0.125,FALSE,NA,FALSE,all_pairs_combn
N66,N93,1,1,small_or_isolated_candidate,small_or_isolated_candidate,331.6962472144608,FALSE,FALSE,FALSE,0.125,FALSE,NA,FALSE,all_pairs_combn
N133,N296,1,1,small_or_isolated_candidate,small_or_isolated_candidate,331.8117115124587,FALSE,FALSE,FALSE,0.125,FALSE,NA,FALSE,all_pairs_combn
N141,N212,1,1,small_or_isolated_candidate,small_or_isolated_candidate,331.90692590376136,FALSE,FALSE,FALSE,0.125,FALSE,NA,FALSE,all_pairs_combn
N141,N296,1,1,small_or_isolated_candidate,small_or_isolated_candidate,331.9168728604907,FALSE,FALSE,FALSE,0.125,FALSE,NA,FALSE,all_pairs_combn
N147,N150,1,1,small_or_isolated_candidate,small_or_isolated_candidate,332.07696319710556,FALSE,FALSE,FALSE,0.125,FALSE,NA,FALSE,all_pairs_combn
N140,N212,1,1,small_or_isolated_candidate,small_or_isolated_candidate,332.82476620204324,FALSE,FALSE,FALSE,0.125,FALSE,NA,FALSE,all_pairs_combn
N19,N62,1,1,small_or_isolated_candidate,small_or_isolated_candidate,332.89261296189784,FALSE,FALSE,FALSE,0.125,FALSE,NA,FALSE,all_pairs_combn
N123,N141,1,1,small_or_isolated_candidate,small_or_isolated_candidate,333.33431452763654,FALSE,FALSE,FALSE,0.125,FALSE,NA,FALSE,all_pairs_combn
N122,N141,1,1,small_or_isolated_candidate,small_or_isolated_candidate,334.3912076594946,FALSE,FALSE,FALSE,0.125,FALSE,NA,FALSE,all_pairs_combn
N17,N259,1,1,small_or_isolated_candidate,small_or_isolated_candidate,335.2009994438823,FALSE,FALSE,FALSE,0.125,FALSE,NA,FALSE,all_pairs_combn
N121,N140,1,1,small_or_isolated_candidate,small_or_isolated_candidate,335.38396124429175,FALSE,FALSE,FALSE,0.125,FALSE,NA,FALSE,all_pairs_combn
N146,N307,1,1,small_or_isolated_candidate,small_or_isolated_candidate,335.89893009872196,FALSE,FALSE,FALSE,0.125,FALSE,NA,FALSE,all_pairs_combn
N148,N296,1,1,small_or_isolated_candidate,small_or_isolated_candidate,337.04448175467286,FALSE,FALSE,FALSE,0.125,FALSE,NA,FALSE,all_pairs_combn
N17,N61,1,1,small_or_isolated_candidate,small_or_isolated_candidate,337.1465667098604,FALSE,FALSE,FALSE,0.125,FALSE,NA,FALSE,all_pairs_combn
N118,N150,1,1,small_or_isolated_candidate,small_or_isolated_candidate,337.517854853776,FALSE,FALSE,FALSE,0.125,FALSE,NA,FALSE,all_pairs_combn
N119,N212,1,1,small_or_isolated_candidate,small_or_isolated_candidate,337.58042662337374,FALSE,FALSE,FALSE,0.125,FALSE,NA,FALSE,all_pairs_combn
N123,N140,1,1,small_or_isolated_candidate,small_or_isolated_candidate,337.7978440731416,FALSE,FALSE,FALSE,0.125,FALSE,NA,FALSE,all_pairs_combn
N18,N65,1,1,small_or_isolated_candidate,small_or_isolated_candidate,338.1654112175198,FALSE,FALSE,FALSE,0.125,FALSE,NA,FALSE,all_pairs_combn
N153,N307,1,1,small_or_isolated_candidate,small_or_isolated_candidate,338.4747818509536,FALSE,FALSE,FALSE,0.125,FALSE,NA,FALSE,all_pairs_combn
N122,N140,1,1,small_or_isolated_candidate,small_or_isolated_candidate,338.86399538306614,FALSE,FALSE,FALSE,0.125,FALSE,NA,FALSE,all_pairs_combn
N126,N147,1,1,small_or_isolated_candidate,small_or_isolated_candidate,339.0630700920761,FALSE,FALSE,FALSE,0.125,FALSE,NA,FALSE,all_pairs_combn
N152,N307,1,1,small_or_isolated_candidate,small_or_isolated_candidate,339.35836617815164,FALSE,FALSE,FALSE,0.125,FALSE,NA,FALSE,all_pairs_combn
N138,N146,1,1,small_or_isolated_candidate,small_or_isolated_candidate,339.75522256723923,FALSE,FALSE,FALSE,0.125,FALSE,NA,FALSE,all_pairs_combn
N11,N62,1,1,small_or_isolated_candidate,small_or_isolated_candidate,339.77512681548217,FALSE,FALSE,FALSE,0.125,FALSE,NA,FALSE,all_pairs_combn
N10,N66,1,1,small_or_isolated_candidate,small_or_isolated_candidate,339.9483999641378,FALSE,FALSE,FALSE,0.125,FALSE,NA,FALSE,all_pairs_combn
N110,N259,1,1,small_or_isolated_candidate,small_or_isolated_candidate,339.96402186219177,FALSE,FALSE,FALSE,0.125,FALSE,NA,FALSE,all_pairs_combn
N62,N92,1,1,small_or_isolated_candidate,small_or_isolated_candidate,340.26463395548507,FALSE,FALSE,FALSE,0.125,FALSE,NA,FALSE,all_pairs_combn
N212,N296,1,1,small_or_isolated_candidate,small_or_isolated_candidate,340.301406378109,FALSE,FALSE,FALSE,0.125,FALSE,NA,FALSE,all_pairs_combn
N113,N212,1,1,small_or_isolated_candidate,small_or_isolated_candidate,340.5125395421948,FALSE,FALSE,FALSE,0.125,FALSE,NA,FALSE,all_pairs_combn
N10,N63,1,1,small_or_isolated_candidate,small_or_isolated_candidate,340.6699019572824,FALSE,FALSE,FALSE,0.125,FALSE,NA,FALSE,all_pairs_combn
N124,N149,1,1,small_or_isolated_candidate,small_or_isolated_candidate,340.79145315534726,FALSE,FALSE,FALSE,0.125,FALSE,NA,FALSE,all_pairs_combn
N148,N294,1,1,small_or_isolated_candidate,small_or_isolated_candidate,341.840290710561,FALSE,FALSE,FALSE,0.125,FALSE,NA,FALSE,all_pairs_combn
N157,N307,1,1,small_or_isolated_candidate,small_or_isolated_candidate,342.0328520823901,FALSE,FALSE,FALSE,0.125,FALSE,NA,FALSE,all_pairs_combn
N132,N145,1,1,small_or_isolated_candidate,small_or_isolated_candidate,342.429562713494,FALSE,FALSE,FALSE,0.125,FALSE,NA,FALSE,all_pairs_combn
N134,N136,1,1,small_or_isolated_candidate,small_or_isolated_candidate,342.5989421641132,FALSE,FALSE,FALSE,0.125,FALSE,NA,FALSE,all_pairs_combn
N147,N259,1,1,small_or_isolated_candidate,small_or_isolated_candidate,342.72815723737097,FALSE,FALSE,FALSE,0.125,FALSE,NA,FALSE,all_pairs_combn
N11,N66,1,1,small_or_isolated_candidate,small_or_isolated_candidate,343.0488203565884,FALSE,FALSE,FALSE,0.125,FALSE,NA,FALSE,all_pairs_combn
N11,N63,1,1,small_or_isolated_candidate,small_or_isolated_candidate,344.04681954003064,FALSE,FALSE,FALSE,0.125,FALSE,NA,FALSE,all_pairs_combn
N145,N157,1,1,small_or_isolated_candidate,small_or_isolated_candidate,344.6344442772468,FALSE,FALSE,FALSE,0.125,FALSE,NA,FALSE,all_pairs_combn
N34,N36,1,1,small_or_isolated_candidate,small_or_isolated_candidate,344.79364254401344,FALSE,FALSE,FALSE,0.125,FALSE,NA,FALSE,all_pairs_combn
N111,N138,1,1,small_or_isolated_candidate,small_or_isolated_candidate,345.71163548104016,FALSE,FALSE,FALSE,0.125,FALSE,NA,FALSE,all_pairs_combn
N133,N292,1,1,small_or_isolated_candidate,small_or_isolated_candidate,346.19618878502007,FALSE,FALSE,FALSE,0.125,FALSE,NA,FALSE,all_pairs_combn
N18,N61,1,1,small_or_isolated_candidate,small_or_isolated_candidate,346.2137820341133,FALSE,FALSE,FALSE,0.125,FALSE,NA,FALSE,all_pairs_combn
N292,N48,1,1,small_or_isolated_candidate,small_or_isolated_candidate,347.1290881346962,FALSE,FALSE,FALSE,0.125,FALSE,NA,FALSE,all_pairs_combn
N112,N138,1,1,small_or_isolated_candidate,small_or_isolated_candidate,347.5154311955912,FALSE,FALSE,FALSE,0.125,FALSE,NA,FALSE,all_pairs_combn
N145,N153,1,1,small_or_isolated_candidate,small_or_isolated_candidate,347.6691985241248,FALSE,FALSE,FALSE,0.125,FALSE,NA,FALSE,all_pairs_combn
N145,N152,1,1,small_or_isolated_candidate,small_or_isolated_candidate,347.7067192783214,FALSE,FALSE,FALSE,0.125,FALSE,NA,FALSE,all_pairs_combn
N10,N62,1,1,small_or_isolated_candidate,small_or_isolated_candidate,347.75571078548967,FALSE,FALSE,FALSE,0.125,FALSE,NA,FALSE,all_pairs_combn
N34,N35,1,1,small_or_isolated_candidate,small_or_isolated_candidate,348.5228889402666,FALSE,FALSE,FALSE,0.125,FALSE,NA,FALSE,all_pairs_combn
N153,N308,1,1,small_or_isolated_candidate,small_or_isolated_candidate,350.255827455393,FALSE,FALSE,FALSE,0.125,FALSE,NA,FALSE,all_pairs_combn
N152,N308,1,1,small_or_isolated_candidate,small_or_isolated_candidate,350.82677236085937,FALSE,FALSE,FALSE,0.125,FALSE,NA,FALSE,all_pairs_combn
N122,N134,1,1,small_or_isolated_candidate,small_or_isolated_candidate,350.96329101583865,FALSE,FALSE,FALSE,0.125,FALSE,NA,FALSE,all_pairs_combn
N145,N147,1,1,small_or_isolated_candidate,small_or_isolated_candidate,351.3229443828106,FALSE,FALSE,FALSE,0.125,FALSE,NA,FALSE,all_pairs_combn
N157,N308,1,1,small_or_isolated_candidate,small_or_isolated_candidate,351.3385592881017,FALSE,FALSE,FALSE,0.125,FALSE,NA,FALSE,all_pairs_combn
N150,N211,1,1,small_or_isolated_candidate,small_or_isolated_candidate,351.50476714603735,FALSE,FALSE,FALSE,0.125,FALSE,NA,FALSE,all_pairs_combn
N107,N51,1,1,small_or_isolated_candidate,small_or_isolated_candidate,351.5784153274836,FALSE,FALSE,FALSE,0.125,FALSE,NA,FALSE,all_pairs_combn
N152,N292,1,1,small_or_isolated_candidate,small_or_isolated_candidate,351.87032174411627,FALSE,FALSE,FALSE,0.125,FALSE,NA,FALSE,all_pairs_combn
N107,N52,1,1,small_or_isolated_candidate,small_or_isolated_candidate,351.9595402114478,FALSE,FALSE,FALSE,0.125,FALSE,NA,FALSE,all_pairs_combn
N117,N150,1,1,small_or_isolated_candidate,small_or_isolated_candidate,352.09529086066294,FALSE,FALSE,FALSE,0.125,FALSE,NA,FALSE,all_pairs_combn
N136,N148,1,1,small_or_isolated_candidate,small_or_isolated_candidate,352.14040434697677,FALSE,FALSE,FALSE,0.125,FALSE,NA,FALSE,all_pairs_combn
N145,N149,1,1,small_or_isolated_candidate,small_or_isolated_candidate,352.44968741494046,FALSE,FALSE,FALSE,0.125,FALSE,NA,FALSE,all_pairs_combn
N121,N134,1,1,small_or_isolated_candidate,small_or_isolated_candidate,352.7296324096521,FALSE,FALSE,FALSE,0.125,FALSE,NA,FALSE,all_pairs_combn
N63,N92,1,1,small_or_isolated_candidate,small_or_isolated_candidate,353.2180873805971,FALSE,FALSE,FALSE,0.125,FALSE,NA,FALSE,all_pairs_combn
N66,N92,1,1,small_or_isolated_candidate,small_or_isolated_candidate,353.4899165710457,FALSE,FALSE,FALSE,0.125,FALSE,NA,FALSE,all_pairs_combn
N123,N134,1,1,small_or_isolated_candidate,small_or_isolated_candidate,353.804529207866,FALSE,FALSE,FALSE,0.125,FALSE,NA,FALSE,all_pairs_combn
N125,N149,1,1,small_or_isolated_candidate,small_or_isolated_candidate,354.007658995659,FALSE,FALSE,FALSE,0.125,FALSE,NA,FALSE,all_pairs_combn
N107,N48,1,1,small_or_isolated_candidate,small_or_isolated_candidate,355.0460882902991,FALSE,FALSE,FALSE,0.125,FALSE,NA,FALSE,all_pairs_combn
N153,N292,1,1,small_or_isolated_candidate,small_or_isolated_candidate,355.39078300595406,FALSE,FALSE,FALSE,0.125,FALSE,NA,FALSE,all_pairs_combn
N128,N145,1,1,small_or_isolated_candidate,small_or_isolated_candidate,355.9516811217161,FALSE,FALSE,FALSE,0.125,FALSE,NA,FALSE,all_pairs_combn
N131,N142,1,1,small_or_isolated_candidate,small_or_isolated_candidate,356.3890753616895,FALSE,FALSE,FALSE,0.125,FALSE,NA,FALSE,all_pairs_combn
N292,N294,1,1,small_or_isolated_candidate,small_or_isolated_candidate,356.70095203549954,FALSE,FALSE,FALSE,0.125,FALSE,NA,FALSE,all_pairs_combn
N127,N145,1,1,small_or_isolated_candidate,small_or_isolated_candidate,357.8633911442439,FALSE,FALSE,FALSE,0.125,FALSE,NA,FALSE,all_pairs_combn
N144,N294,1,1,small_or_isolated_candidate,small_or_isolated_candidate,358.36172476536245,FALSE,FALSE,FALSE,0.125,FALSE,NA,FALSE,all_pairs_combn
N143,N294,1,1,small_or_isolated_candidate,small_or_isolated_candidate,358.64773760949055,FALSE,FALSE,FALSE,0.125,FALSE,NA,FALSE,all_pairs_combn
N113,N135,1,1,small_or_isolated_candidate,small_or_isolated_candidate,358.8063366647577,FALSE,FALSE,FALSE,0.125,FALSE,NA,FALSE,all_pairs_combn
N124,N136,1,1,small_or_isolated_candidate,small_or_isolated_candidate,358.9411332972072,FALSE,FALSE,FALSE,0.125,FALSE,NA,FALSE,all_pairs_combn
N211,N69,1,1,small_or_isolated_candidate,small_or_isolated_candidate,358.9974595409875,FALSE,FALSE,FALSE,0.125,FALSE,NA,FALSE,all_pairs_combn
N145,N18,1,1,small_or_isolated_candidate,small_or_isolated_candidate,360.54283732816253,FALSE,FALSE,FALSE,0.125,FALSE,NA,FALSE,all_pairs_combn
N132,N296,1,1,small_or_isolated_candidate,small_or_isolated_candidate,360.84256441283713,FALSE,FALSE,FALSE,0.125,FALSE,NA,FALSE,all_pairs_combn
N107,N62,1,1,small_or_isolated_candidate,small_or_isolated_candidate,360.92982606221847,FALSE,FALSE,FALSE,0.125,FALSE,NA,FALSE,all_pairs_combn
N121,N142,1,1,small_or_isolated_candidate,small_or_isolated_candidate,362.5570673069096,FALSE,FALSE,FALSE,0.125,FALSE,NA,FALSE,all_pairs_combn
N11,N48,1,1,small_or_isolated_candidate,small_or_isolated_candidate,362.92332101915025,FALSE,FALSE,FALSE,0.125,FALSE,NA,FALSE,all_pairs_combn
N18,N294,1,1,small_or_isolated_candidate,small_or_isolated_candidate,362.98900179898754,FALSE,FALSE,FALSE,0.125,FALSE,NA,FALSE,all_pairs_combn
N136,N145,1,1,small_or_isolated_candidate,small_or_isolated_candidate,365.1553992209647,FALSE,FALSE,FALSE,0.125,FALSE,NA,FALSE,all_pairs_combn
N122,N142,1,1,small_or_isolated_candidate,small_or_isolated_candidate,365.33916520485985,FALSE,FALSE,FALSE,0.125,FALSE,NA,FALSE,all_pairs_combn
N123,N142,1,1,small_or_isolated_candidate,small_or_isolated_candidate,365.5081144401779,FALSE,FALSE,FALSE,0.125,FALSE,NA,FALSE,all_pairs_combn
N107,N50,1,1,small_or_isolated_candidate,small_or_isolated_candidate,365.51144194723025,FALSE,FALSE,FALSE,0.125,FALSE,NA,FALSE,all_pairs_combn
N62,N94,1,1,small_or_isolated_candidate,small_or_isolated_candidate,365.6878211728312,FALSE,FALSE,FALSE,0.125,FALSE,NA,FALSE,all_pairs_combn
N107,N49,1,1,small_or_isolated_candidate,small_or_isolated_candidate,365.7823494535382,FALSE,FALSE,FALSE,0.125,FALSE,NA,FALSE,all_pairs_combn
N112,N150,1,1,small_or_isolated_candidate,small_or_isolated_candidate,366.25708929305733,FALSE,FALSE,FALSE,0.125,FALSE,NA,FALSE,all_pairs_combn
N111,N150,1,1,small_or_isolated_candidate,small_or_isolated_candidate,366.6305041499819,FALSE,FALSE,FALSE,0.125,FALSE,NA,FALSE,all_pairs_combn
N122,N124,1,1,small_or_isolated_candidate,small_or_isolated_candidate,366.84859273714403,FALSE,FALSE,FALSE,0.125,FALSE,NA,FALSE,all_pairs_combn
N113,N148,1,1,small_or_isolated_candidate,small_or_isolated_candidate,368.1260543791328,FALSE,FALSE,FALSE,0.125,FALSE,NA,FALSE,all_pairs_combn
N118,N146,1,1,small_or_isolated_candidate,small_or_isolated_candidate,368.5099829700833,FALSE,FALSE,FALSE,0.125,FALSE,NA,FALSE,all_pairs_combn
N147,N296,1,1,small_or_isolated_candidate,small_or_isolated_candidate,368.57863471620414,FALSE,FALSE,FALSE,0.125,FALSE,NA,FALSE,all_pairs_combn
N121,N124,1,1,small_or_isolated_candidate,small_or_isolated_candidate,368.6477136034933,FALSE,FALSE,FALSE,0.125,FALSE,NA,FALSE,all_pairs_combn
N133,N141,1,1,small_or_isolated_candidate,small_or_isolated_candidate,368.6722735905357,FALSE,FALSE,FALSE,0.125,FALSE,NA,FALSE,all_pairs_combn
N131,N147,1,1,small_or_isolated_candidate,small_or_isolated_candidate,368.9633991365503,FALSE,FALSE,FALSE,0.125,FALSE,NA,FALSE,all_pairs_combn
N110,N138,1,1,small_or_isolated_candidate,small_or_isolated_candidate,369.0619288879865,FALSE,FALSE,FALSE,0.125,FALSE,NA,FALSE,all_pairs_combn
N133,N140,1,1,small_or_isolated_candidate,small_or_isolated_candidate,369.1544677485766,FALSE,FALSE,FALSE,0.125,FALSE,NA,FALSE,all_pairs_combn
N121,N147,1,1,small_or_isolated_candidate,small_or_isolated_candidate,369.3574243209618,FALSE,FALSE,FALSE,0.125,FALSE,NA,FALSE,all_pairs_combn
N145,N17,1,1,small_or_isolated_candidate,small_or_isolated_candidate,369.42869568679464,FALSE,FALSE,FALSE,0.125,FALSE,NA,FALSE,all_pairs_combn
N62,N71,1,1,small_or_isolated_candidate,small_or_isolated_candidate,369.473879495262,FALSE,FALSE,FALSE,0.125,FALSE,NA,FALSE,all_pairs_combn
N142,N300,1,1,small_or_isolated_candidate,small_or_isolated_candidate,369.5153614187871,FALSE,FALSE,FALSE,0.125,FALSE,NA,FALSE,all_pairs_combn
N145,N150,1,1,small_or_isolated_candidate,small_or_isolated_candidate,369.6240719118171,FALSE,FALSE,FALSE,0.125,FALSE,NA,FALSE,all_pairs_combn
N123,N124,1,1,small_or_isolated_candidate,small_or_isolated_candidate,369.69305445111337,FALSE,FALSE,FALSE,0.125,FALSE,NA,FALSE,all_pairs_combn
N71,N96,1,1,small_or_isolated_candidate,small_or_isolated_candidate,370.3328660304857,FALSE,FALSE,FALSE,0.125,FALSE,NA,FALSE,all_pairs_combn
N62,N95,1,1,small_or_isolated_candidate,small_or_isolated_candidate,370.41811543538483,FALSE,FALSE,FALSE,0.125,FALSE,NA,FALSE,all_pairs_combn
N17,N62,1,1,small_or_isolated_candidate,small_or_isolated_candidate,371.0830475497287,FALSE,FALSE,FALSE,0.125,FALSE,NA,FALSE,all_pairs_combn
N129,N136,1,1,small_or_isolated_candidate,small_or_isolated_candidate,371.1108215346331,FALSE,FALSE,FALSE,0.125,FALSE,NA,FALSE,all_pairs_combn
N122,N147,1,1,small_or_isolated_candidate,small_or_isolated_candidate,371.42898475139907,FALSE,FALSE,FALSE,0.125,FALSE,NA,FALSE,all_pairs_combn
N135,N212,1,1,small_or_isolated_candidate,small_or_isolated_candidate,371.7858593870418,FALSE,FALSE,FALSE,0.125,FALSE,NA,FALSE,all_pairs_combn
N17,N294,1,1,small_or_isolated_candidate,small_or_isolated_candidate,372.04194663550413,FALSE,FALSE,FALSE,0.125,FALSE,NA,FALSE,all_pairs_combn
N32,N69,1,1,small_or_isolated_candidate,small_or_isolated_candidate,372.04584232482966,FALSE,FALSE,FALSE,0.125,FALSE,NA,FALSE,all_pairs_combn
N149,N211,1,1,small_or_isolated_candidate,small_or_isolated_candidate,372.05130951544623,FALSE,FALSE,FALSE,0.125,FALSE,NA,FALSE,all_pairs_combn
N123,N147,1,1,small_or_isolated_candidate,small_or_isolated_candidate,372.3578004550761,FALSE,FALSE,FALSE,0.125,FALSE,NA,FALSE,all_pairs_combn
N117,N146,1,1,small_or_isolated_candidate,small_or_isolated_candidate,372.8717549497465,FALSE,FALSE,FALSE,0.125,FALSE,NA,FALSE,all_pairs_combn
N63,N71,1,1,small_or_isolated_candidate,small_or_isolated_candidate,373.3630891430405,FALSE,FALSE,FALSE,0.125,FALSE,NA,FALSE,all_pairs_combn
N153,N300,1,1,small_or_isolated_candidate,small_or_isolated_candidate,374.10567143955507,FALSE,FALSE,FALSE,0.125,FALSE,NA,FALSE,all_pairs_combn
N66,N71,1,1,small_or_isolated_candidate,small_or_isolated_candidate,374.19561668889156,FALSE,FALSE,FALSE,0.125,FALSE,NA,FALSE,all_pairs_combn
N110,N136,1,1,small_or_isolated_candidate,small_or_isolated_candidate,374.5083356629084,FALSE,FALSE,FALSE,0.125,FALSE,NA,FALSE,all_pairs_combn
N24,N66,1,1,small_or_isolated_candidate,small_or_isolated_candidate,374.9647443791846,FALSE,FALSE,FALSE,0.125,FALSE,NA,FALSE,all_pairs_combn
N24,N63,1,1,small_or_isolated_candidate,small_or_isolated_candidate,375.7793777015322,FALSE,FALSE,FALSE,0.125,FALSE,NA,FALSE,all_pairs_combn
N48,N51,1,1,small_or_isolated_candidate,small_or_isolated_candidate,375.93837583533065,FALSE,FALSE,FALSE,0.125,FALSE,NA,FALSE,all_pairs_combn
N17,N66,1,1,small_or_isolated_candidate,small_or_isolated_candidate,375.94863497501916,FALSE,FALSE,FALSE,0.125,FALSE,NA,FALSE,all_pairs_combn
N152,N300,1,1,small_or_isolated_candidate,small_or_isolated_candidate,376.2096070384755,FALSE,FALSE,FALSE,0.125,FALSE,NA,FALSE,all_pairs_combn
N107,N66,1,1,small_or_isolated_candidate,small_or_isolated_candidate,376.22626787470097,FALSE,FALSE,FALSE,0.125,FALSE,NA,FALSE,all_pairs_combn
N147,N308,1,1,small_or_isolated_candidate,small_or_isolated_candidate,376.26658483203533,FALSE,FALSE,FALSE,0.125,FALSE,NA,FALSE,all_pairs_combn
N107,N63,1,1,small_or_isolated_candidate,small_or_isolated_candidate,376.3494596320977,FALSE,FALSE,FALSE,0.125,FALSE,NA,FALSE,all_pairs_combn
N150,N18,1,1,small_or_isolated_candidate,small_or_isolated_candidate,376.4941888059711,FALSE,FALSE,FALSE,0.125,FALSE,NA,FALSE,all_pairs_combn
N48,N52,1,1,small_or_isolated_candidate,small_or_isolated_candidate,376.91948003126566,FALSE,FALSE,FALSE,0.125,FALSE,NA,FALSE,all_pairs_combn
N17,N63,1,1,small_or_isolated_candidate,small_or_isolated_candidate,376.9429907870624,FALSE,FALSE,FALSE,0.125,FALSE,NA,FALSE,all_pairs_combn
N35,N67,1,1,small_or_isolated_candidate,small_or_isolated_candidate,378.209036097345,FALSE,FALSE,FALSE,0.125,FALSE,NA,FALSE,all_pairs_combn
N63,N94,1,1,small_or_isolated_candidate,small_or_isolated_candidate,378.28895001281904,FALSE,FALSE,FALSE,0.125,FALSE,NA,FALSE,all_pairs_combn
N66,N94,1,1,small_or_isolated_candidate,small_or_isolated_candidate,378.5976702847197,FALSE,FALSE,FALSE,0.125,FALSE,NA,FALSE,all_pairs_combn
N147,N307,1,1,small_or_isolated_candidate,small_or_isolated_candidate,378.6176914188184,FALSE,FALSE,FALSE,0.125,FALSE,NA,FALSE,all_pairs_combn
N131,N135,1,1,small_or_isolated_candidate,small_or_isolated_candidate,378.715586620068,FALSE,FALSE,FALSE,0.125,FALSE,NA,FALSE,all_pairs_combn
N212,N294,1,1,small_or_isolated_candidate,small_or_isolated_candidate,379.0046081535114,FALSE,FALSE,FALSE,0.125,FALSE,NA,FALSE,all_pairs_combn
N110,N92,1,1,small_or_isolated_candidate,small_or_isolated_candidate,379.30192456473173,FALSE,FALSE,FALSE,0.125,FALSE,NA,FALSE,all_pairs_combn
N110,N95,1,1,small_or_isolated_candidate,small_or_isolated_candidate,379.8845592635832,FALSE,FALSE,FALSE,0.125,FALSE,NA,FALSE,all_pairs_combn
N18,N62,1,1,small_or_isolated_candidate,small_or_isolated_candidate,380.04068808132365,FALSE,FALSE,FALSE,0.125,FALSE,NA,FALSE,all_pairs_combn
N145,N148,1,1,small_or_isolated_candidate,small_or_isolated_candidate,380.56270302631475,FALSE,FALSE,FALSE,0.125,FALSE,NA,FALSE,all_pairs_combn
N24,N62,1,1,small_or_isolated_candidate,small_or_isolated_candidate,380.73069842537,FALSE,FALSE,FALSE,0.125,FALSE,NA,FALSE,all_pairs_combn
N259,N308,1,1,small_or_isolated_candidate,small_or_isolated_candidate,380.7625091521889,FALSE,FALSE,FALSE,0.125,FALSE,NA,FALSE,all_pairs_combn
N104,N71,1,1,small_or_isolated_candidate,small_or_isolated_candidate,380.82039829353937,FALSE,FALSE,FALSE,0.125,FALSE,NA,FALSE,all_pairs_combn
N129,N147,1,1,small_or_isolated_candidate,small_or_isolated_candidate,381.0138077881093,FALSE,FALSE,FALSE,0.125,FALSE,NA,FALSE,all_pairs_combn
N134,N150,1,1,small_or_isolated_candidate,small_or_isolated_candidate,381.35357939685224,FALSE,FALSE,FALSE,0.125,FALSE,NA,FALSE,all_pairs_combn
N135,N151,1,1,small_or_isolated_candidate,small_or_isolated_candidate,381.36434058558547,FALSE,FALSE,FALSE,0.125,FALSE,NA,FALSE,all_pairs_combn
N117,N147,1,1,small_or_isolated_candidate,small_or_isolated_candidate,381.3748426232252,FALSE,FALSE,FALSE,0.125,FALSE,NA,FALSE,all_pairs_combn
N104,N62,1,1,small_or_isolated_candidate,small_or_isolated_candidate,381.87849891757526,FALSE,FALSE,FALSE,0.125,FALSE,NA,FALSE,all_pairs_combn
N125,N207,1,1,small_or_isolated_candidate,small_or_isolated_candidate,381.9956892227899,FALSE,FALSE,FALSE,0.125,FALSE,NA,FALSE,all_pairs_combn
N118,N147,1,1,small_or_isolated_candidate,small_or_isolated_candidate,382.0451028025926,FALSE,FALSE,FALSE,0.125,FALSE,NA,FALSE,all_pairs_combn
N150,N17,1,1,small_or_isolated_candidate,small_or_isolated_candidate,382.57056624917516,FALSE,FALSE,FALSE,0.125,FALSE,NA,FALSE,all_pairs_combn
N141,N18,1,1,small_or_isolated_candidate,small_or_isolated_candidate,382.73017257431917,FALSE,FALSE,FALSE,0.125,FALSE,NA,FALSE,all_pairs_combn
N125,N136,1,1,small_or_isolated_candidate,small_or_isolated_candidate,382.803009647552,FALSE,FALSE,FALSE,0.125,FALSE,NA,FALSE,all_pairs_combn
N119,N133,1,1,small_or_isolated_candidate,small_or_isolated_candidate,382.8775319293861,FALSE,FALSE,FALSE,0.125,FALSE,NA,FALSE,all_pairs_combn
N140,N18,1,1,small_or_isolated_candidate,small_or_isolated_candidate,383.2119859439652,FALSE,FALSE,FALSE,0.125,FALSE,NA,FALSE,all_pairs_combn
N63,N95,1,1,small_or_isolated_candidate,small_or_isolated_candidate,383.34327783036844,FALSE,FALSE,FALSE,0.125,FALSE,NA,FALSE,all_pairs_combn
N66,N95,1,1,small_or_isolated_candidate,small_or_isolated_candidate,383.61896462671837,FALSE,FALSE,FALSE,0.125,FALSE,NA,FALSE,all_pairs_combn
N104,N51,1,1,small_or_isolated_candidate,small_or_isolated_candidate,384.187399676388,FALSE,FALSE,FALSE,0.125,FALSE,NA,FALSE,all_pairs_combn
N104,N52,1,1,small_or_isolated_candidate,small_or_isolated_candidate,384.5263535228816,FALSE,FALSE,FALSE,0.125,FALSE,NA,FALSE,all_pairs_combn
N11,N259,1,1,small_or_isolated_candidate,small_or_isolated_candidate,384.9052101398459,FALSE,FALSE,FALSE,0.125,FALSE,NA,FALSE,all_pairs_combn
N18,N66,1,1,small_or_isolated_candidate,small_or_isolated_candidate,384.95463946062085,FALSE,FALSE,FALSE,0.125,FALSE,NA,FALSE,all_pairs_combn
N104,N48,1,1,small_or_isolated_candidate,small_or_isolated_candidate,385.3437064204019,FALSE,FALSE,FALSE,0.125,FALSE,NA,FALSE,all_pairs_combn
N138,N147,1,1,small_or_isolated_candidate,small_or_isolated_candidate,385.4265429993576,FALSE,FALSE,FALSE,0.125,FALSE,NA,FALSE,all_pairs_combn
N119,N141,1,1,small_or_isolated_candidate,small_or_isolated_candidate,385.5525188354002,FALSE,FALSE,FALSE,0.125,FALSE,NA,FALSE,all_pairs_combn
N121,N294,1,1,small_or_isolated_candidate,small_or_isolated_candidate,385.5851929100854,FALSE,FALSE,FALSE,0.125,FALSE,NA,FALSE,all_pairs_combn
N131,N300,1,1,small_or_isolated_candidate,small_or_isolated_candidate,385.66751046248913,FALSE,FALSE,FALSE,0.125,FALSE,NA,FALSE,all_pairs_combn
N131,N137,1,1,small_or_isolated_candidate,small_or_isolated_candidate,385.8770595746929,FALSE,FALSE,FALSE,0.125,FALSE,NA,FALSE,all_pairs_combn
N18,N63,1,1,small_or_isolated_candidate,small_or_isolated_candidate,385.94874589925115,FALSE,FALSE,FALSE,0.125,FALSE,NA,FALSE,all_pairs_combn
N36,N67,1,1,small_or_isolated_candidate,small_or_isolated_candidate,386.0869142580102,FALSE,FALSE,FALSE,0.125,FALSE,NA,FALSE,all_pairs_combn
N157,N300,1,1,small_or_isolated_candidate,small_or_isolated_candidate,387.3061882043073,FALSE,FALSE,FALSE,0.125,FALSE,NA,FALSE,all_pairs_combn
N118,N259,1,1,small_or_isolated_candidate,small_or_isolated_candidate,387.66398323678055,FALSE,FALSE,FALSE,0.125,FALSE,NA,FALSE,all_pairs_combn
N134,N146,1,1,small_or_isolated_candidate,small_or_isolated_candidate,387.6694958879956,FALSE,FALSE,FALSE,0.125,FALSE,NA,FALSE,all_pairs_combn
N119,N157,1,1,small_or_isolated_candidate,small_or_isolated_candidate,387.67090266400845,FALSE,FALSE,FALSE,0.125,FALSE,NA,FALSE,all_pairs_combn
N126,N48,1,1,small_or_isolated_candidate,small_or_isolated_candidate,387.7427647718422,FALSE,FALSE,FALSE,0.125,FALSE,NA,FALSE,all_pairs_combn
N123,N294,1,1,small_or_isolated_candidate,small_or_isolated_candidate,387.77192906503825,FALSE,FALSE,FALSE,0.125,FALSE,NA,FALSE,all_pairs_combn
N134,N147,1,1,small_or_isolated_candidate,small_or_isolated_candidate,387.8544842727701,FALSE,FALSE,FALSE,0.125,FALSE,NA,FALSE,all_pairs_combn
N149,N308,1,1,small_or_isolated_candidate,small_or_isolated_candidate,388.17992687259,FALSE,FALSE,FALSE,0.125,FALSE,NA,FALSE,all_pairs_combn
N122,N129,1,1,small_or_isolated_candidate,small_or_isolated_candidate,388.5950357227195,FALSE,FALSE,FALSE,0.125,FALSE,NA,FALSE,all_pairs_combn
N112,N259,1,1,small_or_isolated_candidate,small_or_isolated_candidate,388.9007325265449,FALSE,FALSE,FALSE,0.125,FALSE,NA,FALSE,all_pairs_combn
N122,N294,1,1,small_or_isolated_candidate,small_or_isolated_candidate,389.1398140374122,FALSE,FALSE,FALSE,0.125,FALSE,NA,FALSE,all_pairs_combn
N119,N48,1,1,small_or_isolated_candidate,small_or_isolated_candidate,389.33549369074797,FALSE,FALSE,FALSE,0.125,FALSE,NA,FALSE,all_pairs_combn
N111,N259,1,1,small_or_isolated_candidate,small_or_isolated_candidate,389.6756862944179,FALSE,FALSE,FALSE,0.125,FALSE,NA,FALSE,all_pairs_combn
N119,N140,1,1,small_or_isolated_candidate,small_or_isolated_candidate,389.79631913056653,FALSE,FALSE,FALSE,0.125,FALSE,NA,FALSE,all_pairs_combn
N121,N129,1,1,small_or_isolated_candidate,small_or_isolated_candidate,390.09656349148497,FALSE,FALSE,FALSE,0.125,FALSE,NA,FALSE,all_pairs_combn
N50,N92,1,1,small_or_isolated_candidate,small_or_isolated_candidate,390.69639081665395,FALSE,FALSE,FALSE,0.125,FALSE,NA,FALSE,all_pairs_combn
N142,N304,1,1,small_or_isolated_candidate,small_or_isolated_candidate,390.7506011582845,FALSE,FALSE,FALSE,0.125,FALSE,NA,FALSE,all_pairs_combn
N123,N129,1,1,small_or_isolated_candidate,small_or_isolated_candidate,391.4004788723863,FALSE,FALSE,FALSE,0.125,FALSE,NA,FALSE,all_pairs_combn
N141,N17,1,1,small_or_isolated_candidate,small_or_isolated_candidate,391.73886964188273,FALSE,FALSE,FALSE,0.125,FALSE,NA,FALSE,all_pairs_combn
N129,N207,1,1,small_or_isolated_candidate,small_or_isolated_candidate,391.82140138957715,FALSE,FALSE,FALSE,0.125,FALSE,NA,FALSE,all_pairs_combn
N49,N92,1,1,small_or_isolated_candidate,small_or_isolated_candidate,392.069518250766,FALSE,FALSE,FALSE,0.125,FALSE,NA,FALSE,all_pairs_combn
N140,N17,1,1,small_or_isolated_candidate,small_or_isolated_candidate,392.2325195479003,FALSE,FALSE,FALSE,0.125,FALSE,NA,FALSE,all_pairs_combn
N132,N294,1,1,small_or_isolated_candidate,small_or_isolated_candidate,392.31476018277635,FALSE,FALSE,FALSE,0.125,FALSE,NA,FALSE,all_pairs_combn
N18,N308,1,1,small_or_isolated_candidate,small_or_isolated_candidate,392.64995948930056,FALSE,FALSE,FALSE,0.125,FALSE,NA,FALSE,all_pairs_combn
N110,N94,1,1,small_or_isolated_candidate,small_or_isolated_candidate,392.9547304620052,FALSE,FALSE,FALSE,0.125,FALSE,NA,FALSE,all_pairs_combn
N146,N296,1,1,small_or_isolated_candidate,small_or_isolated_candidate,392.96033003564077,FALSE,FALSE,FALSE,0.125,FALSE,NA,FALSE,all_pairs_combn
N142,N305,1,1,small_or_isolated_candidate,small_or_isolated_candidate,393.04282167970183,FALSE,FALSE,FALSE,0.125,FALSE,NA,FALSE,all_pairs_combn
N129,N146,1,1,small_or_isolated_candidate,small_or_isolated_candidate,393.7560948842471,FALSE,FALSE,FALSE,0.125,FALSE,NA,FALSE,all_pairs_combn
N122,N125,1,1,small_or_isolated_candidate,small_or_isolated_candidate,393.8087627082313,FALSE,FALSE,FALSE,0.125,FALSE,NA,FALSE,all_pairs_combn
N148,N307,1,1,small_or_isolated_candidate,small_or_isolated_candidate,393.82198978602474,FALSE,FALSE,FALSE,0.125,FALSE,NA,FALSE,all_pairs_combn
N32,N68,1,1,small_or_isolated_candidate,small_or_isolated_candidate,394.0789846094559,FALSE,FALSE,FALSE,0.125,FALSE,NA,FALSE,all_pairs_combn
N111,N211,1,1,small_or_isolated_candidate,small_or_isolated_candidate,394.1692147893781,FALSE,FALSE,FALSE,0.125,FALSE,NA,FALSE,all_pairs_combn
N61,N93,1,1,small_or_isolated_candidate,small_or_isolated_candidate,394.2404333302367,FALSE,FALSE,FALSE,0.125,FALSE,NA,FALSE,all_pairs_combn
N136,N212,1,1,small_or_isolated_candidate,small_or_isolated_candidate,394.29411078797625,FALSE,FALSE,FALSE,0.125,FALSE,NA,FALSE,all_pairs_combn
N104,N50,1,1,small_or_isolated_candidate,small_or_isolated_candidate,394.69457436598424,FALSE,FALSE,FALSE,0.125,FALSE,NA,FALSE,all_pairs_combn
N104,N49,1,1,small_or_isolated_candidate,small_or_isolated_candidate,395.1387268473281,FALSE,FALSE,FALSE,0.125,FALSE,NA,FALSE,all_pairs_combn
N153,N304,1,1,small_or_isolated_candidate,small_or_isolated_candidate,395.23985236044524,FALSE,FALSE,FALSE,0.125,FALSE,NA,FALSE,all_pairs_combn
N107,N71,1,1,small_or_isolated_candidate,small_or_isolated_candidate,395.3082479451037,FALSE,FALSE,FALSE,0.125,FALSE,NA,FALSE,all_pairs_combn
N121,N125,1,1,small_or_isolated_candidate,small_or_isolated_candidate,395.53329997038173,FALSE,FALSE,FALSE,0.125,FALSE,NA,FALSE,all_pairs_combn
N126,N148,1,1,small_or_isolated_candidate,small_or_isolated_candidate,395.63203351805976,FALSE,FALSE,FALSE,0.125,FALSE,NA,FALSE,all_pairs_combn
N50,N93,1,1,small_or_isolated_candidate,small_or_isolated_candidate,396.1979541679203,FALSE,FALSE,FALSE,0.125,FALSE,NA,FALSE,all_pairs_combn
N123,N125,1,1,small_or_isolated_candidate,small_or_isolated_candidate,396.64567886245953,FALSE,FALSE,FALSE,0.125,FALSE,NA,FALSE,all_pairs_combn
N112,N211,1,1,small_or_isolated_candidate,small_or_isolated_candidate,396.67915572331765,FALSE,FALSE,FALSE,0.125,FALSE,NA,FALSE,all_pairs_combn
N104,N66,1,1,small_or_isolated_candidate,small_or_isolated_candidate,396.96350589419785,FALSE,FALSE,FALSE,0.125,FALSE,NA,FALSE,all_pairs_combn
N104,N63,1,1,small_or_isolated_candidate,small_or_isolated_candidate,397.00891177850116,FALSE,FALSE,FALSE,0.125,FALSE,NA,FALSE,all_pairs_combn
N141,N48,1,1,small_or_isolated_candidate,small_or_isolated_candidate,397.1976593352859,FALSE,FALSE,FALSE,0.125,FALSE,NA,FALSE,all_pairs_combn
N148,N308,1,1,small_or_isolated_candidate,small_or_isolated_candidate,397.23727908217916,FALSE,FALSE,FALSE,0.125,FALSE,NA,FALSE,all_pairs_combn
N152,N304,1,1,small_or_isolated_candidate,small_or_isolated_candidate,397.3815747816403,FALSE,FALSE,FALSE,0.125,FALSE,NA,FALSE,all_pairs_combn
N126,N142,1,1,small_or_isolated_candidate,small_or_isolated_candidate,397.54963310449693,FALSE,FALSE,FALSE,0.125,FALSE,NA,FALSE,all_pairs_combn
N124,N150,1,1,small_or_isolated_candidate,small_or_isolated_candidate,397.64235319461255,FALSE,FALSE,FALSE,0.125,FALSE,NA,FALSE,all_pairs_combn
N49,N93,1,1,small_or_isolated_candidate,small_or_isolated_candidate,398.145480429428,FALSE,FALSE,FALSE,0.125,FALSE,NA,FALSE,all_pairs_combn
N149,N307,1,1,small_or_isolated_candidate,small_or_isolated_candidate,398.4612103335106,FALSE,FALSE,FALSE,0.125,FALSE,NA,FALSE,all_pairs_combn
N128,N294,1,1,small_or_isolated_candidate,small_or_isolated_candidate,398.73262822252707,FALSE,FALSE,FALSE,0.125,FALSE,NA,FALSE,all_pairs_combn
N124,N147,1,1,small_or_isolated_candidate,small_or_isolated_candidate,399.3591101273126,FALSE,FALSE,FALSE,0.125,FALSE,NA,FALSE,all_pairs_combn
N136,N157,1,1,small_or_isolated_candidate,small_or_isolated_candidate,400.54784052973594,FALSE,FALSE,FALSE,0.125,FALSE,NA,FALSE,all_pairs_combn
N127,N294,1,1,small_or_isolated_candidate,small_or_isolated_candidate,400.7994407068001,FALSE,FALSE,FALSE,0.125,FALSE,NA,FALSE,all_pairs_combn
N140,N48,1,1,small_or_isolated_candidate,small_or_isolated_candidate,400.9330371234898,FALSE,FALSE,FALSE,0.125,FALSE,NA,FALSE,all_pairs_combn
N17,N308,1,1,small_or_isolated_candidate,small_or_isolated_candidate,401.30589241725295,FALSE,FALSE,FALSE,0.125,FALSE,NA,FALSE,all_pairs_combn
N131,N304,1,1,small_or_isolated_candidate,small_or_isolated_candidate,401.4639282214146,FALSE,FALSE,FALSE,0.125,FALSE,NA,FALSE,all_pairs_combn
N124,N146,1,1,small_or_isolated_candidate,small_or_isolated_candidate,401.8009575572451,FALSE,FALSE,FALSE,0.125,FALSE,NA,FALSE,all_pairs_combn
N51,N92,1,1,small_or_isolated_candidate,small_or_isolated_candidate,401.83470944835284,FALSE,FALSE,FALSE,0.125,FALSE,NA,FALSE,all_pairs_combn
N52,N92,1,1,small_or_isolated_candidate,small_or_isolated_candidate,401.8597414227112,FALSE,FALSE,FALSE,0.125,FALSE,NA,FALSE,all_pairs_combn
N117,N259,1,1,small_or_isolated_candidate,small_or_isolated_candidate,401.885594515298,FALSE,FALSE,FALSE,0.125,FALSE,NA,FALSE,all_pairs_combn
N144,N48,1,1,small_or_isolated_candidate,small_or_isolated_candidate,402.3250059400675,FALSE,FALSE,FALSE,0.125,FALSE,NA,FALSE,all_pairs_combn
N211,N259,1,1,small_or_isolated_candidate,small_or_isolated_candidate,402.74427485478657,FALSE,FALSE,FALSE,0.125,FALSE,NA,FALSE,all_pairs_combn
N62,N96,1,1,small_or_isolated_candidate,small_or_isolated_candidate,402.8260000548705,FALSE,FALSE,FALSE,0.125,FALSE,NA,FALSE,all_pairs_combn
N11,N145,1,1,small_or_isolated_candidate,small_or_isolated_candidate,403.0975066926986,FALSE,FALSE,FALSE,0.125,FALSE,NA,FALSE,all_pairs_combn
N146,N48,1,1,small_or_isolated_candidate,small_or_isolated_candidate,403.4347833484554,FALSE,FALSE,FALSE,0.125,FALSE,NA,FALSE,all_pairs_combn
N111,N136,1,1,small_or_isolated_candidate,small_or_isolated_candidate,404.2854973375669,FALSE,FALSE,FALSE,0.125,FALSE,NA,FALSE,all_pairs_combn
N112,N136,1,1,small_or_isolated_candidate,small_or_isolated_candidate,404.2863744025215,FALSE,FALSE,FALSE,0.125,FALSE,NA,FALSE,all_pairs_combn
N148,N150,1,1,small_or_isolated_candidate,small_or_isolated_candidate,404.4205377212478,FALSE,FALSE,FALSE,0.125,FALSE,NA,FALSE,all_pairs_combn
N125,N147,1,1,small_or_isolated_candidate,small_or_isolated_candidate,406.7128963270451,FALSE,FALSE,FALSE,0.125,FALSE,NA,FALSE,all_pairs_combn
N259,N307,1,1,small_or_isolated_candidate,small_or_isolated_candidate,407.2987867200391,FALSE,FALSE,FALSE,0.125,FALSE,NA,FALSE,all_pairs_combn
N149,N48,1,1,small_or_isolated_candidate,small_or_isolated_candidate,408.03328263248744,FALSE,FALSE,FALSE,0.125,FALSE,NA,FALSE,all_pairs_combn
N124,N207,1,1,small_or_isolated_candidate,small_or_isolated_candidate,408.1777785258233,FALSE,FALSE,FALSE,0.125,FALSE,NA,FALSE,all_pairs_combn
N145,N292,1,1,small_or_isolated_candidate,small_or_isolated_candidate,408.2298093079316,FALSE,FALSE,FALSE,0.125,FALSE,NA,FALSE,all_pairs_combn
N157,N304,1,1,small_or_isolated_candidate,small_or_isolated_candidate,408.7099965134916,FALSE,FALSE,FALSE,0.125,FALSE,NA,FALSE,all_pairs_combn
N143,N145,1,1,small_or_isolated_candidate,small_or_isolated_candidate,409.14626119273817,FALSE,FALSE,FALSE,0.125,FALSE,NA,FALSE,all_pairs_combn
N144,N145,1,1,small_or_isolated_candidate,small_or_isolated_candidate,409.2637787468719,FALSE,FALSE,FALSE,0.125,FALSE,NA,FALSE,all_pairs_combn
N123,N18,1,1,small_or_isolated_candidate,small_or_isolated_candidate,409.29375488203175,FALSE,FALSE,FALSE,0.125,FALSE,NA,FALSE,all_pairs_combn
N121,N18,1,1,small_or_isolated_candidate,small_or_isolated_candidate,409.68881427319934,FALSE,FALSE,FALSE,0.125,FALSE,NA,FALSE,all_pairs_combn
N11,N294,1,1,small_or_isolated_candidate,small_or_isolated_candidate,410.2709616960034,FALSE,FALSE,FALSE,0.125,FALSE,NA,FALSE,all_pairs_combn
N61,N92,1,1,small_or_isolated_candidate,small_or_isolated_candidate,410.5282561512922,FALSE,FALSE,FALSE,0.125,FALSE,NA,FALSE,all_pairs_combn
N133,N294,1,1,small_or_isolated_candidate,small_or_isolated_candidate,410.6199531130371,FALSE,FALSE,FALSE,0.125,FALSE,NA,FALSE,all_pairs_combn
N153,N305,1,1,small_or_isolated_candidate,small_or_isolated_candidate,411.00674677904226,FALSE,FALSE,FALSE,0.125,FALSE,NA,FALSE,all_pairs_combn
N135,N153,1,1,small_or_isolated_candidate,small_or_isolated_candidate,411.92093129586016,FALSE,FALSE,FALSE,0.125,FALSE,NA,FALSE,all_pairs_combn
N135,N152,1,1,small_or_isolated_candidate,small_or_isolated_candidate,412.07723367154523,FALSE,FALSE,FALSE,0.125,FALSE,NA,FALSE,all_pairs_combn
N122,N18,1,1,small_or_isolated_candidate,small_or_isolated_candidate,412.1282517251299,FALSE,FALSE,FALSE,0.125,FALSE,NA,FALSE,all_pairs_combn
N119,N152,1,1,small_or_isolated_candidate,small_or_isolated_candidate,412.72103762314964,FALSE,FALSE,FALSE,0.125,FALSE,NA,FALSE,all_pairs_combn
N152,N305,1,1,small_or_isolated_candidate,small_or_isolated_candidate,412.91116411410076,FALSE,FALSE,FALSE,0.125,FALSE,NA,FALSE,all_pairs_combn
N136,N308,1,1,small_or_isolated_candidate,small_or_isolated_candidate,413.1885291837924,FALSE,FALSE,FALSE,0.125,FALSE,NA,FALSE,all_pairs_combn
N112,N95,1,1,small_or_isolated_candidate,small_or_isolated_candidate,413.29765378398116,FALSE,FALSE,FALSE,0.125,FALSE,NA,FALSE,all_pairs_combn
N148,N259,1,1,small_or_isolated_candidate,small_or_isolated_candidate,413.4486403840643,FALSE,FALSE,FALSE,0.125,FALSE,NA,FALSE,all_pairs_combn
N48,N96,1,1,small_or_isolated_candidate,small_or_isolated_candidate,413.71469267336624,FALSE,FALSE,FALSE,0.125,FALSE,NA,FALSE,all_pairs_combn
N129,N150,1,1,small_or_isolated_candidate,small_or_isolated_candidate,413.88618112329794,FALSE,FALSE,FALSE,0.125,FALSE,NA,FALSE,all_pairs_combn
N51,N96,1,1,small_or_isolated_candidate,small_or_isolated_candidate,414.3500340250475,FALSE,FALSE,FALSE,0.125,FALSE,NA,FALSE,all_pairs_combn
N123,N17,1,1,small_or_isolated_candidate,small_or_isolated_candidate,414.3848649854984,FALSE,FALSE,FALSE,0.125,FALSE,NA,FALSE,all_pairs_combn
N52,N96,1,1,small_or_isolated_candidate,small_or_isolated_candidate,414.656046130218,FALSE,FALSE,FALSE,0.125,FALSE,NA,FALSE,all_pairs_combn
N121,N17,1,1,small_or_isolated_candidate,small_or_isolated_candidate,414.83406507789596,FALSE,FALSE,FALSE,0.125,FALSE,NA,FALSE,all_pairs_combn
N145,N212,1,1,small_or_isolated_candidate,small_or_isolated_candidate,415.3093185734589,FALSE,FALSE,FALSE,0.125,FALSE,NA,FALSE,all_pairs_combn
N125,N146,1,1,small_or_isolated_candidate,small_or_isolated_candidate,415.8488205474398,FALSE,FALSE,FALSE,0.125,FALSE,NA,FALSE,all_pairs_combn
N135,N148,1,1,small_or_isolated_candidate,small_or_isolated_candidate,415.9199435053092,FALSE,FALSE,FALSE,0.125,FALSE,NA,FALSE,all_pairs_combn
N111,N95,1,1,small_or_isolated_candidate,small_or_isolated_candidate,416.00653686120074,FALSE,FALSE,FALSE,0.125,FALSE,NA,FALSE,all_pairs_combn
N119,N153,1,1,small_or_isolated_candidate,small_or_isolated_candidate,416.4188329523723,FALSE,FALSE,FALSE,0.125,FALSE,NA,FALSE,all_pairs_combn
N122,N17,1,1,small_or_isolated_candidate,small_or_isolated_candidate,417.22564518674517,FALSE,FALSE,FALSE,0.125,FALSE,NA,FALSE,all_pairs_combn
N129,N148,1,1,small_or_isolated_candidate,small_or_isolated_candidate,417.6166748876317,FALSE,FALSE,FALSE,0.125,FALSE,NA,FALSE,all_pairs_combn
N63,N96,1,1,small_or_isolated_candidate,small_or_isolated_candidate,417.6497684348567,FALSE,FALSE,FALSE,0.125,FALSE,NA,FALSE,all_pairs_combn
N66,N96,1,1,small_or_isolated_candidate,small_or_isolated_candidate,417.6681392310441,FALSE,FALSE,FALSE,0.125,FALSE,NA,FALSE,all_pairs_combn
N143,N48,1,1,small_or_isolated_candidate,small_or_isolated_candidate,418.12557724951154,FALSE,FALSE,FALSE,0.125,FALSE,NA,FALSE,all_pairs_combn
N107,N61,1,1,small_or_isolated_candidate,small_or_isolated_candidate,418.17881289661466,FALSE,FALSE,FALSE,0.125,FALSE,NA,FALSE,all_pairs_combn
N135,N157,1,1,small_or_isolated_candidate,small_or_isolated_candidate,418.27779980771066,FALSE,FALSE,FALSE,0.125,FALSE,NA,FALSE,all_pairs_combn
N50,N94,1,1,small_or_isolated_candidate,small_or_isolated_candidate,418.8625910861573,FALSE,FALSE,FALSE,0.125,FALSE,NA,FALSE,all_pairs_combn
N112,N92,1,1,small_or_isolated_candidate,small_or_isolated_candidate,418.87607716812187,FALSE,FALSE,FALSE,0.125,FALSE,NA,FALSE,all_pairs_combn
N150,N308,1,1,small_or_isolated_candidate,small_or_isolated_candidate,419.24205490734414,FALSE,FALSE,FALSE,0.125,FALSE,NA,FALSE,all_pairs_combn
N131,N307,1,1,small_or_isolated_candidate,small_or_isolated_candidate,419.526261241371,FALSE,FALSE,FALSE,0.125,FALSE,NA,FALSE,all_pairs_combn
N50,N95,1,1,small_or_isolated_candidate,small_or_isolated_candidate,419.8826378513593,FALSE,FALSE,FALSE,0.125,FALSE,NA,FALSE,all_pairs_combn
N49,N94,1,1,small_or_isolated_candidate,small_or_isolated_candidate,420.27443843016823,FALSE,FALSE,FALSE,0.125,FALSE,NA,FALSE,all_pairs_combn
N49,N95,1,1,small_or_isolated_candidate,small_or_isolated_candidate,421.2046150379791,FALSE,FALSE,FALSE,0.125,FALSE,NA,FALSE,all_pairs_combn
N136,N18,1,1,small_or_isolated_candidate,small_or_isolated_candidate,421.3186807112578,FALSE,FALSE,FALSE,0.125,FALSE,NA,FALSE,all_pairs_combn
N52,N93,1,1,small_or_isolated_candidate,small_or_isolated_candidate,421.4683887689724,FALSE,FALSE,FALSE,0.125,FALSE,NA,FALSE,all_pairs_combn
N51,N93,1,1,small_or_isolated_candidate,small_or_isolated_candidate,421.6563674355302,FALSE,FALSE,FALSE,0.125,FALSE,NA,FALSE,all_pairs_combn
N111,N92,1,1,small_or_isolated_candidate,small_or_isolated_candidate,421.718690354625,FALSE,FALSE,FALSE,0.125,FALSE,NA,FALSE,all_pairs_combn
N126,N212,1,1,small_or_isolated_candidate,small_or_isolated_candidate,421.9233685548246,FALSE,FALSE,FALSE,0.125,FALSE,NA,FALSE,all_pairs_combn
N50,N96,1,1,small_or_isolated_candidate,small_or_isolated_candidate,422.17337422376596,FALSE,FALSE,FALSE,0.125,FALSE,NA,FALSE,all_pairs_combn
N211,N48,1,1,small_or_isolated_candidate,small_or_isolated_candidate,422.49761688297195,FALSE,FALSE,FALSE,0.125,FALSE,NA,FALSE,all_pairs_combn
N157,N305,1,1,small_or_isolated_candidate,small_or_isolated_candidate,422.5151370513164,FALSE,FALSE,FALSE,0.125,FALSE,NA,FALSE,all_pairs_combn
N107,N20,1,1,small_or_isolated_candidate,small_or_isolated_candidate,422.540132071965,FALSE,FALSE,FALSE,0.125,FALSE,NA,FALSE,all_pairs_combn
N212,N307,1,1,small_or_isolated_candidate,small_or_isolated_candidate,422.58398650868264,FALSE,FALSE,FALSE,0.125,FALSE,NA,FALSE,all_pairs_combn
N49,N96,1,1,small_or_isolated_candidate,small_or_isolated_candidate,422.75249539606,FALSE,FALSE,FALSE,0.125,FALSE,NA,FALSE,all_pairs_combn
N107,N21,1,1,small_or_isolated_candidate,small_or_isolated_candidate,422.9242539488031,FALSE,FALSE,FALSE,0.125,FALSE,NA,FALSE,all_pairs_combn
N125,N150,1,1,small_or_isolated_candidate,small_or_isolated_candidate,423.0109653938479,FALSE,FALSE,FALSE,0.125,FALSE,NA,FALSE,all_pairs_combn
N136,N152,1,1,small_or_isolated_candidate,small_or_isolated_candidate,423.0530089277929,FALSE,FALSE,FALSE,0.125,FALSE,NA,FALSE,all_pairs_combn
N18,N307,1,1,small_or_isolated_candidate,small_or_isolated_candidate,423.16870136001506,FALSE,FALSE,FALSE,0.125,FALSE,NA,FALSE,all_pairs_combn
N134,N207,1,1,small_or_isolated_candidate,small_or_isolated_candidate,424.267753568943,FALSE,FALSE,FALSE,0.125,FALSE,NA,FALSE,all_pairs_combn
N146,N211,1,1,small_or_isolated_candidate,small_or_isolated_candidate,425.9200566749044,FALSE,FALSE,FALSE,0.125,FALSE,NA,FALSE,all_pairs_combn
N136,N153,1,1,small_or_isolated_candidate,small_or_isolated_candidate,426.1020959291008,FALSE,FALSE,FALSE,0.125,FALSE,NA,FALSE,all_pairs_combn
N112,N94,1,1,small_or_isolated_candidate,small_or_isolated_candidate,427.1801314256696,FALSE,FALSE,FALSE,0.125,FALSE,NA,FALSE,all_pairs_combn
N138,N142,1,1,small_or_isolated_candidate,small_or_isolated_candidate,427.40164704606934,FALSE,FALSE,FALSE,0.125,FALSE,NA,FALSE,all_pairs_combn
N65,N93,1,1,small_or_isolated_candidate,small_or_isolated_candidate,427.43362441955907,FALSE,FALSE,FALSE,0.125,FALSE,NA,FALSE,all_pairs_combn
N113,N142,1,1,small_or_isolated_candidate,small_or_isolated_candidate,427.7062181459587,FALSE,FALSE,FALSE,0.125,FALSE,NA,FALSE,all_pairs_combn
N136,N17,1,1,small_or_isolated_candidate,small_or_isolated_candidate,427.96293788148137,FALSE,FALSE,FALSE,0.125,FALSE,NA,FALSE,all_pairs_combn
N212,N308,1,1,small_or_isolated_candidate,small_or_isolated_candidate,428.4895645335178,FALSE,FALSE,FALSE,0.125,FALSE,NA,FALSE,all_pairs_combn
N110,N51,1,1,small_or_isolated_candidate,small_or_isolated_candidate,428.5165666413727,FALSE,FALSE,FALSE,0.125,FALSE,NA,FALSE,all_pairs_combn
N111,N126,1,1,small_or_isolated_candidate,small_or_isolated_candidate,428.5853155216063,FALSE,FALSE,FALSE,0.125,FALSE,NA,FALSE,all_pairs_combn
N110,N52,1,1,small_or_isolated_candidate,small_or_isolated_candidate,429.33720123945193,FALSE,FALSE,FALSE,0.125,FALSE,NA,FALSE,all_pairs_combn
N51,N95,1,1,small_or_isolated_candidate,small_or_isolated_candidate,429.42263608878045,FALSE,FALSE,FALSE,0.125,FALSE,NA,FALSE,all_pairs_combn
N52,N95,1,1,small_or_isolated_candidate,small_or_isolated_candidate,429.4767453550808,FALSE,FALSE,FALSE,0.125,FALSE,NA,FALSE,all_pairs_combn
N117,N148,1,1,small_or_isolated_candidate,small_or_isolated_candidate,429.5484543236498,FALSE,FALSE,FALSE,0.125,FALSE,NA,FALSE,all_pairs_combn
N111,N94,1,1,small_or_isolated_candidate,small_or_isolated_candidate,429.9008086113053,FALSE,FALSE,FALSE,0.125,FALSE,NA,FALSE,all_pairs_combn
N131,N305,1,1,small_or_isolated_candidate,small_or_isolated_candidate,429.98106997513446,FALSE,FALSE,FALSE,0.125,FALSE,NA,FALSE,all_pairs_combn
N112,N126,1,1,small_or_isolated_candidate,small_or_isolated_candidate,430.43366938717264,FALSE,FALSE,FALSE,0.125,FALSE,NA,FALSE,all_pairs_combn
N129,N212,1,1,small_or_isolated_candidate,small_or_isolated_candidate,430.44885310311923,FALSE,FALSE,FALSE,0.125,FALSE,NA,FALSE,all_pairs_combn
N51,N94,1,1,small_or_isolated_candidate,small_or_isolated_candidate,430.59372930582595,FALSE,FALSE,FALSE,0.125,FALSE,NA,FALSE,all_pairs_combn
N52,N94,1,1,small_or_isolated_candidate,small_or_isolated_candidate,430.61534770477857,FALSE,FALSE,FALSE,0.125,FALSE,NA,FALSE,all_pairs_combn
N134,N259,1,1,small_or_isolated_candidate,small_or_isolated_candidate,430.6483749879985,FALSE,FALSE,FALSE,0.125,FALSE,NA,FALSE,all_pairs_combn
N121,N145,1,1,small_or_isolated_candidate,small_or_isolated_candidate,430.7751264075409,FALSE,FALSE,FALSE,0.125,FALSE,NA,FALSE,all_pairs_combn
N118,N69,1,1,small_or_isolated_candidate,small_or_isolated_candidate,430.87138784351623,FALSE,FALSE,FALSE,0.125,FALSE,NA,FALSE,all_pairs_combn
N11,N308,1,1,small_or_isolated_candidate,small_or_isolated_candidate,431.1153902546759,FALSE,FALSE,FALSE,0.125,FALSE,NA,FALSE,all_pairs_combn
N134,N148,1,1,small_or_isolated_candidate,small_or_isolated_candidate,431.5579392014803,FALSE,FALSE,FALSE,0.125,FALSE,NA,FALSE,all_pairs_combn
N17,N307,1,1,small_or_isolated_candidate,small_or_isolated_candidate,431.7669222471747,FALSE,FALSE,FALSE,0.125,FALSE,NA,FALSE,all_pairs_combn
N11,N150,1,1,small_or_isolated_candidate,small_or_isolated_candidate,431.98085915529106,FALSE,FALSE,FALSE,0.125,FALSE,NA,FALSE,all_pairs_combn
N118,N148,1,1,small_or_isolated_candidate,small_or_isolated_candidate,432.636998418642,FALSE,FALSE,FALSE,0.125,FALSE,NA,FALSE,all_pairs_combn
N123,N145,1,1,small_or_isolated_candidate,small_or_isolated_candidate,432.83200716169085,FALSE,FALSE,FALSE,0.125,FALSE,NA,FALSE,all_pairs_combn
N294,N48,1,1,small_or_isolated_candidate,small_or_isolated_candidate,432.8843293925873,FALSE,FALSE,FALSE,0.125,FALSE,NA,FALSE,all_pairs_combn
N113,N147,1,1,small_or_isolated_candidate,small_or_isolated_candidate,433.6451814932043,FALSE,FALSE,FALSE,0.125,FALSE,NA,FALSE,all_pairs_combn
N124,N69,1,1,small_or_isolated_candidate,small_or_isolated_candidate,434.30788702443397,FALSE,FALSE,FALSE,0.125,FALSE,NA,FALSE,all_pairs_combn
N122,N145,1,1,small_or_isolated_candidate,small_or_isolated_candidate,434.3493873883147,FALSE,FALSE,FALSE,0.125,FALSE,NA,FALSE,all_pairs_combn
N11,N141,1,1,small_or_isolated_candidate,small_or_isolated_candidate,434.70857766581935,FALSE,FALSE,FALSE,0.125,FALSE,NA,FALSE,all_pairs_combn
N11,N140,1,1,small_or_isolated_candidate,small_or_isolated_candidate,434.91662813086106,FALSE,FALSE,FALSE,0.125,FALSE,NA,FALSE,all_pairs_combn
N48,N49,1,1,small_or_isolated_candidate,small_or_isolated_candidate,435.21725533248303,FALSE,FALSE,FALSE,0.125,FALSE,NA,FALSE,all_pairs_combn
N117,N69,1,1,small_or_isolated_candidate,small_or_isolated_candidate,435.37654556579866,FALSE,FALSE,FALSE,0.125,FALSE,NA,FALSE,all_pairs_combn
N136,N307,1,1,small_or_isolated_candidate,small_or_isolated_candidate,435.38823162939843,FALSE,FALSE,FALSE,0.125,FALSE,NA,FALSE,all_pairs_combn
N61,N94,1,1,small_or_isolated_candidate,small_or_isolated_candidate,436.6093810787983,FALSE,FALSE,FALSE,0.125,FALSE,NA,FALSE,all_pairs_combn
N30,N48,1,1,small_or_isolated_candidate,small_or_isolated_candidate,437.1249545257167,FALSE,FALSE,FALSE,0.125,FALSE,NA,FALSE,all_pairs_combn
N48,N50,1,1,small_or_isolated_candidate,small_or_isolated_candidate,437.39933401711227,FALSE,FALSE,FALSE,0.125,FALSE,NA,FALSE,all_pairs_combn
N20,N93,1,1,small_or_isolated_candidate,small_or_isolated_candidate,437.70714836106845,FALSE,FALSE,FALSE,0.125,FALSE,NA,FALSE,all_pairs_combn
N61,N71,1,1,small_or_isolated_candidate,small_or_isolated_candidate,437.75088558341406,FALSE,FALSE,FALSE,0.125,FALSE,NA,FALSE,all_pairs_combn
N118,N48,1,1,small_or_isolated_candidate,small_or_isolated_candidate,438.4846119512069,FALSE,FALSE,FALSE,0.125,FALSE,NA,FALSE,all_pairs_combn
N131,N146,1,1,small_or_isolated_candidate,small_or_isolated_candidate,438.4953184282018,FALSE,FALSE,FALSE,0.125,FALSE,NA,FALSE,all_pairs_combn
N110,N211,1,1,small_or_isolated_candidate,small_or_isolated_candidate,438.9722196899797,FALSE,FALSE,FALSE,0.125,FALSE,NA,FALSE,all_pairs_combn
N134,N69,1,1,small_or_isolated_candidate,small_or_isolated_candidate,439.70595440455037,FALSE,FALSE,FALSE,0.125,FALSE,NA,FALSE,all_pairs_combn
N20,N92,1,1,small_or_isolated_candidate,small_or_isolated_candidate,440.047417564086,FALSE,FALSE,FALSE,0.125,FALSE,NA,FALSE,all_pairs_combn
N61,N95,1,1,small_or_isolated_candidate,small_or_isolated_candidate,440.67970846691753,FALSE,FALSE,FALSE,0.125,FALSE,NA,FALSE,all_pairs_combn
N113,N300,1,1,small_or_isolated_candidate,small_or_isolated_candidate,441.063593430409,FALSE,FALSE,FALSE,0.125,FALSE,NA,FALSE,all_pairs_combn
N124,N148,1,1,small_or_isolated_candidate,small_or_isolated_candidate,441.3049344088485,FALSE,FALSE,FALSE,0.125,FALSE,NA,FALSE,all_pairs_combn
N146,N300,1,1,small_or_isolated_candidate,small_or_isolated_candidate,441.32265436976536,FALSE,FALSE,FALSE,0.125,FALSE,NA,FALSE,all_pairs_combn
N149,N296,1,1,small_or_isolated_candidate,small_or_isolated_candidate,441.42966915268204,FALSE,FALSE,FALSE,0.125,FALSE,NA,FALSE,all_pairs_combn
N121,N148,1,1,small_or_isolated_candidate,small_or_isolated_candidate,442.0205966271624,FALSE,FALSE,FALSE,0.125,FALSE,NA,FALSE,all_pairs_combn
N125,N69,1,1,small_or_isolated_candidate,small_or_isolated_candidate,442.1712115869882,FALSE,FALSE,FALSE,0.125,FALSE,NA,FALSE,all_pairs_combn
N104,N61,1,1,small_or_isolated_candidate,small_or_isolated_candidate,442.28477806271883,FALSE,FALSE,FALSE,0.125,FALSE,NA,FALSE,all_pairs_combn
N133,N307,1,1,small_or_isolated_candidate,small_or_isolated_candidate,442.6010545997291,FALSE,FALSE,FALSE,0.125,FALSE,NA,FALSE,all_pairs_combn
N128,N131,1,1,small_or_isolated_candidate,small_or_isolated_candidate,442.89155809081274,FALSE,FALSE,FALSE,0.125,FALSE,NA,FALSE,all_pairs_combn
N138,N69,1,1,small_or_isolated_candidate,small_or_isolated_candidate,443.22817710874585,FALSE,FALSE,FALSE,0.125,FALSE,NA,FALSE,all_pairs_combn
N133,N145,1,1,small_or_isolated_candidate,small_or_isolated_candidate,443.24644982803596,FALSE,FALSE,FALSE,0.125,FALSE,NA,FALSE,all_pairs_combn
N65,N92,1,1,small_or_isolated_candidate,small_or_isolated_candidate,443.34209648316886,FALSE,FALSE,FALSE,0.125,FALSE,NA,FALSE,all_pairs_combn
N131,N308,1,1,small_or_isolated_candidate,small_or_isolated_candidate,443.5979026785826,FALSE,FALSE,FALSE,0.125,FALSE,NA,FALSE,all_pairs_combn
N133,N136,1,1,small_or_isolated_candidate,small_or_isolated_candidate,443.6518154722182,FALSE,FALSE,FALSE,0.125,FALSE,NA,FALSE,all_pairs_combn
N122,N148,1,1,small_or_isolated_candidate,small_or_isolated_candidate,444.0755160267516,FALSE,FALSE,FALSE,0.125,FALSE,NA,FALSE,all_pairs_combn
N150,N307,1,1,small_or_isolated_candidate,small_or_isolated_candidate,444.23417105640044,FALSE,FALSE,FALSE,0.125,FALSE,NA,FALSE,all_pairs_combn
N125,N148,1,1,small_or_isolated_candidate,small_or_isolated_candidate,444.64716560515484,FALSE,FALSE,FALSE,0.125,FALSE,NA,FALSE,all_pairs_combn
N123,N148,1,1,small_or_isolated_candidate,small_or_isolated_candidate,445.0197731405801,FALSE,FALSE,FALSE,0.125,FALSE,NA,FALSE,all_pairs_combn
N143,N308,1,1,small_or_isolated_candidate,small_or_isolated_candidate,445.335177518552,FALSE,FALSE,FALSE,0.125,FALSE,NA,FALSE,all_pairs_combn
N127,N131,1,1,small_or_isolated_candidate,small_or_isolated_candidate,445.54672029818335,FALSE,FALSE,FALSE,0.125,FALSE,NA,FALSE,all_pairs_combn
N144,N308,1,1,small_or_isolated_candidate,small_or_isolated_candidate,446.7966019032535,FALSE,FALSE,FALSE,0.125,FALSE,NA,FALSE,all_pairs_combn
N124,N259,1,1,small_or_isolated_candidate,small_or_isolated_candidate,446.9750487046136,FALSE,FALSE,FALSE,0.125,FALSE,NA,FALSE,all_pairs_combn
N21,N92,1,1,small_or_isolated_candidate,small_or_isolated_candidate,447.07107394905165,FALSE,FALSE,FALSE,0.125,FALSE,NA,FALSE,all_pairs_combn
N150,N212,1,1,small_or_isolated_candidate,small_or_isolated_candidate,447.286945155385,FALSE,FALSE,FALSE,0.125,FALSE,NA,FALSE,all_pairs_combn
N107,N65,1,1,small_or_isolated_candidate,small_or_isolated_candidate,447.3034777648203,FALSE,FALSE,FALSE,0.125,FALSE,NA,FALSE,all_pairs_combn
N157,N259,1,1,small_or_isolated_candidate,small_or_isolated_candidate,447.6756969877951,FALSE,FALSE,FALSE,0.125,FALSE,NA,FALSE,all_pairs_combn
N150,N157,1,1,small_or_isolated_candidate,small_or_isolated_candidate,447.75686087923987,FALSE,FALSE,FALSE,0.125,FALSE,NA,FALSE,all_pairs_combn
N21,N93,1,1,small_or_isolated_candidate,small_or_isolated_candidate,448.43227669455524,FALSE,FALSE,FALSE,0.125,FALSE,NA,FALSE,all_pairs_combn
N118,N142,1,1,small_or_isolated_candidate,small_or_isolated_candidate,448.52507573218577,FALSE,FALSE,FALSE,0.125,FALSE,NA,FALSE,all_pairs_combn
N134,N212,1,1,small_or_isolated_candidate,small_or_isolated_candidate,448.80616289303896,FALSE,FALSE,FALSE,0.125,FALSE,NA,FALSE,all_pairs_combn
N138,N148,1,1,small_or_isolated_candidate,small_or_isolated_candidate,448.92248886173,FALSE,FALSE,FALSE,0.125,FALSE,NA,FALSE,all_pairs_combn
N117,N212,1,1,small_or_isolated_candidate,small_or_isolated_candidate,449.7737832565774,FALSE,FALSE,FALSE,0.125,FALSE,NA,FALSE,all_pairs_combn
N131,N140,1,1,small_or_isolated_candidate,small_or_isolated_candidate,449.86837602625917,FALSE,FALSE,FALSE,0.125,FALSE,NA,FALSE,all_pairs_combn
N292,N308,1,1,small_or_isolated_candidate,small_or_isolated_candidate,449.8716911675807,FALSE,FALSE,FALSE,0.125,FALSE,NA,FALSE,all_pairs_combn
N31,N33,1,1,small_or_isolated_candidate,small_or_isolated_candidate,450.09841467294746,FALSE,FALSE,FALSE,0.125,FALSE,NA,FALSE,all_pairs_combn
N111,N118,1,1,small_or_isolated_candidate,small_or_isolated_candidate,450.9048414198598,FALSE,FALSE,FALSE,0.125,FALSE,NA,FALSE,all_pairs_combn
N104,N20,1,1,small_or_isolated_candidate,small_or_isolated_candidate,451.00708042487264,FALSE,FALSE,FALSE,0.125,FALSE,NA,FALSE,all_pairs_combn
N117,N142,1,1,small_or_isolated_candidate,small_or_isolated_candidate,451.1221336462105,FALSE,FALSE,FALSE,0.125,FALSE,NA,FALSE,all_pairs_combn
N110,N17,1,1,small_or_isolated_candidate,small_or_isolated_candidate,451.1419583515635,FALSE,FALSE,FALSE,0.125,FALSE,NA,FALSE,all_pairs_combn
N147,N211,1,1,small_or_isolated_candidate,small_or_isolated_candidate,451.1804487432104,FALSE,FALSE,FALSE,0.125,FALSE,NA,FALSE,all_pairs_combn
N110,N126,1,1,small_or_isolated_candidate,small_or_isolated_candidate,451.2637285745309,FALSE,FALSE,FALSE,0.125,FALSE,NA,FALSE,all_pairs_combn
N133,N308,1,1,small_or_isolated_candidate,small_or_isolated_candidate,451.6482455780741,FALSE,FALSE,FALSE,0.125,FALSE,NA,FALSE,all_pairs_combn
N110,N18,1,1,small_or_isolated_candidate,small_or_isolated_candidate,451.68031744722947,FALSE,FALSE,FALSE,0.125,FALSE,NA,FALSE,all_pairs_combn
N131,N141,1,1,small_or_isolated_candidate,small_or_isolated_candidate,452.00464552748014,FALSE,FALSE,FALSE,0.125,FALSE,NA,FALSE,all_pairs_combn
N128,N140,1,1,small_or_isolated_candidate,small_or_isolated_candidate,452.1891235873292,FALSE,FALSE,FALSE,0.125,FALSE,NA,FALSE,all_pairs_combn
N104,N21,1,1,small_or_isolated_candidate,small_or_isolated_candidate,452.42424580558264,FALSE,FALSE,FALSE,0.125,FALSE,NA,FALSE,all_pairs_combn
N112,N118,1,1,small_or_isolated_candidate,small_or_isolated_candidate,453.1026661065918,FALSE,FALSE,FALSE,0.125,FALSE,NA,FALSE,all_pairs_combn
N127,N140,1,1,small_or_isolated_candidate,small_or_isolated_candidate,454.42300223102836,FALSE,FALSE,FALSE,0.125,FALSE,NA,FALSE,all_pairs_combn
N118,N212,1,1,small_or_isolated_candidate,small_or_isolated_candidate,454.461003899812,FALSE,FALSE,FALSE,0.125,FALSE,NA,FALSE,all_pairs_combn
N132,N140,1,1,small_or_isolated_candidate,small_or_isolated_candidate,454.5568901696825,FALSE,FALSE,FALSE,0.125,FALSE,NA,FALSE,all_pairs_combn
N113,N304,1,1,small_or_isolated_candidate,small_or_isolated_candidate,455.0138348584028,FALSE,FALSE,FALSE,0.125,FALSE,NA,FALSE,all_pairs_combn
N117,N207,1,1,small_or_isolated_candidate,small_or_isolated_candidate,455.0202256792778,FALSE,FALSE,FALSE,0.125,FALSE,NA,FALSE,all_pairs_combn
N119,N294,1,1,small_or_isolated_candidate,small_or_isolated_candidate,455.08980404065727,FALSE,FALSE,FALSE,0.125,FALSE,NA,FALSE,all_pairs_combn
N143,N307,1,1,small_or_isolated_candidate,small_or_isolated_candidate,455.66408259903096,FALSE,FALSE,FALSE,0.125,FALSE,NA,FALSE,all_pairs_combn
N117,N48,1,1,small_or_isolated_candidate,small_or_isolated_candidate,456.0557785212934,FALSE,FALSE,FALSE,0.125,FALSE,NA,FALSE,all_pairs_combn
N131,N294,1,1,small_or_isolated_candidate,small_or_isolated_candidate,456.5875324401009,FALSE,FALSE,FALSE,0.125,FALSE,NA,FALSE,all_pairs_combn
N128,N141,1,1,small_or_isolated_candidate,small_or_isolated_candidate,456.7979084738829,FALSE,FALSE,FALSE,0.125,FALSE,NA,FALSE,all_pairs_combn
N107,N30,1,1,small_or_isolated_candidate,small_or_isolated_candidate,456.9236128849945,FALSE,FALSE,FALSE,0.125,FALSE,NA,FALSE,all_pairs_combn
N124,N212,1,1,small_or_isolated_candidate,small_or_isolated_candidate,457.29911458830765,FALSE,FALSE,FALSE,0.125,FALSE,NA,FALSE,all_pairs_combn
N212,N259,1,1,small_or_isolated_candidate,small_or_isolated_candidate,457.3495926264001,FALSE,FALSE,FALSE,0.125,FALSE,NA,FALSE,all_pairs_combn
N148,N300,1,1,small_or_isolated_candidate,small_or_isolated_candidate,457.39654138926124,FALSE,FALSE,FALSE,0.125,FALSE,NA,FALSE,all_pairs_combn
N125,N212,1,1,small_or_isolated_candidate,small_or_isolated_candidate,458.0063561896083,FALSE,FALSE,FALSE,0.125,FALSE,NA,FALSE,all_pairs_combn
N144,N307,1,1,small_or_isolated_candidate,small_or_isolated_candidate,458.2307690100725,FALSE,FALSE,FALSE,0.125,FALSE,NA,FALSE,all_pairs_combn
N127,N141,1,1,small_or_isolated_candidate,small_or_isolated_candidate,459.0329741312332,FALSE,FALSE,FALSE,0.125,FALSE,NA,FALSE,all_pairs_combn
N132,N141,1,1,small_or_isolated_candidate,small_or_isolated_candidate,459.076548455546,FALSE,FALSE,FALSE,0.125,FALSE,NA,FALSE,all_pairs_combn
N146,N305,1,1,small_or_isolated_candidate,small_or_isolated_candidate,459.6343559492817,FALSE,FALSE,FALSE,0.125,FALSE,NA,FALSE,all_pairs_combn
N126,N141,1,1,small_or_isolated_candidate,small_or_isolated_candidate,459.67409537197494,FALSE,FALSE,FALSE,0.125,FALSE,NA,FALSE,all_pairs_combn
N111,N69,1,1,small_or_isolated_candidate,small_or_isolated_candidate,460.5340169355902,FALSE,FALSE,FALSE,0.125,FALSE,NA,FALSE,all_pairs_combn
N11,N307,1,1,small_or_isolated_candidate,small_or_isolated_candidate,460.6378003797736,FALSE,FALSE,FALSE,0.125,FALSE,NA,FALSE,all_pairs_combn
N147,N300,1,1,small_or_isolated_candidate,small_or_isolated_candidate,461.21499012119926,FALSE,FALSE,FALSE,0.125,FALSE,NA,FALSE,all_pairs_combn
N129,N259,1,1,small_or_isolated_candidate,small_or_isolated_candidate,461.7800045104995,FALSE,FALSE,FALSE,0.125,FALSE,NA,FALSE,all_pairs_combn
N146,N304,1,1,small_or_isolated_candidate,small_or_isolated_candidate,461.83856311480696,FALSE,FALSE,FALSE,0.125,FALSE,NA,FALSE,all_pairs_combn
N138,N141,1,1,small_or_isolated_candidate,small_or_isolated_candidate,462.015152878843,FALSE,FALSE,FALSE,0.125,FALSE,NA,FALSE,all_pairs_combn
N11,N123,1,1,small_or_isolated_candidate,small_or_isolated_candidate,462.46503706439705,FALSE,FALSE,FALSE,0.125,FALSE,NA,FALSE,all_pairs_combn
N134,N142,1,1,small_or_isolated_candidate,small_or_isolated_candidate,462.76219310043695,FALSE,FALSE,FALSE,0.125,FALSE,NA,FALSE,all_pairs_combn
N131,N145,1,1,small_or_isolated_candidate,small_or_isolated_candidate,462.7705008204215,FALSE,FALSE,FALSE,0.125,FALSE,NA,FALSE,all_pairs_combn
N11,N121,1,1,small_or_isolated_candidate,small_or_isolated_candidate,463.0034890472961,FALSE,FALSE,FALSE,0.125,FALSE,NA,FALSE,all_pairs_combn
N129,N142,1,1,small_or_isolated_candidate,small_or_isolated_candidate,463.03162076110726,FALSE,FALSE,FALSE,0.125,FALSE,NA,FALSE,all_pairs_combn
N34,N69,1,1,small_or_isolated_candidate,small_or_isolated_candidate,463.15384695210264,FALSE,FALSE,FALSE,0.125,FALSE,NA,FALSE,all_pairs_combn
N259,N51,1,1,small_or_isolated_candidate,small_or_isolated_candidate,463.40205565201313,FALSE,FALSE,FALSE,0.125,FALSE,NA,FALSE,all_pairs_combn
N112,N69,1,1,small_or_isolated_candidate,small_or_isolated_candidate,463.8642866648798,FALSE,FALSE,FALSE,0.125,FALSE,NA,FALSE,all_pairs_combn
N126,N140,1,1,small_or_isolated_candidate,small_or_isolated_candidate,464.0943115515545,FALSE,FALSE,FALSE,0.125,FALSE,NA,FALSE,all_pairs_combn
N259,N52,1,1,small_or_isolated_candidate,small_or_isolated_candidate,464.3802435565519,FALSE,FALSE,FALSE,0.125,FALSE,NA,FALSE,all_pairs_combn
N129,N133,1,1,small_or_isolated_candidate,small_or_isolated_candidate,464.81543846834217,FALSE,FALSE,FALSE,0.125,FALSE,NA,FALSE,all_pairs_combn
N292,N307,1,1,small_or_isolated_candidate,small_or_isolated_candidate,464.91668604807757,FALSE,FALSE,FALSE,0.125,FALSE,NA,FALSE,all_pairs_combn
N131,N149,1,1,small_or_isolated_candidate,small_or_isolated_candidate,465.0910517471397,FALSE,FALSE,FALSE,0.125,FALSE,NA,FALSE,all_pairs_combn
N11,N122,1,1,small_or_isolated_candidate,small_or_isolated_candidate,465.31422130528034,FALSE,FALSE,FALSE,0.125,FALSE,NA,FALSE,all_pairs_combn
N61,N96,1,1,small_or_isolated_candidate,small_or_isolated_candidate,465.56804197900686,FALSE,FALSE,FALSE,0.125,FALSE,NA,FALSE,all_pairs_combn
N126,N133,1,1,small_or_isolated_candidate,small_or_isolated_candidate,465.7672255225905,FALSE,FALSE,FALSE,0.125,FALSE,NA,FALSE,all_pairs_combn
N138,N140,1,1,small_or_isolated_candidate,small_or_isolated_candidate,466.6040056555071,FALSE,FALSE,FALSE,0.125,FALSE,NA,FALSE,all_pairs_combn
N110,N93,1,1,small_or_isolated_candidate,small_or_isolated_candidate,466.7157491358048,FALSE,FALSE,FALSE,0.125,FALSE,NA,FALSE,all_pairs_combn
N182,N207,1,1,small_or_isolated_candidate,small_or_isolated_candidate,467.145011880234,FALSE,FALSE,FALSE,0.125,FALSE,NA,FALSE,all_pairs_combn
N145,N48,1,1,small_or_isolated_candidate,small_or_isolated_candidate,467.2402433452732,FALSE,FALSE,FALSE,0.125,FALSE,NA,FALSE,all_pairs_combn
N20,N94,1,1,small_or_isolated_candidate,small_or_isolated_candidate,467.70520194926894,FALSE,FALSE,FALSE,0.125,FALSE,NA,FALSE,all_pairs_combn
N152,N259,1,1,small_or_isolated_candidate,small_or_isolated_candidate,467.7191107414752,FALSE,FALSE,FALSE,0.125,FALSE,NA,FALSE,all_pairs_combn
N65,N71,1,1,small_or_isolated_candidate,small_or_isolated_candidate,468.0736636332584,FALSE,FALSE,FALSE,0.125,FALSE,NA,FALSE,all_pairs_combn
N111,N117,1,1,small_or_isolated_candidate,small_or_isolated_candidate,468.85475594943836,FALSE,FALSE,FALSE,0.125,FALSE,NA,FALSE,all_pairs_combn
N150,N152,1,1,small_or_isolated_candidate,small_or_isolated_candidate,469.3565868619779,FALSE,FALSE,FALSE,0.125,FALSE,NA,FALSE,all_pairs_combn
N129,N69,1,1,small_or_isolated_candidate,small_or_isolated_candidate,469.37996807732884,FALSE,FALSE,FALSE,0.125,FALSE,NA,FALSE,all_pairs_combn
N21,N48,1,1,small_or_isolated_candidate,small_or_isolated_candidate,469.4525596767215,FALSE,FALSE,FALSE,0.125,FALSE,NA,FALSE,all_pairs_combn
N65,N94,1,1,small_or_isolated_candidate,small_or_isolated_candidate,469.55644330072397,FALSE,FALSE,FALSE,0.125,FALSE,NA,FALSE,all_pairs_combn
N20,N95,1,1,small_or_isolated_candidate,small_or_isolated_candidate,469.6990878922157,FALSE,FALSE,FALSE,0.125,FALSE,NA,FALSE,all_pairs_combn
N153,N259,1,1,small_or_isolated_candidate,small_or_isolated_candidate,470.3210892698632,FALSE,FALSE,FALSE,0.125,FALSE,NA,FALSE,all_pairs_combn
N112,N117,1,1,small_or_isolated_candidate,small_or_isolated_candidate,471.0766311851817,FALSE,FALSE,FALSE,0.125,FALSE,NA,FALSE,all_pairs_combn
N118,N207,1,1,small_or_isolated_candidate,small_or_isolated_candidate,471.3691434272029,FALSE,FALSE,FALSE,0.125,FALSE,NA,FALSE,all_pairs_combn
N126,N69,1,1,small_or_isolated_candidate,small_or_isolated_candidate,471.4803132096277,FALSE,FALSE,FALSE,0.125,FALSE,NA,FALSE,all_pairs_combn
N125,N259,1,1,small_or_isolated_candidate,small_or_isolated_candidate,471.89804974331645,FALSE,FALSE,FALSE,0.125,FALSE,NA,FALSE,all_pairs_combn
N150,N153,1,1,small_or_isolated_candidate,small_or_isolated_candidate,472.2342447923556,FALSE,FALSE,FALSE,0.125,FALSE,NA,FALSE,all_pairs_combn
N104,N65,1,1,small_or_isolated_candidate,small_or_isolated_candidate,472.33376043805947,FALSE,FALSE,FALSE,0.125,FALSE,NA,FALSE,all_pairs_combn
N110,N49,1,1,small_or_isolated_candidate,small_or_isolated_candidate,472.919871640214,FALSE,FALSE,FALSE,0.125,FALSE,NA,FALSE,all_pairs_combn
N107,N17,1,1,small_or_isolated_candidate,small_or_isolated_candidate,473.27865068994186,FALSE,FALSE,FALSE,0.125,FALSE,NA,FALSE,all_pairs_combn
N50,N71,1,1,small_or_isolated_candidate,small_or_isolated_candidate,473.46255144628356,FALSE,FALSE,FALSE,0.125,FALSE,NA,FALSE,all_pairs_combn
N65,N95,1,1,small_or_isolated_candidate,small_or_isolated_candidate,473.48103733458566,FALSE,FALSE,FALSE,0.125,FALSE,NA,FALSE,all_pairs_combn
N142,N48,1,1,small_or_isolated_candidate,small_or_isolated_candidate,473.9203001917109,FALSE,FALSE,FALSE,0.125,FALSE,NA,FALSE,all_pairs_combn
N110,N50,1,1,small_or_isolated_candidate,small_or_isolated_candidate,474.1341571561893,FALSE,FALSE,FALSE,0.125,FALSE,NA,FALSE,all_pairs_combn
N21,N94,1,1,small_or_isolated_candidate,small_or_isolated_candidate,475.0353530981641,FALSE,FALSE,FALSE,0.125,FALSE,NA,FALSE,all_pairs_combn
N126,N157,1,1,small_or_isolated_candidate,small_or_isolated_candidate,475.09285304176785,FALSE,FALSE,FALSE,0.125,FALSE,NA,FALSE,all_pairs_combn
N124,N142,1,1,small_or_isolated_candidate,small_or_isolated_candidate,475.89716404334536,FALSE,FALSE,FALSE,0.125,FALSE,NA,FALSE,all_pairs_combn
N212,N300,1,1,small_or_isolated_candidate,small_or_isolated_candidate,475.9607599371255,FALSE,FALSE,FALSE,0.125,FALSE,NA,FALSE,all_pairs_combn
N110,N292,1,1,small_or_isolated_candidate,small_or_isolated_candidate,475.9798431180709,FALSE,FALSE,FALSE,0.125,FALSE,NA,FALSE,all_pairs_combn
N49,N71,1,1,small_or_isolated_candidate,small_or_isolated_candidate,476.05332359132774,FALSE,FALSE,FALSE,0.125,FALSE,NA,FALSE,all_pairs_combn
N21,N95,1,1,small_or_isolated_candidate,small_or_isolated_candidate,476.46839589323747,FALSE,FALSE,FALSE,0.125,FALSE,NA,FALSE,all_pairs_combn
N11,N136,1,1,small_or_isolated_candidate,small_or_isolated_candidate,477.77205908204326,FALSE,FALSE,FALSE,0.125,FALSE,NA,FALSE,all_pairs_combn
N20,N96,1,1,small_or_isolated_candidate,small_or_isolated_candidate,477.7937635151871,FALSE,FALSE,FALSE,0.125,FALSE,NA,FALSE,all_pairs_combn
N107,N18,1,1,small_or_isolated_candidate,small_or_isolated_candidate,478.1574818241809,FALSE,FALSE,FALSE,0.125,FALSE,NA,FALSE,all_pairs_combn
N111,N119,1,1,small_or_isolated_candidate,small_or_isolated_candidate,478.4143367844276,FALSE,FALSE,FALSE,0.125,FALSE,NA,FALSE,all_pairs_combn
N148,N304,1,1,small_or_isolated_candidate,small_or_isolated_candidate,479.0531240053332,FALSE,FALSE,FALSE,0.125,FALSE,NA,FALSE,all_pairs_combn
N112,N119,1,1,small_or_isolated_candidate,small_or_isolated_candidate,479.7924291044483,FALSE,FALSE,FALSE,0.125,FALSE,NA,FALSE,all_pairs_combn
N113,N128,1,1,small_or_isolated_candidate,small_or_isolated_candidate,479.8958446415048,FALSE,FALSE,FALSE,0.125,FALSE,NA,FALSE,all_pairs_combn
N138,N212,1,1,small_or_isolated_candidate,small_or_isolated_candidate,479.9954752422088,FALSE,FALSE,FALSE,0.125,FALSE,NA,FALSE,all_pairs_combn
N21,N96,1,1,small_or_isolated_candidate,small_or_isolated_candidate,480.03538293628577,FALSE,FALSE,FALSE,0.125,FALSE,NA,FALSE,all_pairs_combn
N121,N308,1,1,small_or_isolated_candidate,small_or_isolated_candidate,480.4381012145656,FALSE,FALSE,FALSE,0.125,FALSE,NA,FALSE,all_pairs_combn
N107,N11,1,1,small_or_isolated_candidate,small_or_isolated_candidate,481.7882685451898,FALSE,FALSE,FALSE,0.125,FALSE,NA,FALSE,all_pairs_combn
N11,N110,1,1,small_or_isolated_candidate,small_or_isolated_candidate,482.2331244345663,FALSE,FALSE,FALSE,0.125,FALSE,NA,FALSE,all_pairs_combn
N135,N147,1,1,small_or_isolated_candidate,small_or_isolated_candidate,482.2918042782408,FALSE,FALSE,FALSE,0.125,FALSE,NA,FALSE,all_pairs_combn
N113,N127,1,1,small_or_isolated_candidate,small_or_isolated_candidate,482.38191346656697,FALSE,FALSE,FALSE,0.125,FALSE,NA,FALSE,all_pairs_combn
N123,N308,1,1,small_or_isolated_candidate,small_or_isolated_candidate,482.5276695623772,FALSE,FALSE,FALSE,0.125,FALSE,NA,FALSE,all_pairs_combn
N147,N304,1,1,small_or_isolated_candidate,small_or_isolated_candidate,482.7659873978061,FALSE,FALSE,FALSE,0.125,FALSE,NA,FALSE,all_pairs_combn
N133,N300,1,1,small_or_isolated_candidate,small_or_isolated_candidate,483.0073621881363,FALSE,FALSE,FALSE,0.125,FALSE,NA,FALSE,all_pairs_combn
N121,N212,1,1,small_or_isolated_candidate,small_or_isolated_candidate,483.3744620231107,FALSE,FALSE,FALSE,0.125,FALSE,NA,FALSE,all_pairs_combn
N20,N48,1,1,small_or_isolated_candidate,small_or_isolated_candidate,483.7022023435416,FALSE,FALSE,FALSE,0.125,FALSE,NA,FALSE,all_pairs_combn
N122,N308,1,1,small_or_isolated_candidate,small_or_isolated_candidate,484.0086372147635,FALSE,FALSE,FALSE,0.125,FALSE,NA,FALSE,all_pairs_combn
N31,N34,1,1,small_or_isolated_candidate,small_or_isolated_candidate,484.08040543731806,FALSE,FALSE,FALSE,0.125,FALSE,NA,FALSE,all_pairs_combn
N110,N118,1,1,small_or_isolated_candidate,small_or_isolated_candidate,484.2899100647385,FALSE,FALSE,FALSE,0.125,FALSE,NA,FALSE,all_pairs_combn
N33,N69,1,1,small_or_isolated_candidate,small_or_isolated_candidate,484.9372810922582,FALSE,FALSE,FALSE,0.125,FALSE,NA,FALSE,all_pairs_combn
N122,N212,1,1,small_or_isolated_candidate,small_or_isolated_candidate,485.32590854701755,FALSE,FALSE,FALSE,0.125,FALSE,NA,FALSE,all_pairs_combn
N113,N305,1,1,small_or_isolated_candidate,small_or_isolated_candidate,485.48232261517745,FALSE,FALSE,FALSE,0.125,FALSE,NA,FALSE,all_pairs_combn
N110,N119,1,1,small_or_isolated_candidate,small_or_isolated_candidate,485.87418030746136,FALSE,FALSE,FALSE,0.125,FALSE,NA,FALSE,all_pairs_combn
N123,N212,1,1,small_or_isolated_candidate,small_or_isolated_candidate,486.3634275770313,FALSE,FALSE,FALSE,0.125,FALSE,NA,FALSE,all_pairs_combn
N133,N134,1,1,small_or_isolated_candidate,small_or_isolated_candidate,486.4538561611621,FALSE,FALSE,FALSE,0.125,FALSE,NA,FALSE,all_pairs_combn
N113,N307,1,1,small_or_isolated_candidate,small_or_isolated_candidate,486.52100662892093,FALSE,FALSE,FALSE,0.125,FALSE,NA,FALSE,all_pairs_combn
N125,N142,1,1,small_or_isolated_candidate,small_or_isolated_candidate,487.0409481793812,FALSE,FALSE,FALSE,0.125,FALSE,NA,FALSE,all_pairs_combn
N111,N292,1,1,small_or_isolated_candidate,small_or_isolated_candidate,487.3976165765,FALSE,FALSE,FALSE,0.125,FALSE,NA,FALSE,all_pairs_combn
N147,N305,1,1,small_or_isolated_candidate,small_or_isolated_candidate,487.85797696033586,FALSE,FALSE,FALSE,0.125,FALSE,NA,FALSE,all_pairs_combn
N112,N292,1,1,small_or_isolated_candidate,small_or_isolated_candidate,488.12880305019297,FALSE,FALSE,FALSE,0.125,FALSE,NA,FALSE,all_pairs_combn
N134,N48,1,1,small_or_isolated_candidate,small_or_isolated_candidate,488.34430392785106,FALSE,FALSE,FALSE,0.125,FALSE,NA,FALSE,all_pairs_combn
N207,N211,1,1,small_or_isolated_candidate,small_or_isolated_candidate,488.65658819152185,FALSE,FALSE,FALSE,0.125,FALSE,NA,FALSE,all_pairs_combn
N148,N305,1,1,small_or_isolated_candidate,small_or_isolated_candidate,489.16814124706224,FALSE,FALSE,FALSE,0.125,FALSE,NA,FALSE,all_pairs_combn
N128,N153,1,1,small_or_isolated_candidate,small_or_isolated_candidate,489.50499926255367,FALSE,FALSE,FALSE,0.125,FALSE,NA,FALSE,all_pairs_combn
N117,N133,1,1,small_or_isolated_candidate,small_or_isolated_candidate,489.5633414044564,FALSE,FALSE,FALSE,0.125,FALSE,NA,FALSE,all_pairs_combn
N104,N30,1,1,small_or_isolated_candidate,small_or_isolated_candidate,489.6111676173227,FALSE,FALSE,FALSE,0.125,FALSE,NA,FALSE,all_pairs_combn
N143,N296,1,1,small_or_isolated_candidate,small_or_isolated_candidate,489.73128678976076,FALSE,FALSE,FALSE,0.125,FALSE,NA,FALSE,all_pairs_combn
N107,N123,1,1,small_or_isolated_candidate,small_or_isolated_candidate,490.77510027427854,FALSE,FALSE,FALSE,0.125,FALSE,NA,FALSE,all_pairs_combn
N128,N152,1,1,small_or_isolated_candidate,small_or_isolated_candidate,492.23601705776554,FALSE,FALSE,FALSE,0.125,FALSE,NA,FALSE,all_pairs_combn
N259,N30,1,1,small_or_isolated_candidate,small_or_isolated_candidate,492.3163998818373,FALSE,FALSE,FALSE,0.125,FALSE,NA,FALSE,all_pairs_combn
N127,N153,1,1,small_or_isolated_candidate,small_or_isolated_candidate,492.357266279652,FALSE,FALSE,FALSE,0.125,FALSE,NA,FALSE,all_pairs_combn
N107,N122,1,1,small_or_isolated_candidate,small_or_isolated_candidate,492.3825600945469,FALSE,FALSE,FALSE,0.125,FALSE,NA,FALSE,all_pairs_combn
N125,N133,1,1,small_or_isolated_candidate,small_or_isolated_candidate,492.6077422959626,FALSE,FALSE,FALSE,0.125,FALSE,NA,FALSE,all_pairs_combn
N121,N157,1,1,small_or_isolated_candidate,small_or_isolated_candidate,492.6138847805051,FALSE,FALSE,FALSE,0.125,FALSE,NA,FALSE,all_pairs_combn
N107,N121,1,1,small_or_isolated_candidate,small_or_isolated_candidate,493.6170334175726,FALSE,FALSE,FALSE,0.125,FALSE,NA,FALSE,all_pairs_combn
N124,N133,1,1,small_or_isolated_candidate,small_or_isolated_candidate,493.9565976627265,FALSE,FALSE,FALSE,0.125,FALSE,NA,FALSE,all_pairs_combn
N151,N207,1,1,small_or_isolated_candidate,small_or_isolated_candidate,494.2285067498971,FALSE,FALSE,FALSE,0.125,FALSE,NA,FALSE,all_pairs_combn
N111,N34,1,1,small_or_isolated_candidate,small_or_isolated_candidate,494.2486317888604,FALSE,FALSE,FALSE,0.125,FALSE,NA,FALSE,all_pairs_combn
N122,N157,1,1,small_or_isolated_candidate,small_or_isolated_candidate,495.07780968517665,FALSE,FALSE,FALSE,0.125,FALSE,NA,FALSE,all_pairs_combn
N127,N152,1,1,small_or_isolated_candidate,small_or_isolated_candidate,495.0874946071097,FALSE,FALSE,FALSE,0.125,FALSE,NA,FALSE,all_pairs_combn
N118,N133,1,1,small_or_isolated_candidate,small_or_isolated_candidate,495.3301530130293,FALSE,FALSE,FALSE,0.125,FALSE,NA,FALSE,all_pairs_combn
N123,N157,1,1,small_or_isolated_candidate,small_or_isolated_candidate,495.61622496708145,FALSE,FALSE,FALSE,0.125,FALSE,NA,FALSE,all_pairs_combn
N112,N34,1,1,small_or_isolated_candidate,small_or_isolated_candidate,495.67283869108024,FALSE,FALSE,FALSE,0.125,FALSE,NA,FALSE,all_pairs_combn
N65,N96,1,1,small_or_isolated_candidate,small_or_isolated_candidate,496.2882085820196,FALSE,FALSE,FALSE,0.125,FALSE,NA,FALSE,all_pairs_combn
N133,N150,1,1,small_or_isolated_candidate,small_or_isolated_candidate,496.3865147843041,FALSE,FALSE,FALSE,0.125,FALSE,NA,FALSE,all_pairs_combn
N145,N19,1,1,small_or_isolated_candidate,small_or_isolated_candidate,496.9095660399015,FALSE,FALSE,FALSE,0.125,FALSE,NA,FALSE,all_pairs_combn
N131,N143,1,1,small_or_isolated_candidate,small_or_isolated_candidate,497.0081849592348,FALSE,FALSE,FALSE,0.125,FALSE,NA,FALSE,all_pairs_combn
N48,N92,1,1,small_or_isolated_candidate,small_or_isolated_candidate,497.2553785944801,FALSE,FALSE,FALSE,0.125,FALSE,NA,FALSE,all_pairs_combn
N212,N304,1,1,small_or_isolated_candidate,small_or_isolated_candidate,497.45637386411414,FALSE,FALSE,FALSE,0.125,FALSE,NA,FALSE,all_pairs_combn
N133,N137,1,1,small_or_isolated_candidate,small_or_isolated_candidate,498.2120562795403,FALSE,FALSE,FALSE,0.125,FALSE,NA,FALSE,all_pairs_combn
N111,N134,1,1,small_or_isolated_candidate,small_or_isolated_candidate,498.93139070412116,FALSE,FALSE,FALSE,0.125,FALSE,NA,FALSE,all_pairs_combn
N20,N71,1,1,small_or_isolated_candidate,small_or_isolated_candidate,499.5179768939319,FALSE,FALSE,FALSE,0.125,FALSE,NA,FALSE,all_pairs_combn
N144,N296,1,1,small_or_isolated_candidate,small_or_isolated_candidate,500.08557413278425,FALSE,FALSE,FALSE,0.125,FALSE,NA,FALSE,all_pairs_combn
N126,N152,1,1,small_or_isolated_candidate,small_or_isolated_candidate,500.117405606263,FALSE,FALSE,FALSE,0.125,FALSE,NA,FALSE,all_pairs_combn
N150,N51,1,1,small_or_isolated_candidate,small_or_isolated_candidate,500.5776730675186,FALSE,FALSE,FALSE,0.125,FALSE,NA,FALSE,all_pairs_combn
N112,N134,1,1,small_or_isolated_candidate,small_or_isolated_candidate,501.21717946364345,FALSE,FALSE,FALSE,0.125,FALSE,NA,FALSE,all_pairs_combn
N147,N48,1,1,small_or_isolated_candidate,small_or_isolated_candidate,501.22899313373557,FALSE,FALSE,FALSE,0.125,FALSE,NA,FALSE,all_pairs_combn
N150,N52,1,1,small_or_isolated_candidate,small_or_isolated_candidate,501.5661144709039,FALSE,FALSE,FALSE,0.125,FALSE,NA,FALSE,all_pairs_combn
N149,N300,1,1,small_or_isolated_candidate,small_or_isolated_candidate,501.76457315621667,FALSE,FALSE,FALSE,0.125,FALSE,NA,FALSE,all_pairs_combn
N110,N117,1,1,small_or_isolated_candidate,small_or_isolated_candidate,502.74505676843364,FALSE,FALSE,FALSE,0.125,FALSE,NA,FALSE,all_pairs_combn
N30,N92,1,1,small_or_isolated_candidate,small_or_isolated_candidate,502.8880745260688,FALSE,FALSE,FALSE,0.125,FALSE,NA,FALSE,all_pairs_combn
N129,N157,1,1,small_or_isolated_candidate,small_or_isolated_candidate,503.09368131659755,FALSE,FALSE,FALSE,0.125,FALSE,NA,FALSE,all_pairs_combn
N124,N48,1,1,small_or_isolated_candidate,small_or_isolated_candidate,503.48114115812376,FALSE,FALSE,FALSE,0.125,FALSE,NA,FALSE,all_pairs_combn
N126,N153,1,1,small_or_isolated_candidate,small_or_isolated_candidate,503.82461748784726,FALSE,FALSE,FALSE,0.125,FALSE,NA,FALSE,all_pairs_combn
N133,N304,1,1,small_or_isolated_candidate,small_or_isolated_candidate,504.1138345345295,FALSE,FALSE,FALSE,0.125,FALSE,NA,FALSE,all_pairs_combn
N18,N305,1,1,small_or_isolated_candidate,small_or_isolated_candidate,505.1579198381068,FALSE,FALSE,FALSE,0.125,FALSE,NA,FALSE,all_pairs_combn
N121,N307,1,1,small_or_isolated_candidate,small_or_isolated_candidate,505.46707488384885,FALSE,FALSE,FALSE,0.125,FALSE,NA,FALSE,all_pairs_combn
N133,N259,1,1,small_or_isolated_candidate,small_or_isolated_candidate,505.49656348169236,FALSE,FALSE,FALSE,0.125,FALSE,NA,FALSE,all_pairs_combn
N148,N211,1,1,small_or_isolated_candidate,small_or_isolated_candidate,505.69239130023783,FALSE,FALSE,FALSE,0.125,FALSE,NA,FALSE,all_pairs_combn
N145,N24,1,1,small_or_isolated_candidate,small_or_isolated_candidate,505.73273397785056,FALSE,FALSE,FALSE,0.125,FALSE,NA,FALSE,all_pairs_combn
N119,N145,1,1,small_or_isolated_candidate,small_or_isolated_candidate,506.60846950482437,FALSE,FALSE,FALSE,0.125,FALSE,NA,FALSE,all_pairs_combn
N146,N18,1,1,small_or_isolated_candidate,small_or_isolated_candidate,506.99705813460236,FALSE,FALSE,FALSE,0.125,FALSE,NA,FALSE,all_pairs_combn
N48,N95,1,1,small_or_isolated_candidate,small_or_isolated_candidate,507.0417991469384,FALSE,FALSE,FALSE,0.125,FALSE,NA,FALSE,all_pairs_combn
N123,N307,1,1,small_or_isolated_candidate,small_or_isolated_candidate,507.63973597262736,FALSE,FALSE,FALSE,0.125,FALSE,NA,FALSE,all_pairs_combn
N120,N207,1,1,small_or_isolated_candidate,small_or_isolated_candidate,507.7707114751117,FALSE,FALSE,FALSE,0.125,FALSE,NA,FALSE,all_pairs_combn
N128,N157,1,1,small_or_isolated_candidate,small_or_isolated_candidate,507.78759386138927,FALSE,FALSE,FALSE,0.125,FALSE,NA,FALSE,all_pairs_combn
N113,N146,1,1,small_or_isolated_candidate,small_or_isolated_candidate,508.1492123976224,FALSE,FALSE,FALSE,0.125,FALSE,NA,FALSE,all_pairs_combn
N122,N307,1,1,small_or_isolated_candidate,small_or_isolated_candidate,509.02423208862723,FALSE,FALSE,FALSE,0.125,FALSE,NA,FALSE,all_pairs_combn
N111,N124,1,1,small_or_isolated_candidate,small_or_isolated_candidate,509.1750580525782,FALSE,FALSE,FALSE,0.125,FALSE,NA,FALSE,all_pairs_combn
N112,N93,1,1,small_or_isolated_candidate,small_or_isolated_candidate,509.1962309906662,FALSE,FALSE,FALSE,0.125,FALSE,NA,FALSE,all_pairs_combn
N104,N17,1,1,small_or_isolated_candidate,small_or_isolated_candidate,509.67399927989266,FALSE,FALSE,FALSE,0.125,FALSE,NA,FALSE,all_pairs_combn
N142,N211,1,1,small_or_isolated_candidate,small_or_isolated_candidate,509.89757039373825,FALSE,FALSE,FALSE,0.125,FALSE,NA,FALSE,all_pairs_combn
N212,N305,1,1,small_or_isolated_candidate,small_or_isolated_candidate,510.17745287822277,FALSE,FALSE,FALSE,0.125,FALSE,NA,FALSE,all_pairs_combn
N123,N51,1,1,small_or_isolated_candidate,small_or_isolated_candidate,510.62568417288725,FALSE,FALSE,FALSE,0.125,FALSE,NA,FALSE,all_pairs_combn
N127,N157,1,1,small_or_isolated_candidate,small_or_isolated_candidate,510.6305977288985,FALSE,FALSE,FALSE,0.125,FALSE,NA,FALSE,all_pairs_combn
N19,N308,1,1,small_or_isolated_candidate,small_or_isolated_candidate,511.20334244599036,FALSE,FALSE,FALSE,0.125,FALSE,NA,FALSE,all_pairs_combn
N112,N124,1,1,small_or_isolated_candidate,small_or_isolated_candidate,511.52198204240676,FALSE,FALSE,FALSE,0.125,FALSE,NA,FALSE,all_pairs_combn
N123,N52,1,1,small_or_isolated_candidate,small_or_isolated_candidate,511.6194191829898,FALSE,FALSE,FALSE,0.125,FALSE,NA,FALSE,all_pairs_combn
N131,N144,1,1,small_or_isolated_candidate,small_or_isolated_candidate,511.6810140343248,FALSE,FALSE,FALSE,0.125,FALSE,NA,FALSE,all_pairs_combn
N113,N308,1,1,small_or_isolated_candidate,small_or_isolated_candidate,511.81345200091374,FALSE,FALSE,FALSE,0.125,FALSE,NA,FALSE,all_pairs_combn
N128,N142,1,1,small_or_isolated_candidate,small_or_isolated_candidate,511.98697241289284,FALSE,FALSE,FALSE,0.125,FALSE,NA,FALSE,all_pairs_combn
N111,N93,1,1,small_or_isolated_candidate,small_or_isolated_candidate,512.0688497791149,FALSE,FALSE,FALSE,0.125,FALSE,NA,FALSE,all_pairs_combn
N121,N51,1,1,small_or_isolated_candidate,small_or_isolated_candidate,512.1236583798559,FALSE,FALSE,FALSE,0.125,FALSE,NA,FALSE,all_pairs_combn
N117,N157,1,1,small_or_isolated_candidate,small_or_isolated_candidate,512.8205964668326,FALSE,FALSE,FALSE,0.125,FALSE,NA,FALSE,all_pairs_combn
N17,N305,1,1,small_or_isolated_candidate,small_or_isolated_candidate,512.9003112854153,FALSE,FALSE,FALSE,0.125,FALSE,NA,FALSE,all_pairs_combn
N121,N52,1,1,small_or_isolated_candidate,small_or_isolated_candidate,513.1174760200452,FALSE,FALSE,FALSE,0.125,FALSE,NA,FALSE,all_pairs_combn
N122,N51,1,1,small_or_isolated_candidate,small_or_isolated_candidate,513.3891658989278,FALSE,FALSE,FALSE,0.125,FALSE,NA,FALSE,all_pairs_combn
N24,N308,1,1,small_or_isolated_candidate,small_or_isolated_candidate,514.2740735485941,FALSE,FALSE,FALSE,0.125,FALSE,NA,FALSE,all_pairs_combn
N122,N52,1,1,small_or_isolated_candidate,small_or_isolated_candidate,514.3828731281376,FALSE,FALSE,FALSE,0.125,FALSE,NA,FALSE,all_pairs_combn
N104,N18,1,1,small_or_isolated_candidate,small_or_isolated_candidate,514.6131941955656,FALSE,FALSE,FALSE,0.125,FALSE,NA,FALSE,all_pairs_combn
N127,N142,1,1,small_or_isolated_candidate,small_or_isolated_candidate,514.647215754039,FALSE,FALSE,FALSE,0.125,FALSE,NA,FALSE,all_pairs_combn
N30,N93,1,1,small_or_isolated_candidate,small_or_isolated_candidate,514.9564848611213,FALSE,FALSE,FALSE,0.125,FALSE,NA,FALSE,all_pairs_combn
N21,N71,1,1,small_or_isolated_candidate,small_or_isolated_candidate,515.0575411603209,FALSE,FALSE,FALSE,0.125,FALSE,NA,FALSE,all_pairs_combn
N118,N157,1,1,small_or_isolated_candidate,small_or_isolated_candidate,515.0630136184371,FALSE,FALSE,FALSE,0.125,FALSE,NA,FALSE,all_pairs_combn
N121,N152,1,1,small_or_isolated_candidate,small_or_isolated_candidate,515.2225625998472,FALSE,FALSE,FALSE,0.125,FALSE,NA,FALSE,all_pairs_combn
N146,N17,1,1,small_or_isolated_candidate,small_or_isolated_candidate,515.3966577674461,FALSE,FALSE,FALSE,0.125,FALSE,NA,FALSE,all_pairs_combn
N134,N157,1,1,small_or_isolated_candidate,small_or_isolated_candidate,516.0217633475572,FALSE,FALSE,FALSE,0.125,FALSE,NA,FALSE,all_pairs_combn
N52,N71,1,1,small_or_isolated_candidate,small_or_isolated_candidate,516.1046072508441,FALSE,FALSE,FALSE,0.125,FALSE,NA,FALSE,all_pairs_combn
N51,N71,1,1,small_or_isolated_candidate,small_or_isolated_candidate,516.5609833452999,FALSE,FALSE,FALSE,0.125,FALSE,NA,FALSE,all_pairs_combn
N112,N51,1,1,small_or_isolated_candidate,small_or_isolated_candidate,516.5940808017278,FALSE,FALSE,FALSE,0.125,FALSE,NA,FALSE,all_pairs_combn
N308,N48,1,1,small_or_isolated_candidate,small_or_isolated_candidate,516.6520935062065,FALSE,FALSE,FALSE,0.125,FALSE,NA,FALSE,all_pairs_combn
N112,N52,1,1,small_or_isolated_candidate,small_or_isolated_candidate,517.3969454958119,FALSE,FALSE,FALSE,0.125,FALSE,NA,FALSE,all_pairs_combn
N104,N11,1,1,small_or_isolated_candidate,small_or_isolated_candidate,517.5882316741024,FALSE,FALSE,FALSE,0.125,FALSE,NA,FALSE,all_pairs_combn
N104,N123,1,1,small_or_isolated_candidate,small_or_isolated_candidate,517.728358368807,FALSE,FALSE,FALSE,0.125,FALSE,NA,FALSE,all_pairs_combn
N122,N152,1,1,small_or_isolated_candidate,small_or_isolated_candidate,517.741353821253,FALSE,FALSE,FALSE,0.125,FALSE,NA,FALSE,all_pairs_combn
N110,N30,1,1,small_or_isolated_candidate,small_or_isolated_candidate,517.8253217790204,FALSE,FALSE,FALSE,0.125,FALSE,NA,FALSE,all_pairs_combn
N48,N94,1,1,small_or_isolated_candidate,small_or_isolated_candidate,517.9722942779441,FALSE,FALSE,FALSE,0.125,FALSE,NA,FALSE,all_pairs_combn
N19,N294,1,1,small_or_isolated_candidate,small_or_isolated_candidate,518.1311982402259,FALSE,FALSE,FALSE,0.125,FALSE,NA,FALSE,all_pairs_combn
N123,N152,1,1,small_or_isolated_candidate,small_or_isolated_candidate,518.2199051911268,FALSE,FALSE,FALSE,0.125,FALSE,NA,FALSE,all_pairs_combn
N121,N153,1,1,small_or_isolated_candidate,small_or_isolated_candidate,518.2853338279994,FALSE,FALSE,FALSE,0.125,FALSE,NA,FALSE,all_pairs_combn
N133,N182,1,1,small_or_isolated_candidate,small_or_isolated_candidate,518.7059599803929,FALSE,FALSE,FALSE,0.125,FALSE,NA,FALSE,all_pairs_combn
N107,N259,1,1,small_or_isolated_candidate,small_or_isolated_candidate,518.8168020237404,FALSE,FALSE,FALSE,0.125,FALSE,NA,FALSE,all_pairs_combn
N118,N141,1,1,small_or_isolated_candidate,small_or_isolated_candidate,518.8773135912445,FALSE,FALSE,FALSE,0.125,FALSE,NA,FALSE,all_pairs_combn
N104,N122,1,1,small_or_isolated_candidate,small_or_isolated_candidate,519.2174106944537,FALSE,FALSE,FALSE,0.125,FALSE,NA,FALSE,all_pairs_combn
N114,N129,1,1,small_or_isolated_candidate,small_or_isolated_candidate,519.5562117054066,FALSE,FALSE,FALSE,0.125,FALSE,NA,FALSE,all_pairs_combn
N30,N96,1,1,small_or_isolated_candidate,small_or_isolated_candidate,519.7183245206993,FALSE,FALSE,FALSE,0.125,FALSE,NA,FALSE,all_pairs_combn
N111,N51,1,1,small_or_isolated_candidate,small_or_isolated_candidate,519.7994944603066,FALSE,FALSE,FALSE,0.125,FALSE,NA,FALSE,all_pairs_combn
N133,N305,1,1,small_or_isolated_candidate,small_or_isolated_candidate,519.8416238898176,FALSE,FALSE,FALSE,0.125,FALSE,NA,FALSE,all_pairs_combn
N111,N52,1,1,small_or_isolated_candidate,small_or_isolated_candidate,520.6034795861426,FALSE,FALSE,FALSE,0.125,FALSE,NA,FALSE,all_pairs_combn
N104,N121,1,1,small_or_isolated_candidate,small_or_isolated_candidate,520.6153499599302,FALSE,FALSE,FALSE,0.125,FALSE,NA,FALSE,all_pairs_combn
N48,N62,1,1,small_or_isolated_candidate,small_or_isolated_candidate,520.7060025056824,FALSE,FALSE,FALSE,0.125,FALSE,NA,FALSE,all_pairs_combn
N122,N153,1,1,small_or_isolated_candidate,small_or_isolated_candidate,520.8145449373383,FALSE,FALSE,FALSE,0.125,FALSE,NA,FALSE,all_pairs_combn
N149,N305,1,1,small_or_isolated_candidate,small_or_isolated_candidate,521.2697338767885,FALSE,FALSE,FALSE,0.125,FALSE,NA,FALSE,all_pairs_combn
N123,N153,1,1,small_or_isolated_candidate,small_or_isolated_candidate,521.2815594117933,FALSE,FALSE,FALSE,0.125,FALSE,NA,FALSE,all_pairs_combn
N110,N62,1,1,small_or_isolated_candidate,small_or_isolated_candidate,521.3849906727523,FALSE,FALSE,FALSE,0.125,FALSE,NA,FALSE,all_pairs_combn
N110,N21,1,1,small_or_isolated_candidate,small_or_isolated_candidate,521.6252213122054,FALSE,FALSE,FALSE,0.125,FALSE,NA,FALSE,all_pairs_combn
N33,N68,1,1,small_or_isolated_candidate,small_or_isolated_candidate,521.8067139249581,FALSE,FALSE,FALSE,0.125,FALSE,NA,FALSE,all_pairs_combn
N149,N304,1,1,small_or_isolated_candidate,small_or_isolated_candidate,522.5071006909442,FALSE,FALSE,FALSE,0.125,FALSE,NA,FALSE,all_pairs_combn
N138,N157,1,1,small_or_isolated_candidate,small_or_isolated_candidate,522.9652059111899,FALSE,FALSE,FALSE,0.125,FALSE,NA,FALSE,all_pairs_combn
N113,N140,1,1,small_or_isolated_candidate,small_or_isolated_candidate,523.2099782589647,FALSE,FALSE,FALSE,0.125,FALSE,NA,FALSE,all_pairs_combn
N118,N140,1,1,small_or_isolated_candidate,small_or_isolated_candidate,523.2458154992028,FALSE,FALSE,FALSE,0.125,FALSE,NA,FALSE,all_pairs_combn
N107,N150,1,1,small_or_isolated_candidate,small_or_isolated_candidate,523.9191727825925,FALSE,FALSE,FALSE,0.125,FALSE,NA,FALSE,all_pairs_combn
N114,N135,1,1,small_or_isolated_candidate,small_or_isolated_candidate,524.3975286619102,FALSE,FALSE,FALSE,0.125,FALSE,NA,FALSE,all_pairs_combn
N19,N48,1,1,small_or_isolated_candidate,small_or_isolated_candidate,524.6809162172772,FALSE,FALSE,FALSE,0.125,FALSE,NA,FALSE,all_pairs_combn
N113,N141,1,1,small_or_isolated_candidate,small_or_isolated_candidate,525.372635855457,FALSE,FALSE,FALSE,0.125,FALSE,NA,FALSE,all_pairs_combn
N114,N125,1,1,small_or_isolated_candidate,small_or_isolated_candidate,525.4922271535978,FALSE,FALSE,FALSE,0.125,FALSE,NA,FALSE,all_pairs_combn
N124,N157,1,1,small_or_isolated_candidate,small_or_isolated_candidate,526.1285577496986,FALSE,FALSE,FALSE,0.125,FALSE,NA,FALSE,all_pairs_combn
N133,N138,1,1,small_or_isolated_candidate,small_or_isolated_candidate,526.3387712368382,FALSE,FALSE,FALSE,0.125,FALSE,NA,FALSE,all_pairs_combn
N117,N141,1,1,small_or_isolated_candidate,small_or_isolated_candidate,526.4826796604287,FALSE,FALSE,FALSE,0.125,FALSE,NA,FALSE,all_pairs_combn
N145,N30,1,1,small_or_isolated_candidate,small_or_isolated_candidate,526.6859876677262,FALSE,FALSE,FALSE,0.125,FALSE,NA,FALSE,all_pairs_combn
N129,N152,1,1,small_or_isolated_candidate,small_or_isolated_candidate,526.7359848568775,FALSE,FALSE,FALSE,0.125,FALSE,NA,FALSE,all_pairs_combn
N259,N49,1,1,small_or_isolated_candidate,small_or_isolated_candidate,527.2283000551994,FALSE,FALSE,FALSE,0.125,FALSE,NA,FALSE,all_pairs_combn
N120,N133,1,1,small_or_isolated_candidate,small_or_isolated_candidate,527.4429750862577,FALSE,FALSE,FALSE,0.125,FALSE,NA,FALSE,all_pairs_combn
N138,N294,1,1,small_or_isolated_candidate,small_or_isolated_candidate,527.8135572894957,FALSE,FALSE,FALSE,0.125,FALSE,NA,FALSE,all_pairs_combn
N126,N294,1,1,small_or_isolated_candidate,small_or_isolated_candidate,528.3811536034275,FALSE,FALSE,FALSE,0.125,FALSE,NA,FALSE,all_pairs_combn
N126,N207,1,1,small_or_isolated_candidate,small_or_isolated_candidate,528.5730819296144,FALSE,FALSE,FALSE,0.125,FALSE,NA,FALSE,all_pairs_combn
N113,N294,1,1,small_or_isolated_candidate,small_or_isolated_candidate,528.8132952069043,FALSE,FALSE,FALSE,0.125,FALSE,NA,FALSE,all_pairs_combn
N211,N212,1,1,small_or_isolated_candidate,small_or_isolated_candidate,529.6875108684021,FALSE,FALSE,FALSE,0.125,FALSE,NA,FALSE,all_pairs_combn
N129,N48,1,1,small_or_isolated_candidate,small_or_isolated_candidate,529.6908685410034,FALSE,FALSE,FALSE,0.125,FALSE,NA,FALSE,all_pairs_combn
N259,N50,1,1,small_or_isolated_candidate,small_or_isolated_candidate,529.9090936585874,FALSE,FALSE,FALSE,0.125,FALSE,NA,FALSE,all_pairs_combn
N142,N18,1,1,small_or_isolated_candidate,small_or_isolated_candidate,529.9413251756048,FALSE,FALSE,FALSE,0.125,FALSE,NA,FALSE,all_pairs_combn
N125,N157,1,1,small_or_isolated_candidate,small_or_isolated_candidate,530.0290469957457,FALSE,FALSE,FALSE,0.125,FALSE,NA,FALSE,all_pairs_combn
N110,N20,1,1,small_or_isolated_candidate,small_or_isolated_candidate,530.0579195155556,FALSE,FALSE,FALSE,0.125,FALSE,NA,FALSE,all_pairs_combn
N129,N153,1,1,small_or_isolated_candidate,small_or_isolated_candidate,530.4225317662816,FALSE,FALSE,FALSE,0.125,FALSE,NA,FALSE,all_pairs_combn
N34,N96,1,1,small_or_isolated_candidate,small_or_isolated_candidate,530.7943020232303,FALSE,FALSE,FALSE,0.125,FALSE,NA,FALSE,all_pairs_combn
N117,N140,1,1,small_or_isolated_candidate,small_or_isolated_candidate,530.8006765388911,FALSE,FALSE,FALSE,0.125,FALSE,NA,FALSE,all_pairs_combn
N30,N95,1,1,small_or_isolated_candidate,small_or_isolated_candidate,531.180433739135,FALSE,FALSE,FALSE,0.125,FALSE,NA,FALSE,all_pairs_combn
N125,N48,1,1,small_or_isolated_candidate,small_or_isolated_candidate,531.4386590193191,FALSE,FALSE,FALSE,0.125,FALSE,NA,FALSE,all_pairs_combn
N30,N94,1,1,small_or_isolated_candidate,small_or_isolated_candidate,531.4946677246737,FALSE,FALSE,FALSE,0.125,FALSE,NA,FALSE,all_pairs_combn
N113,N149,1,1,small_or_isolated_candidate,small_or_isolated_candidate,531.5004599354834,FALSE,FALSE,FALSE,0.125,FALSE,NA,FALSE,all_pairs_combn
N11,N305,1,1,small_or_isolated_candidate,small_or_isolated_candidate,531.9865132264051,FALSE,FALSE,FALSE,0.125,FALSE,NA,FALSE,all_pairs_combn
N48,N61,1,1,small_or_isolated_candidate,small_or_isolated_candidate,532.049267661134,FALSE,FALSE,FALSE,0.125,FALSE,NA,FALSE,all_pairs_combn
N24,N294,1,1,small_or_isolated_candidate,small_or_isolated_candidate,532.1983166882137,FALSE,FALSE,FALSE,0.125,FALSE,NA,FALSE,all_pairs_combn
N292,N296,1,1,small_or_isolated_candidate,small_or_isolated_candidate,532.625469738071,FALSE,FALSE,FALSE,0.125,FALSE,NA,FALSE,all_pairs_combn
N18,N300,1,1,small_or_isolated_candidate,small_or_isolated_candidate,532.6840318796785,FALSE,FALSE,FALSE,0.125,FALSE,NA,FALSE,all_pairs_combn
N121,N133,1,1,small_or_isolated_candidate,small_or_isolated_candidate,532.8710872404138,FALSE,FALSE,FALSE,0.125,FALSE,NA,FALSE,all_pairs_combn
N137,N153,1,1,small_or_isolated_candidate,small_or_isolated_candidate,533.0020170422636,FALSE,FALSE,FALSE,0.125,FALSE,NA,FALSE,all_pairs_combn
N113,N145,1,1,small_or_isolated_candidate,small_or_isolated_candidate,533.2397194794681,FALSE,FALSE,FALSE,0.125,FALSE,NA,FALSE,all_pairs_combn
N110,N144,1,1,small_or_isolated_candidate,small_or_isolated_candidate,533.3327567353441,FALSE,FALSE,FALSE,0.125,FALSE,NA,FALSE,all_pairs_combn
N48,N66,1,1,small_or_isolated_candidate,small_or_isolated_candidate,533.4066663857342,FALSE,FALSE,FALSE,0.125,FALSE,NA,FALSE,all_pairs_combn
N48,N63,1,1,small_or_isolated_candidate,small_or_isolated_candidate,534.156272641968,FALSE,FALSE,FALSE,0.125,FALSE,NA,FALSE,all_pairs_combn
N120,N137,1,1,small_or_isolated_candidate,small_or_isolated_candidate,534.2604471030362,FALSE,FALSE,FALSE,0.125,FALSE,NA,FALSE,all_pairs_combn
N110,N134,1,1,small_or_isolated_candidate,small_or_isolated_candidate,534.5163813105205,FALSE,FALSE,FALSE,0.125,FALSE,NA,FALSE,all_pairs_combn
N122,N133,1,1,small_or_isolated_candidate,small_or_isolated_candidate,534.8301802406638,FALSE,FALSE,FALSE,0.125,FALSE,NA,FALSE,all_pairs_combn
N111,N33,1,1,small_or_isolated_candidate,small_or_isolated_candidate,534.9892145582453,FALSE,FALSE,FALSE,0.125,FALSE,NA,FALSE,all_pairs_combn
N137,N152,1,1,small_or_isolated_candidate,small_or_isolated_candidate,535.0302905528881,FALSE,FALSE,FALSE,0.125,FALSE,NA,FALSE,all_pairs_combn
N150,N30,1,1,small_or_isolated_candidate,small_or_isolated_candidate,535.817831009581,FALSE,FALSE,FALSE,0.125,FALSE,NA,FALSE,all_pairs_combn
N123,N133,1,1,small_or_isolated_candidate,small_or_isolated_candidate,535.8610130689461,FALSE,FALSE,FALSE,0.125,FALSE,NA,FALSE,all_pairs_combn
N294,N30,1,1,small_or_isolated_candidate,small_or_isolated_candidate,535.893052660596,FALSE,FALSE,FALSE,0.125,FALSE,NA,FALSE,all_pairs_combn
N19,N307,1,1,small_or_isolated_candidate,small_or_isolated_candidate,536.0432496859814,FALSE,FALSE,FALSE,0.125,FALSE,NA,FALSE,all_pairs_combn
N111,N125,1,1,small_or_isolated_candidate,small_or_isolated_candidate,536.2870850866217,FALSE,FALSE,FALSE,0.125,FALSE,NA,FALSE,all_pairs_combn
N110,N66,1,1,small_or_isolated_candidate,small_or_isolated_candidate,536.3128973889886,FALSE,FALSE,FALSE,0.125,FALSE,NA,FALSE,all_pairs_combn
N112,N33,1,1,small_or_isolated_candidate,small_or_isolated_candidate,536.42247604224406,FALSE,FALSE,FALSE,0.125,FALSE,NA,FALSE,all_pairs_combn
N18,N304,1,1,small_or_isolated_candidate,small_or_isolated_candidate,536.4275568189934,FALSE,FALSE,FALSE,0.125,FALSE,NA,FALSE,all_pairs_combn
N24,N307,1,1,small_or_isolated_candidate,small_or_isolated_candidate,536.7107877420062,FALSE,FALSE,FALSE,0.125,FALSE,NA,FALSE,all_pairs_combn
N110,N63,1,1,small_or_isolated_candidate,small_or_isolated_candidate,536.7973476009656,FALSE,FALSE,FALSE,0.125,FALSE,NA,FALSE,all_pairs_combn
N117,N152,1,1,small_or_isolated_candidate,small_or_isolated_candidate,537.4487869663728,FALSE,FALSE,FALSE,0.125,FALSE,NA,FALSE,all_pairs_combn
N259,N305,1,1,small_or_isolated_candidate,small_or_isolated_candidate,537.5193616600807,FALSE,FALSE,FALSE,0.125,FALSE,NA,FALSE,all_pairs_combn
N112,N17,1,1,small_or_isolated_candidate,small_or_isolated_candidate,537.789840520282,FALSE,FALSE,FALSE,0.125,FALSE,NA,FALSE,all_pairs_combn
N112,N18,1,1,small_or_isolated_candidate,small_or_isolated_candidate,537.9185153141335,FALSE,FALSE,FALSE,0.125,FALSE,NA,FALSE,all_pairs_combn
N112,N125,1,1,small_or_isolated_candidate,small_or_isolated_candidate,538.6725238470102,FALSE,FALSE,FALSE,0.125,FALSE,NA,FALSE,all_pairs_combn
N142,N17,1,1,small_or_isolated_candidate,small_or_isolated_candidate,538.7862964081754,FALSE,FALSE,FALSE,0.125,FALSE,NA,FALSE,all_pairs_combn
N259,N300,1,1,small_or_isolated_candidate,small_or_isolated_candidate,539.138400564323,FALSE,FALSE,FALSE,0.125,FALSE,NA,FALSE,all_pairs_combn
N182,N212,1,1,small_or_isolated_candidate,small_or_isolated_candidate,539.1900356876037,FALSE,FALSE,FALSE,0.125,FALSE,NA,FALSE,all_pairs_combn
N18,N292,1,1,small_or_isolated_candidate,small_or_isolated_candidate,539.7251938511301,FALSE,FALSE,FALSE,0.125,FALSE,NA,FALSE,all_pairs_combn
N118,N152,1,1,small_or_isolated_candidate,small_or_isolated_candidate,539.8394606473514,FALSE,FALSE,FALSE,0.125,FALSE,NA,FALSE,all_pairs_combn
N134,N152,1,1,small_or_isolated_candidate,small_or_isolated_candidate,540.3148127135441,FALSE,FALSE,FALSE,0.125,FALSE,NA,FALSE,all_pairs_combn
N111,N17,1,1,small_or_isolated_candidate,small_or_isolated_candidate,540.4185468640867,FALSE,FALSE,FALSE,0.125,FALSE,NA,FALSE,all_pairs_combn
N111,N18,1,1,small_or_isolated_candidate,small_or_isolated_candidate,540.5117505378631,FALSE,FALSE,FALSE,0.125,FALSE,NA,FALSE,all_pairs_combn
N17,N300,1,1,small_or_isolated_candidate,small_or_isolated_candidate,540.7234461649306,FALSE,FALSE,FALSE,0.125,FALSE,NA,FALSE,all_pairs_combn
N117,N153,1,1,small_or_isolated_candidate,small_or_isolated_candidate,541.1806848365798,FALSE,FALSE,FALSE,0.125,FALSE,NA,FALSE,all_pairs_combn
N17,N96,1,1,small_or_isolated_candidate,small_or_isolated_candidate,542.7166531680404,FALSE,FALSE,FALSE,0.125,FALSE,NA,FALSE,all_pairs_combn
N123,N96,1,1,small_or_isolated_candidate,small_or_isolated_candidate,543.1590520639074,FALSE,FALSE,FALSE,0.125,FALSE,NA,FALSE,all_pairs_combn
N48,N65,1,1,small_or_isolated_candidate,small_or_isolated_candidate,543.4245351808231,FALSE,FALSE,FALSE,0.125,FALSE,NA,FALSE,all_pairs_combn
N118,N153,1,1,small_or_isolated_candidate,small_or_isolated_candidate,543.5703873412481,FALSE,FALSE,FALSE,0.125,FALSE,NA,FALSE,all_pairs_combn
N111,N144,1,1,small_or_isolated_candidate,small_or_isolated_candidate,543.6074334081607,FALSE,FALSE,FALSE,0.125,FALSE,NA,FALSE,all_pairs_combn
N132,N24,1,1,small_or_isolated_candidate,small_or_isolated_candidate,543.934024787036,FALSE,FALSE,FALSE,0.125,FALSE,NA,FALSE,all_pairs_combn
N134,N153,1,1,small_or_isolated_candidate,small_or_isolated_candidate,544.0379067321758,FALSE,FALSE,FALSE,0.125,FALSE,NA,FALSE,all_pairs_combn
N17,N304,1,1,small_or_isolated_candidate,small_or_isolated_candidate,544.2940598609416,FALSE,FALSE,FALSE,0.125,FALSE,NA,FALSE,all_pairs_combn
N112,N144,1,1,small_or_isolated_candidate,small_or_isolated_candidate,544.4101545819204,FALSE,FALSE,FALSE,0.125,FALSE,NA,FALSE,all_pairs_combn
N122,N96,1,1,small_or_isolated_candidate,small_or_isolated_candidate,544.5483206604274,FALSE,FALSE,FALSE,0.125,FALSE,NA,FALSE,all_pairs_combn
N19,N259,1,1,small_or_isolated_candidate,small_or_isolated_candidate,544.9717992559843,FALSE,FALSE,FALSE,0.125,FALSE,NA,FALSE,all_pairs_combn
N134,N141,1,1,small_or_isolated_candidate,small_or_isolated_candidate,545.8160033687719,FALSE,FALSE,FALSE,0.125,FALSE,NA,FALSE,all_pairs_combn
N121,N96,1,1,small_or_isolated_candidate,small_or_isolated_candidate,546.0778049292818,FALSE,FALSE,FALSE,0.125,FALSE,NA,FALSE,all_pairs_combn
N307,N48,1,1,small_or_isolated_candidate,small_or_isolated_candidate,546.1275883808045,FALSE,FALSE,FALSE,0.125,FALSE,NA,FALSE,all_pairs_combn
N110,N124,1,1,small_or_isolated_candidate,small_or_isolated_candidate,546.6871338581122,FALSE,FALSE,FALSE,0.125,FALSE,NA,FALSE,all_pairs_combn
N135,N142,1,1,small_or_isolated_candidate,small_or_isolated_candidate,546.7771476091351,FALSE,FALSE,FALSE,0.125,FALSE,NA,FALSE,all_pairs_combn
N21,N259,1,1,small_or_isolated_candidate,small_or_isolated_candidate,546.8816585112412,FALSE,FALSE,FALSE,0.125,FALSE,NA,FALSE,all_pairs_combn
N17,N292,1,1,small_or_isolated_candidate,small_or_isolated_candidate,546.9554557315824,FALSE,FALSE,FALSE,0.125,FALSE,NA,FALSE,all_pairs_combn
N111,N129,1,1,small_or_isolated_candidate,small_or_isolated_candidate,547.3497956079304,FALSE,FALSE,FALSE,0.125,FALSE,NA,FALSE,all_pairs_combn
N119,N308,1,1,small_or_isolated_candidate,small_or_isolated_candidate,547.6949463825495,FALSE,FALSE,FALSE,0.125,FALSE,NA,FALSE,all_pairs_combn
N18,N96,1,1,small_or_isolated_candidate,small_or_isolated_candidate,547.703398573617,FALSE,FALSE,FALSE,0.125,FALSE,NA,FALSE,all_pairs_combn
N137,N212,1,1,small_or_isolated_candidate,small_or_isolated_candidate,547.7250368990092,FALSE,FALSE,FALSE,0.125,FALSE,NA,FALSE,all_pairs_combn
N138,N152,1,1,small_or_isolated_candidate,small_or_isolated_candidate,547.9671042647497,FALSE,FALSE,FALSE,0.125,FALSE,NA,FALSE,all_pairs_combn
N149,N18,1,1,small_or_isolated_candidate,small_or_isolated_candidate,548.3580165712202,FALSE,FALSE,FALSE,0.125,FALSE,NA,FALSE,all_pairs_combn
N132,N142,1,1,small_or_isolated_candidate,small_or_isolated_candidate,548.62793634872,FALSE,FALSE,FALSE,0.125,FALSE,NA,FALSE,all_pairs_combn
N131,N132,1,1,small_or_isolated_candidate,small_or_isolated_candidate,548.731073046917,FALSE,FALSE,FALSE,0.125,FALSE,NA,FALSE,all_pairs_combn
N110,N69,1,1,small_or_isolated_candidate,small_or_isolated_candidate,549.1592490859714,FALSE,FALSE,FALSE,0.125,FALSE,NA,FALSE,all_pairs_combn
N112,N129,1,1,small_or_isolated_candidate,small_or_isolated_candidate,549.6213113707578,FALSE,FALSE,FALSE,0.125,FALSE,NA,FALSE,all_pairs_combn
N134,N140,1,1,small_or_isolated_candidate,small_or_isolated_candidate,550.0487977877539,FALSE,FALSE,FALSE,0.125,FALSE,NA,FALSE,all_pairs_combn
N104,N259,1,1,small_or_isolated_candidate,small_or_isolated_candidate,550.1178570461939,FALSE,FALSE,FALSE,0.125,FALSE,NA,FALSE,all_pairs_combn
N11,N96,1,1,small_or_isolated_candidate,small_or_isolated_candidate,550.1580560000605,FALSE,FALSE,FALSE,0.125,FALSE,NA,FALSE,all_pairs_combn
N110,N143,1,1,small_or_isolated_candidate,small_or_isolated_candidate,550.166444135415,FALSE,FALSE,FALSE,0.125,FALSE,NA,FALSE,all_pairs_combn
N124,N152,1,1,small_or_isolated_candidate,small_or_isolated_candidate,550.2645397647731,FALSE,FALSE,FALSE,0.125,FALSE,NA,FALSE,all_pairs_combn
N120,N212,1,1,small_or_isolated_candidate,small_or_isolated_candidate,551.2980530938333,FALSE,FALSE,FALSE,0.125,FALSE,NA,FALSE,all_pairs_combn
N138,N153,1,1,small_or_isolated_candidate,small_or_isolated_candidate,551.587727036129,FALSE,FALSE,FALSE,0.125,FALSE,NA,FALSE,all_pairs_combn
N30,N308,1,1,small_or_isolated_candidate,small_or_isolated_candidate,551.9357103347892,FALSE,FALSE,FALSE,0.125,FALSE,NA,FALSE,all_pairs_combn
N137,N157,1,1,small_or_isolated_candidate,small_or_isolated_candidate,552.4523310516604,FALSE,FALSE,FALSE,0.125,FALSE,NA,FALSE,all_pairs_combn
N129,N182,1,1,small_or_isolated_candidate,small_or_isolated_candidate,552.9134716890951,FALSE,FALSE,FALSE,0.125,FALSE,NA,FALSE,all_pairs_combn
N104,N150,1,1,small_or_isolated_candidate,small_or_isolated_candidate,553.2674431662801,FALSE,FALSE,FALSE,0.125,FALSE,NA,FALSE,all_pairs_combn
N114,N124,1,1,small_or_isolated_candidate,small_or_isolated_candidate,553.6010300247402,FALSE,FALSE,FALSE,0.125,FALSE,NA,FALSE,all_pairs_combn
N125,N152,1,1,small_or_isolated_candidate,small_or_isolated_candidate,553.7785472247208,FALSE,FALSE,FALSE,0.125,FALSE,NA,FALSE,all_pairs_combn
N207,N69,1,1,small_or_isolated_candidate,small_or_isolated_candidate,553.8797442407664,FALSE,FALSE,FALSE,0.125,FALSE,NA,FALSE,all_pairs_combn
N124,N153,1,1,small_or_isolated_candidate,small_or_isolated_candidate,553.9804562016851,FALSE,FALSE,FALSE,0.125,FALSE,NA,FALSE,all_pairs_combn
N104,N34,1,1,small_or_isolated_candidate,small_or_isolated_candidate,554.1609642736797,FALSE,FALSE,FALSE,0.125,FALSE,NA,FALSE,all_pairs_combn
N110,N149,1,1,small_or_isolated_candidate,small_or_isolated_candidate,554.1893819394522,FALSE,FALSE,FALSE,0.125,FALSE,NA,FALSE,all_pairs_combn
N259,N304,1,1,small_or_isolated_candidate,small_or_isolated_candidate,554.5535418267027,FALSE,FALSE,FALSE,0.125,FALSE,NA,FALSE,all_pairs_combn
N136,N51,1,1,small_or_isolated_candidate,small_or_isolated_candidate,554.868948190147,FALSE,FALSE,FALSE,0.125,FALSE,NA,FALSE,all_pairs_combn
N136,N52,1,1,small_or_isolated_candidate,small_or_isolated_candidate,555.8531967351726,FALSE,FALSE,FALSE,0.125,FALSE,NA,FALSE,all_pairs_combn
N149,N17,1,1,small_or_isolated_candidate,small_or_isolated_candidate,556.4199615436587,FALSE,FALSE,FALSE,0.125,FALSE,NA,FALSE,all_pairs_combn
N110,N61,1,1,small_or_isolated_candidate,small_or_isolated_candidate,556.4776503533768,FALSE,FALSE,FALSE,0.125,FALSE,NA,FALSE,all_pairs_combn
N140,N19,1,1,small_or_isolated_candidate,small_or_isolated_candidate,556.7984919021343,FALSE,FALSE,FALSE,0.125,FALSE,NA,FALSE,all_pairs_combn
N34,N68,1,1,small_or_isolated_candidate,small_or_isolated_candidate,556.9893599097034,FALSE,FALSE,FALSE,0.125,FALSE,NA,FALSE,all_pairs_combn
N123,N30,1,1,small_or_isolated_candidate,small_or_isolated_candidate,557.2174722175038,FALSE,FALSE,FALSE,0.125,FALSE,NA,FALSE,all_pairs_combn
N125,N153,1,1,small_or_isolated_candidate,small_or_isolated_candidate,557.471991551808,FALSE,FALSE,FALSE,0.125,FALSE,NA,FALSE,all_pairs_combn
N141,N19,1,1,small_or_isolated_candidate,small_or_isolated_candidate,557.609504748112,FALSE,FALSE,FALSE,0.125,FALSE,NA,FALSE,all_pairs_combn
N143,N300,1,1,small_or_isolated_candidate,small_or_isolated_candidate,557.8327052691169,FALSE,FALSE,FALSE,0.125,FALSE,NA,FALSE,all_pairs_combn
N129,N141,1,1,small_or_isolated_candidate,small_or_isolated_candidate,558.1412114588373,FALSE,FALSE,FALSE,0.125,FALSE,NA,FALSE,all_pairs_combn
N121,N30,1,1,small_or_isolated_candidate,small_or_isolated_candidate,558.2310158986062,FALSE,FALSE,FALSE,0.125,FALSE,NA,FALSE,all_pairs_combn
N24,N305,1,1,small_or_isolated_candidate,small_or_isolated_candidate,558.7719701547373,FALSE,FALSE,FALSE,0.125,FALSE,NA,FALSE,all_pairs_combn
N131,N292,1,1,small_or_isolated_candidate,small_or_isolated_candidate,559.126936874231,FALSE,FALSE,FALSE,0.125,FALSE,NA,FALSE,all_pairs_combn
N112,N49,1,1,small_or_isolated_candidate,small_or_isolated_candidate,559.2111194943311,FALSE,FALSE,FALSE,0.125,FALSE,NA,FALSE,all_pairs_combn
N119,N69,1,1,small_or_isolated_candidate,small_or_isolated_candidate,559.3483557008768,FALSE,FALSE,FALSE,0.125,FALSE,NA,FALSE,all_pairs_combn
N11,N92,1,1,small_or_isolated_candidate,small_or_isolated_candidate,559.470150185827,FALSE,FALSE,FALSE,0.125,FALSE,NA,FALSE,all_pairs_combn
N122,N30,1,1,small_or_isolated_candidate,small_or_isolated_candidate,560.0666629348921,FALSE,FALSE,FALSE,0.125,FALSE,NA,FALSE,all_pairs_combn
N113,N143,1,1,small_or_isolated_candidate,small_or_isolated_candidate,560.1552307325788,FALSE,FALSE,FALSE,0.125,FALSE,NA,FALSE,all_pairs_combn
N136,N296,1,1,small_or_isolated_candidate,small_or_isolated_candidate,560.19400114068,FALSE,FALSE,FALSE,0.125,FALSE,NA,FALSE,all_pairs_combn
N112,N50,1,1,small_or_isolated_candidate,small_or_isolated_candidate,560.3006710453673,FALSE,FALSE,FALSE,0.125,FALSE,NA,FALSE,all_pairs_combn
N111,N143,1,1,small_or_isolated_candidate,small_or_isolated_candidate,560.4714301703863,FALSE,FALSE,FALSE,0.125,FALSE,NA,FALSE,all_pairs_combn
N141,N30,1,1,small_or_isolated_candidate,small_or_isolated_candidate,560.7625361217459,FALSE,FALSE,FALSE,0.125,FALSE,NA,FALSE,all_pairs_combn
N132,N153,1,1,small_or_isolated_candidate,small_or_isolated_candidate,560.8629028028755,FALSE,FALSE,FALSE,0.125,FALSE,NA,FALSE,all_pairs_combn
N135,N143,1,1,small_or_isolated_candidate,small_or_isolated_candidate,560.9469526237693,FALSE,FALSE,FALSE,0.125,FALSE,NA,FALSE,all_pairs_combn
N124,N141,1,1,small_or_isolated_candidate,small_or_isolated_candidate,560.9885500574427,FALSE,FALSE,FALSE,0.125,FALSE,NA,FALSE,all_pairs_combn
N140,N30,1,1,small_or_isolated_candidate,small_or_isolated_candidate,561.0151480469259,FALSE,FALSE,FALSE,0.125,FALSE,NA,FALSE,all_pairs_combn
N135,N296,1,1,small_or_isolated_candidate,small_or_isolated_candidate,561.0763140931276,FALSE,FALSE,FALSE,0.125,FALSE,NA,FALSE,all_pairs_combn
N112,N143,1,1,small_or_isolated_candidate,small_or_isolated_candidate,561.2811607352512,FALSE,FALSE,FALSE,0.125,FALSE,NA,FALSE,all_pairs_combn
N119,N307,1,1,small_or_isolated_candidate,small_or_isolated_candidate,561.9066830786643,FALSE,FALSE,FALSE,0.125,FALSE,NA,FALSE,all_pairs_combn
N136,N300,1,1,small_or_isolated_candidate,small_or_isolated_candidate,562.1472813589069,FALSE,FALSE,FALSE,0.125,FALSE,NA,FALSE,all_pairs_combn
N129,N140,1,1,small_or_isolated_candidate,small_or_isolated_candidate,562.2022247883745,FALSE,FALSE,FALSE,0.125,FALSE,NA,FALSE,all_pairs_combn
N111,N49,1,1,small_or_isolated_candidate,small_or_isolated_candidate,562.491938369375,FALSE,FALSE,FALSE,0.125,FALSE,NA,FALSE,all_pairs_combn
N17,N92,1,1,small_or_isolated_candidate,small_or_isolated_candidate,562.5460708737115,FALSE,FALSE,FALSE,0.125,FALSE,NA,FALSE,all_pairs_combn
N11,N300,1,1,small_or_isolated_candidate,small_or_isolated_candidate,562.6438931036822,FALSE,FALSE,FALSE,0.125,FALSE,NA,FALSE,all_pairs_combn
N110,N146,1,1,small_or_isolated_candidate,small_or_isolated_candidate,562.7066870821847,FALSE,FALSE,FALSE,0.125,FALSE,NA,FALSE,all_pairs_combn
N132,N152,1,1,small_or_isolated_candidate,small_or_isolated_candidate,563.0433060234404,FALSE,FALSE,FALSE,0.125,FALSE,NA,FALSE,all_pairs_combn
N137,N182,1,1,small_or_isolated_candidate,small_or_isolated_candidate,563.0684055533092,FALSE,FALSE,FALSE,0.125,FALSE,NA,FALSE,all_pairs_combn
N144,N300,1,1,small_or_isolated_candidate,small_or_isolated_candidate,563.0962628668718,FALSE,FALSE,FALSE,0.125,FALSE,NA,FALSE,all_pairs_combn
N11,N146,1,1,small_or_isolated_candidate,small_or_isolated_candidate,563.3091222455558,FALSE,FALSE,FALSE,0.125,FALSE,NA,FALSE,all_pairs_combn
N111,N50,1,1,small_or_isolated_candidate,small_or_isolated_candidate,563.5849836126764,FALSE,FALSE,FALSE,0.125,FALSE,NA,FALSE,all_pairs_combn
N150,N49,1,1,small_or_isolated_candidate,small_or_isolated_candidate,563.9264576091043,FALSE,FALSE,FALSE,0.125,FALSE,NA,FALSE,all_pairs_combn
N141,N211,1,1,small_or_isolated_candidate,small_or_isolated_candidate,564.0863937416448,FALSE,FALSE,FALSE,0.125,FALSE,NA,FALSE,all_pairs_combn
N294,N51,1,1,small_or_isolated_candidate,small_or_isolated_candidate,564.3481462145187,FALSE,FALSE,FALSE,0.125,FALSE,NA,FALSE,all_pairs_combn
N11,N304,1,1,small_or_isolated_candidate,small_or_isolated_candidate,564.4544810660734,FALSE,FALSE,FALSE,0.125,FALSE,NA,FALSE,all_pairs_combn
N145,N51,1,1,small_or_isolated_candidate,small_or_isolated_candidate,564.5207417339136,FALSE,FALSE,FALSE,0.125,FALSE,NA,FALSE,all_pairs_combn
N20,N259,1,1,small_or_isolated_candidate,small_or_isolated_candidate,564.5639761546196,FALSE,FALSE,FALSE,0.125,FALSE,NA,FALSE,all_pairs_combn
N132,N18,1,1,small_or_isolated_candidate,small_or_isolated_candidate,564.9137836564569,FALSE,FALSE,FALSE,0.125,FALSE,NA,FALSE,all_pairs_combn
N294,N52,1,1,small_or_isolated_candidate,small_or_isolated_candidate,565.1004981939134,FALSE,FALSE,FALSE,0.125,FALSE,NA,FALSE,all_pairs_combn
N129,N206,1,1,small_or_isolated_candidate,small_or_isolated_candidate,565.1598223541293,FALSE,FALSE,FALSE,0.125,FALSE,NA,FALSE,all_pairs_combn
N124,N140,1,1,small_or_isolated_candidate,small_or_isolated_candidate,565.2007230294805,FALSE,FALSE,FALSE,0.125,FALSE,NA,FALSE,all_pairs_combn
N145,N52,1,1,small_or_isolated_candidate,small_or_isolated_candidate,565.2107679753866,FALSE,FALSE,FALSE,0.125,FALSE,NA,FALSE,all_pairs_combn
N33,N96,1,1,small_or_isolated_candidate,small_or_isolated_candidate,565.7455647253637,FALSE,FALSE,FALSE,0.125,FALSE,NA,FALSE,all_pairs_combn
N114,N134,1,1,small_or_isolated_candidate,small_or_isolated_candidate,566.0682626702359,FALSE,FALSE,FALSE,0.125,FALSE,NA,FALSE,all_pairs_combn
N150,N50,1,1,small_or_isolated_candidate,small_or_isolated_candidate,566.5119707893169,FALSE,FALSE,FALSE,0.125,FALSE,NA,FALSE,all_pairs_combn
N119,N207,1,1,small_or_isolated_candidate,small_or_isolated_candidate,567.1887050170673,FALSE,FALSE,FALSE,0.125,FALSE,NA,FALSE,all_pairs_combn
N10,N145,1,1,small_or_isolated_candidate,small_or_isolated_candidate,567.3262774151724,FALSE,FALSE,FALSE,0.125,FALSE,NA,FALSE,all_pairs_combn
N136,N305,1,1,small_or_isolated_candidate,small_or_isolated_candidate,567.7472965658224,FALSE,FALSE,FALSE,0.125,FALSE,NA,FALSE,all_pairs_combn
N110,N34,1,1,small_or_isolated_candidate,small_or_isolated_candidate,567.9307600322949,FALSE,FALSE,FALSE,0.125,FALSE,NA,FALSE,all_pairs_combn
N135,N149,1,1,small_or_isolated_candidate,small_or_isolated_candidate,568.5148054708347,FALSE,FALSE,FALSE,0.125,FALSE,NA,FALSE,all_pairs_combn
N140,N211,1,1,small_or_isolated_candidate,small_or_isolated_candidate,568.6027172970411,FALSE,FALSE,FALSE,0.125,FALSE,NA,FALSE,all_pairs_combn
N135,N206,1,1,small_or_isolated_candidate,small_or_isolated_candidate,568.6342313323365,FALSE,FALSE,FALSE,0.125,FALSE,NA,FALSE,all_pairs_combn
N125,N182,1,1,small_or_isolated_candidate,small_or_isolated_candidate,568.8198375893897,FALSE,FALSE,FALSE,0.125,FALSE,NA,FALSE,all_pairs_combn
N18,N92,1,1,small_or_isolated_candidate,small_or_isolated_candidate,568.9968040684212,FALSE,FALSE,FALSE,0.125,FALSE,NA,FALSE,all_pairs_combn
N259,N296,1,1,small_or_isolated_candidate,small_or_isolated_candidate,569.0608387324363,FALSE,FALSE,FALSE,0.125,FALSE,NA,FALSE,all_pairs_combn
N125,N206,1,1,small_or_isolated_candidate,small_or_isolated_candidate,569.4732414167584,FALSE,FALSE,FALSE,0.125,FALSE,NA,FALSE,all_pairs_combn
N11,N112,1,1,small_or_isolated_candidate,small_or_isolated_candidate,570.2569541013324,FALSE,FALSE,FALSE,0.125,FALSE,NA,FALSE,all_pairs_combn
N132,N17,1,1,small_or_isolated_candidate,small_or_isolated_candidate,571.1208147549303,FALSE,FALSE,FALSE,0.125,FALSE,NA,FALSE,all_pairs_combn
N133,N211,1,1,small_or_isolated_candidate,small_or_isolated_candidate,571.7444167920412,FALSE,FALSE,FALSE,0.125,FALSE,NA,FALSE,all_pairs_combn
N19,N305,1,1,small_or_isolated_candidate,small_or_isolated_candidate,572.0992427024371,FALSE,FALSE,FALSE,0.125,FALSE,NA,FALSE,all_pairs_combn
N123,N49,1,1,small_or_isolated_candidate,small_or_isolated_candidate,572.4781798343198,FALSE,FALSE,FALSE,0.125,FALSE,NA,FALSE,all_pairs_combn
N132,N19,1,1,small_or_isolated_candidate,small_or_isolated_candidate,572.818695888702,FALSE,FALSE,FALSE,0.125,FALSE,NA,FALSE,all_pairs_combn
N11,N111,1,1,small_or_isolated_candidate,small_or_isolated_candidate,573.0216669694112,FALSE,FALSE,FALSE,0.125,FALSE,NA,FALSE,all_pairs_combn
N148,N182,1,1,small_or_isolated_candidate,small_or_isolated_candidate,573.3073108331793,FALSE,FALSE,FALSE,0.125,FALSE,NA,FALSE,all_pairs_combn
N148,N48,1,1,small_or_isolated_candidate,small_or_isolated_candidate,573.3085061203847,FALSE,FALSE,FALSE,0.125,FALSE,NA,FALSE,all_pairs_combn
N48,N93,1,1,small_or_isolated_candidate,small_or_isolated_candidate,573.4072729970321,FALSE,FALSE,FALSE,0.125,FALSE,NA,FALSE,all_pairs_combn
N111,N149,1,1,small_or_isolated_candidate,small_or_isolated_candidate,573.7014340644777,FALSE,FALSE,FALSE,0.125,FALSE,NA,FALSE,all_pairs_combn
N121,N49,1,1,small_or_isolated_candidate,small_or_isolated_candidate,574.0539509273117,FALSE,FALSE,FALSE,0.125,FALSE,NA,FALSE,all_pairs_combn
N112,N149,1,1,small_or_isolated_candidate,small_or_isolated_candidate,574.1878522865843,FALSE,FALSE,FALSE,0.125,FALSE,NA,FALSE,all_pairs_combn
N132,N157,1,1,small_or_isolated_candidate,small_or_isolated_candidate,574.4463042045561,FALSE,FALSE,FALSE,0.125,FALSE,NA,FALSE,all_pairs_combn
N150,N300,1,1,small_or_isolated_candidate,small_or_isolated_candidate,574.5958195490527,FALSE,FALSE,FALSE,0.125,FALSE,NA,FALSE,all_pairs_combn
N137,N296,1,1,small_or_isolated_candidate,small_or_isolated_candidate,574.7213626243961,FALSE,FALSE,FALSE,0.125,FALSE,NA,FALSE,all_pairs_combn
N110,N125,1,1,small_or_isolated_candidate,small_or_isolated_candidate,574.794401401094,FALSE,FALSE,FALSE,0.125,FALSE,NA,FALSE,all_pairs_combn
N123,N50,1,1,small_or_isolated_candidate,small_or_isolated_candidate,574.8782175741712,FALSE,FALSE,FALSE,0.125,FALSE,NA,FALSE,all_pairs_combn
N122,N49,1,1,small_or_isolated_candidate,small_or_isolated_candidate,575.2181405477303,FALSE,FALSE,FALSE,0.125,FALSE,NA,FALSE,all_pairs_combn
N113,N144,1,1,small_or_isolated_candidate,small_or_isolated_candidate,575.3737269989806,FALSE,FALSE,FALSE,0.125,FALSE,NA,FALSE,all_pairs_combn
N150,N305,1,1,small_or_isolated_candidate,small_or_isolated_candidate,575.8157408097743,FALSE,FALSE,FALSE,0.125,FALSE,NA,FALSE,all_pairs_combn
N140,N24,1,1,small_or_isolated_candidate,small_or_isolated_candidate,576.2408283676604,FALSE,FALSE,FALSE,0.125,FALSE,NA,FALSE,all_pairs_combn
N121,N50,1,1,small_or_isolated_candidate,small_or_isolated_candidate,576.4620581704798,FALSE,FALSE,FALSE,0.125,FALSE,NA,FALSE,all_pairs_combn
N10,N308,1,1,small_or_isolated_candidate,small_or_isolated_candidate,576.8473280986314,FALSE,FALSE,FALSE,0.125,FALSE,NA,FALSE,all_pairs_combn
N141,N51,1,1,small_or_isolated_candidate,small_or_isolated_candidate,576.8577630653624,FALSE,FALSE,FALSE,0.125,FALSE,NA,FALSE,all_pairs_combn
N24,N48,1,1,small_or_isolated_candidate,small_or_isolated_candidate,577.155652331149,FALSE,FALSE,FALSE,0.125,FALSE,NA,FALSE,all_pairs_combn
N11,N132,1,1,small_or_isolated_candidate,small_or_isolated_candidate,577.252810234342,FALSE,FALSE,FALSE,0.125,FALSE,NA,FALSE,all_pairs_combn
N110,N65,1,1,small_or_isolated_candidate,small_or_isolated_candidate,577.3070988885386,FALSE,FALSE,FALSE,0.125,FALSE,NA,FALSE,all_pairs_combn
N144,N18,1,1,small_or_isolated_candidate,small_or_isolated_candidate,577.4857820031956,FALSE,FALSE,FALSE,0.125,FALSE,NA,FALSE,all_pairs_combn
N141,N24,1,1,small_or_isolated_candidate,small_or_isolated_candidate,577.5021293871156,FALSE,FALSE,FALSE,0.125,FALSE,NA,FALSE,all_pairs_combn
N135,N144,1,1,small_or_isolated_candidate,small_or_isolated_candidate,577.5483271994162,FALSE,FALSE,FALSE,0.125,FALSE,NA,FALSE,all_pairs_combn
N122,N50,1,1,small_or_isolated_candidate,small_or_isolated_candidate,577.6155872610244,FALSE,FALSE,FALSE,0.125,FALSE,NA,FALSE,all_pairs_combn
N141,N52,1,1,small_or_isolated_candidate,small_or_isolated_candidate,577.6825063241819,FALSE,FALSE,FALSE,0.125,FALSE,NA,FALSE,all_pairs_combn
N110,N141,1,1,small_or_isolated_candidate,small_or_isolated_candidate,577.7954870324078,FALSE,FALSE,FALSE,0.125,FALSE,NA,FALSE,all_pairs_combn
N107,N136,1,1,small_or_isolated_candidate,small_or_isolated_candidate,577.9233308395828,FALSE,FALSE,FALSE,0.125,FALSE,NA,FALSE,all_pairs_combn
N140,N51,1,1,small_or_isolated_candidate,small_or_isolated_candidate,577.9465306884738,FALSE,FALSE,FALSE,0.125,FALSE,NA,FALSE,all_pairs_combn
N143,N305,1,1,small_or_isolated_candidate,small_or_isolated_candidate,578.0272665409469,FALSE,FALSE,FALSE,0.125,FALSE,NA,FALSE,all_pairs_combn
N138,N145,1,1,small_or_isolated_candidate,small_or_isolated_candidate,578.0565344767796,FALSE,FALSE,FALSE,0.125,FALSE,NA,FALSE,all_pairs_combn
N292,N300,1,1,small_or_isolated_candidate,small_or_isolated_candidate,578.0600487259719,FALSE,FALSE,FALSE,0.125,FALSE,NA,FALSE,all_pairs_combn
N125,N141,1,1,small_or_isolated_candidate,small_or_isolated_candidate,578.1203223160541,FALSE,FALSE,FALSE,0.125,FALSE,NA,FALSE,all_pairs_combn
N143,N304,1,1,small_or_isolated_candidate,small_or_isolated_candidate,578.7005905591597,FALSE,FALSE,FALSE,0.125,FALSE,NA,FALSE,all_pairs_combn
N140,N52,1,1,small_or_isolated_candidate,small_or_isolated_candidate,578.7669391207376,FALSE,FALSE,FALSE,0.125,FALSE,NA,FALSE,all_pairs_combn
N259,N96,1,1,small_or_isolated_candidate,small_or_isolated_candidate,579.0528038587087,FALSE,FALSE,FALSE,0.125,FALSE,NA,FALSE,all_pairs_combn
N126,N145,1,1,small_or_isolated_candidate,small_or_isolated_candidate,579.7718668480961,FALSE,FALSE,FALSE,0.125,FALSE,NA,FALSE,all_pairs_combn
N136,N304,1,1,small_or_isolated_candidate,small_or_isolated_candidate,579.8182867512463,FALSE,FALSE,FALSE,0.125,FALSE,NA,FALSE,all_pairs_combn
N30,N307,1,1,small_or_isolated_candidate,small_or_isolated_candidate,580.514916006395,FALSE,FALSE,FALSE,0.125,FALSE,NA,FALSE,all_pairs_combn
N150,N96,1,1,small_or_isolated_candidate,small_or_isolated_candidate,580.6061455708867,FALSE,FALSE,FALSE,0.125,FALSE,NA,FALSE,all_pairs_combn
N107,N34,1,1,small_or_isolated_candidate,small_or_isolated_candidate,581.0348010587992,FALSE,FALSE,FALSE,0.125,FALSE,NA,FALSE,all_pairs_combn
N34,N95,1,1,small_or_isolated_candidate,small_or_isolated_candidate,581.4364355225979,FALSE,FALSE,FALSE,0.125,FALSE,NA,FALSE,all_pairs_combn
N110,N140,1,1,small_or_isolated_candidate,small_or_isolated_candidate,581.6741795745727,FALSE,FALSE,FALSE,0.125,FALSE,NA,FALSE,all_pairs_combn
N110,N129,1,1,small_or_isolated_candidate,small_or_isolated_candidate,581.8687852249285,FALSE,FALSE,FALSE,0.125,FALSE,NA,FALSE,all_pairs_combn
N144,N305,1,1,small_or_isolated_candidate,small_or_isolated_candidate,582.154856455596,FALSE,FALSE,FALSE,0.125,FALSE,NA,FALSE,all_pairs_combn
N125,N140,1,1,small_or_isolated_candidate,small_or_isolated_candidate,582.253832093662,FALSE,FALSE,FALSE,0.125,FALSE,NA,FALSE,all_pairs_combn
N144,N304,1,1,small_or_isolated_candidate,small_or_isolated_candidate,583.7901493023651,FALSE,FALSE,FALSE,0.125,FALSE,NA,FALSE,all_pairs_combn
N11,N142,1,1,small_or_isolated_candidate,small_or_isolated_candidate,583.9502344236306,FALSE,FALSE,FALSE,0.125,FALSE,NA,FALSE,all_pairs_combn
N11,N95,1,1,small_or_isolated_candidate,small_or_isolated_candidate,584.9764635969502,FALSE,FALSE,FALSE,0.125,FALSE,NA,FALSE,all_pairs_combn
N144,N17,1,1,small_or_isolated_candidate,small_or_isolated_candidate,585.1136466482378,FALSE,FALSE,FALSE,0.125,FALSE,NA,FALSE,all_pairs_combn
N107,N19,1,1,small_or_isolated_candidate,small_or_isolated_candidate,585.2955650477669,FALSE,FALSE,FALSE,0.125,FALSE,NA,FALSE,all_pairs_combn
N128,N148,1,1,small_or_isolated_candidate,small_or_isolated_candidate,585.3662520911146,FALSE,FALSE,FALSE,0.125,FALSE,NA,FALSE,all_pairs_combn
N135,N146,1,1,small_or_isolated_candidate,small_or_isolated_candidate,585.6747078134781,FALSE,FALSE,FALSE,0.125,FALSE,NA,FALSE,all_pairs_combn
N136,N30,1,1,small_or_isolated_candidate,small_or_isolated_candidate,585.842644589085,FALSE,FALSE,FALSE,0.125,FALSE,NA,FALSE,all_pairs_combn
N157,N211,1,1,small_or_isolated_candidate,small_or_isolated_candidate,586.4700125486605,FALSE,FALSE,FALSE,0.125,FALSE,NA,FALSE,all_pairs_combn
N17,N95,1,1,small_or_isolated_candidate,small_or_isolated_candidate,586.5573815166654,FALSE,FALSE,FALSE,0.125,FALSE,NA,FALSE,all_pairs_combn
N24,N259,1,1,small_or_isolated_candidate,small_or_isolated_candidate,586.6090474308505,FALSE,FALSE,FALSE,0.125,FALSE,NA,FALSE,all_pairs_combn
N150,N21,1,1,small_or_isolated_candidate,small_or_isolated_candidate,586.8304771611166,FALSE,FALSE,FALSE,0.125,FALSE,NA,FALSE,all_pairs_combn
N120,N148,1,1,small_or_isolated_candidate,small_or_isolated_candidate,587.3377323255748,FALSE,FALSE,FALSE,0.125,FALSE,NA,FALSE,all_pairs_combn
N138,N207,1,1,small_or_isolated_candidate,small_or_isolated_candidate,587.7212787513723,FALSE,FALSE,FALSE,0.125,FALSE,NA,FALSE,all_pairs_combn
N143,N18,1,1,small_or_isolated_candidate,small_or_isolated_candidate,587.7499640340571,FALSE,FALSE,FALSE,0.125,FALSE,NA,FALSE,all_pairs_combn
N128,N146,1,1,small_or_isolated_candidate,small_or_isolated_candidate,587.8079594558801,FALSE,FALSE,FALSE,0.125,FALSE,NA,FALSE,all_pairs_combn
N118,N294,1,1,small_or_isolated_candidate,small_or_isolated_candidate,587.926028931127,FALSE,FALSE,FALSE,0.125,FALSE,NA,FALSE,all_pairs_combn
N11,N94,1,1,small_or_isolated_candidate,small_or_isolated_candidate,588.1368666392123,FALSE,FALSE,FALSE,0.125,FALSE,NA,FALSE,all_pairs_combn
N127,N148,1,1,small_or_isolated_candidate,small_or_isolated_candidate,588.1848735639086,FALSE,FALSE,FALSE,0.125,FALSE,NA,FALSE,all_pairs_combn
N11,N93,1,1,small_or_isolated_candidate,small_or_isolated_candidate,589.1294728838068,FALSE,FALSE,FALSE,0.125,FALSE,NA,FALSE,all_pairs_combn
N137,N148,1,1,small_or_isolated_candidate,small_or_isolated_candidate,589.2880864173378,FALSE,FALSE,FALSE,0.125,FALSE,NA,FALSE,all_pairs_combn
N104,N33,1,1,small_or_isolated_candidate,small_or_isolated_candidate,589.9524653136133,FALSE,FALSE,FALSE,0.125,FALSE,NA,FALSE,all_pairs_combn
N120,N129,1,1,small_or_isolated_candidate,small_or_isolated_candidate,589.9962122836989,FALSE,FALSE,FALSE,0.125,FALSE,NA,FALSE,all_pairs_combn
N150,N296,1,1,small_or_isolated_candidate,small_or_isolated_candidate,590.3588040901415,FALSE,FALSE,FALSE,0.125,FALSE,NA,FALSE,all_pairs_combn
N127,N146,1,1,small_or_isolated_candidate,small_or_isolated_candidate,590.3724938495566,FALSE,FALSE,FALSE,0.125,FALSE,NA,FALSE,all_pairs_combn
N17,N94,1,1,small_or_isolated_candidate,small_or_isolated_candidate,590.8723267598767,FALSE,FALSE,FALSE,0.125,FALSE,NA,FALSE,all_pairs_combn
N150,N304,1,1,small_or_isolated_candidate,small_or_isolated_candidate,590.9645192809705,FALSE,FALSE,FALSE,0.125,FALSE,NA,FALSE,all_pairs_combn
N34,N94,1,1,small_or_isolated_candidate,small_or_isolated_candidate,591.2929389970018,FALSE,FALSE,FALSE,0.125,FALSE,NA,FALSE,all_pairs_combn
N111,N146,1,1,small_or_isolated_candidate,small_or_isolated_candidate,591.7862351918459,FALSE,FALSE,FALSE,0.125,FALSE,NA,FALSE,all_pairs_combn
N112,N146,1,1,small_or_isolated_candidate,small_or_isolated_candidate,591.9279842240718,FALSE,FALSE,FALSE,0.125,FALSE,NA,FALSE,all_pairs_combn
N122,N69,1,1,small_or_isolated_candidate,small_or_isolated_candidate,591.933852842731,FALSE,FALSE,FALSE,0.125,FALSE,NA,FALSE,all_pairs_combn
N10,N294,1,1,small_or_isolated_candidate,small_or_isolated_candidate,592.4869419480276,FALSE,FALSE,FALSE,0.125,FALSE,NA,FALSE,all_pairs_combn
N18,N95,1,1,small_or_isolated_candidate,small_or_isolated_candidate,592.801864492078,FALSE,FALSE,FALSE,0.125,FALSE,NA,FALSE,all_pairs_combn
N113,N132,1,1,small_or_isolated_candidate,small_or_isolated_candidate,592.9809726396684,FALSE,FALSE,FALSE,0.125,FALSE,NA,FALSE,all_pairs_combn
N24,N304,1,1,small_or_isolated_candidate,small_or_isolated_candidate,593.0870714536115,FALSE,FALSE,FALSE,0.125,FALSE,NA,FALSE,all_pairs_combn
N30,N71,1,1,small_or_isolated_candidate,small_or_isolated_candidate,593.0987194691994,FALSE,FALSE,FALSE,0.125,FALSE,NA,FALSE,all_pairs_combn
N292,N305,1,1,small_or_isolated_candidate,small_or_isolated_candidate,593.1599018524923,FALSE,FALSE,FALSE,0.125,FALSE,NA,FALSE,all_pairs_combn
N150,N19,1,1,small_or_isolated_candidate,small_or_isolated_candidate,593.2710314774636,FALSE,FALSE,FALSE,0.125,FALSE,NA,FALSE,all_pairs_combn
N124,N182,1,1,small_or_isolated_candidate,small_or_isolated_candidate,593.3761712090164,FALSE,FALSE,FALSE,0.125,FALSE,NA,FALSE,all_pairs_combn
N123,N69,1,1,small_or_isolated_candidate,small_or_isolated_candidate,594.0873177396033,FALSE,FALSE,FALSE,0.125,FALSE,NA,FALSE,all_pairs_combn
N121,N69,1,1,small_or_isolated_candidate,small_or_isolated_candidate,595.4219541816249,FALSE,FALSE,FALSE,0.125,FALSE,NA,FALSE,all_pairs_combn
N143,N17,1,1,small_or_isolated_candidate,small_or_isolated_candidate,595.4879200885416,FALSE,FALSE,FALSE,0.125,FALSE,NA,FALSE,all_pairs_combn
N117,N294,1,1,small_or_isolated_candidate,small_or_isolated_candidate,595.7792387691147,FALSE,FALSE,FALSE,0.125,FALSE,NA,FALSE,all_pairs_combn
N128,N133,1,1,small_or_isolated_candidate,small_or_isolated_candidate,595.8015459967854,FALSE,FALSE,FALSE,0.125,FALSE,NA,FALSE,all_pairs_combn
N11,N292,1,1,small_or_isolated_candidate,small_or_isolated_candidate,596.8199365802551,FALSE,FALSE,FALSE,0.125,FALSE,NA,FALSE,all_pairs_combn
N308,N51,1,1,small_or_isolated_candidate,small_or_isolated_candidate,596.8715471003147,FALSE,FALSE,FALSE,0.125,FALSE,NA,FALSE,all_pairs_combn
N18,N94,1,1,small_or_isolated_candidate,small_or_isolated_candidate,597.2642950341024,FALSE,FALSE,FALSE,0.125,FALSE,NA,FALSE,all_pairs_combn
N128,N212,1,1,small_or_isolated_candidate,small_or_isolated_candidate,597.3706080164919,FALSE,FALSE,FALSE,0.125,FALSE,NA,FALSE,all_pairs_combn
N308,N52,1,1,small_or_isolated_candidate,small_or_isolated_candidate,597.5128774520408,FALSE,FALSE,FALSE,0.125,FALSE,NA,FALSE,all_pairs_combn
N124,N206,1,1,small_or_isolated_candidate,small_or_isolated_candidate,597.7827891283029,FALSE,FALSE,FALSE,0.125,FALSE,NA,FALSE,all_pairs_combn
N292,N304,1,1,small_or_isolated_candidate,small_or_isolated_candidate,598.0428007604013,FALSE,FALSE,FALSE,0.125,FALSE,NA,FALSE,all_pairs_combn
N114,N117,1,1,small_or_isolated_candidate,small_or_isolated_candidate,598.2092790032468,FALSE,FALSE,FALSE,0.125,FALSE,NA,FALSE,all_pairs_combn
N127,N133,1,1,small_or_isolated_candidate,small_or_isolated_candidate,598.6574450600208,FALSE,FALSE,FALSE,0.125,FALSE,NA,FALSE,all_pairs_combn
N128,N147,1,1,small_or_isolated_candidate,small_or_isolated_candidate,598.702152642526,FALSE,FALSE,FALSE,0.125,FALSE,NA,FALSE,all_pairs_combn
N24,N300,1,1,small_or_isolated_candidate,small_or_isolated_candidate,599.1572973374289,FALSE,FALSE,FALSE,0.125,FALSE,NA,FALSE,all_pairs_combn
N17,N93,1,1,small_or_isolated_candidate,small_or_isolated_candidate,599.4277517644649,FALSE,FALSE,FALSE,0.125,FALSE,NA,FALSE,all_pairs_combn
N10,N307,1,1,small_or_isolated_candidate,small_or_isolated_candidate,599.5486611291848,FALSE,FALSE,FALSE,0.125,FALSE,NA,FALSE,all_pairs_combn
N137,N151,1,1,small_or_isolated_candidate,small_or_isolated_candidate,599.7493145062061,FALSE,FALSE,FALSE,0.125,FALSE,NA,FALSE,all_pairs_combn
N127,N212,1,1,small_or_isolated_candidate,small_or_isolated_candidate,600.2150533091193,FALSE,FALSE,FALSE,0.125,FALSE,NA,FALSE,all_pairs_combn
N123,N21,1,1,small_or_isolated_candidate,small_or_isolated_candidate,600.8845616557791,FALSE,FALSE,FALSE,0.125,FALSE,NA,FALSE,all_pairs_combn
N112,N62,1,1,small_or_isolated_candidate,small_or_isolated_candidate,601.0848183235386,FALSE,FALSE,FALSE,0.125,FALSE,NA,FALSE,all_pairs_combn
N134,N182,1,1,small_or_isolated_candidate,small_or_isolated_candidate,601.2068149347084,FALSE,FALSE,FALSE,0.125,FALSE,NA,FALSE,all_pairs_combn
N127,N147,1,1,small_or_isolated_candidate,small_or_isolated_candidate,601.4449874772145,FALSE,FALSE,FALSE,0.125,FALSE,NA,FALSE,all_pairs_combn
N10,N132,1,1,small_or_isolated_candidate,small_or_isolated_candidate,601.8074744849876,FALSE,FALSE,FALSE,0.125,FALSE,NA,FALSE,all_pairs_combn
N121,N21,1,1,small_or_isolated_candidate,small_or_isolated_candidate,602.2373663913828,FALSE,FALSE,FALSE,0.125,FALSE,NA,FALSE,all_pairs_combn
N107,N138,1,1,small_or_isolated_candidate,small_or_isolated_candidate,603.1522645634366,FALSE,FALSE,FALSE,0.125,FALSE,NA,FALSE,all_pairs_combn
N122,N21,1,1,small_or_isolated_candidate,small_or_isolated_candidate,603.6836622616268,FALSE,FALSE,FALSE,0.125,FALSE,NA,FALSE,all_pairs_combn
N150,N20,1,1,small_or_isolated_candidate,small_or_isolated_candidate,603.9369911243466,FALSE,FALSE,FALSE,0.125,FALSE,NA,FALSE,all_pairs_combn
N111,N62,1,1,small_or_isolated_candidate,small_or_isolated_candidate,604.4405171193819,FALSE,FALSE,FALSE,0.125,FALSE,NA,FALSE,all_pairs_combn
N32,N67,1,1,small_or_isolated_candidate,small_or_isolated_candidate,604.4702349072649,FALSE,FALSE,FALSE,0.125,FALSE,NA,FALSE,all_pairs_combn
N138,N18,1,1,small_or_isolated_candidate,small_or_isolated_candidate,604.9851035450764,FALSE,FALSE,FALSE,0.125,FALSE,NA,FALSE,all_pairs_combn
N11,N149,1,1,small_or_isolated_candidate,small_or_isolated_candidate,605.3327739241406,FALSE,FALSE,FALSE,0.125,FALSE,NA,FALSE,all_pairs_combn
N145,N22,1,1,small_or_isolated_candidate,small_or_isolated_candidate,605.3412740166766,FALSE,FALSE,FALSE,0.125,FALSE,NA,FALSE,all_pairs_combn
N19,N304,1,1,small_or_isolated_candidate,small_or_isolated_candidate,606.4052642474524,FALSE,FALSE,FALSE,0.125,FALSE,NA,FALSE,all_pairs_combn
N104,N136,1,1,small_or_isolated_candidate,small_or_isolated_candidate,606.4706519324204,FALSE,FALSE,FALSE,0.125,FALSE,NA,FALSE,all_pairs_combn
N147,N18,1,1,small_or_isolated_candidate,small_or_isolated_candidate,606.4844942886981,FALSE,FALSE,FALSE,0.125,FALSE,NA,FALSE,all_pairs_combn
N120,N125,1,1,small_or_isolated_candidate,small_or_isolated_candidate,606.6424050161434,FALSE,FALSE,FALSE,0.125,FALSE,NA,FALSE,all_pairs_combn
N18,N93,1,1,small_or_isolated_candidate,small_or_isolated_candidate,606.7138335892453,FALSE,FALSE,FALSE,0.125,FALSE,NA,FALSE,all_pairs_combn
N112,N30,1,1,small_or_isolated_candidate,small_or_isolated_candidate,606.9543085001832,FALSE,FALSE,FALSE,0.125,FALSE,NA,FALSE,all_pairs_combn
N145,N21,1,1,small_or_isolated_candidate,small_or_isolated_candidate,607.6836099895476,FALSE,FALSE,FALSE,0.125,FALSE,NA,FALSE,all_pairs_combn
N10,N48,1,1,small_or_isolated_candidate,small_or_isolated_candidate,607.6842330440677,FALSE,FALSE,FALSE,0.125,FALSE,NA,FALSE,all_pairs_combn
N110,N33,1,1,small_or_isolated_candidate,small_or_isolated_candidate,608.6301354013501,FALSE,FALSE,FALSE,0.125,FALSE,NA,FALSE,all_pairs_combn
N34,N92,1,1,small_or_isolated_candidate,small_or_isolated_candidate,608.9927750831325,FALSE,FALSE,FALSE,0.125,FALSE,NA,FALSE,all_pairs_combn
N112,N21,1,1,small_or_isolated_candidate,small_or_isolated_candidate,609.0308404101463,FALSE,FALSE,FALSE,0.125,FALSE,NA,FALSE,all_pairs_combn
N133,N151,1,1,small_or_isolated_candidate,small_or_isolated_candidate,609.431782199561,FALSE,FALSE,FALSE,0.125,FALSE,NA,FALSE,all_pairs_combn
N138,N17,1,1,small_or_isolated_candidate,small_or_isolated_candidate,610.0357307608618,FALSE,FALSE,FALSE,0.125,FALSE,NA,FALSE,all_pairs_combn
N111,N30,1,1,small_or_isolated_candidate,small_or_isolated_candidate,610.0484170406609,FALSE,FALSE,FALSE,0.125,FALSE,NA,FALSE,all_pairs_combn
N19,N300,1,1,small_or_isolated_candidate,small_or_isolated_candidate,610.4185248761863,FALSE,FALSE,FALSE,0.125,FALSE,NA,FALSE,all_pairs_combn
N134,N206,1,1,small_or_isolated_candidate,small_or_isolated_candidate,610.8250167272449,FALSE,FALSE,FALSE,0.125,FALSE,NA,FALSE,all_pairs_combn
N152,N211,1,1,small_or_isolated_candidate,small_or_isolated_candidate,611.4314403006491,FALSE,FALSE,FALSE,0.125,FALSE,NA,FALSE,all_pairs_combn
N33,N95,1,1,small_or_isolated_candidate,small_or_isolated_candidate,612.267932496011,FALSE,FALSE,FALSE,0.125,FALSE,NA,FALSE,all_pairs_combn
N111,N21,1,1,small_or_isolated_candidate,small_or_isolated_candidate,612.2735662659146,FALSE,FALSE,FALSE,0.125,FALSE,NA,FALSE,all_pairs_combn
N157,N48,1,1,small_or_isolated_candidate,small_or_isolated_candidate,612.4080232260927,FALSE,FALSE,FALSE,0.125,FALSE,NA,FALSE,all_pairs_combn
N36,N69,1,1,small_or_isolated_candidate,small_or_isolated_candidate,612.5789787037962,FALSE,FALSE,FALSE,0.125,FALSE,NA,FALSE,all_pairs_combn
N132,N146,1,1,small_or_isolated_candidate,small_or_isolated_candidate,612.8945489209519,FALSE,FALSE,FALSE,0.125,FALSE,NA,FALSE,all_pairs_combn
N119,N296,1,1,small_or_isolated_candidate,small_or_isolated_candidate,613.0647115487529,FALSE,FALSE,FALSE,0.125,FALSE,NA,FALSE,all_pairs_combn
N22,N48,1,1,small_or_isolated_candidate,small_or_isolated_candidate,613.6994991889053,FALSE,FALSE,FALSE,0.125,FALSE,NA,FALSE,all_pairs_combn
N147,N182,1,1,small_or_isolated_candidate,small_or_isolated_candidate,613.9290622419375,FALSE,FALSE,FALSE,0.125,FALSE,NA,FALSE,all_pairs_combn
N21,N294,1,1,small_or_isolated_candidate,small_or_isolated_candidate,614.7628331284387,FALSE,FALSE,FALSE,0.125,FALSE,NA,FALSE,all_pairs_combn
N147,N17,1,1,small_or_isolated_candidate,small_or_isolated_candidate,615.045985283427,FALSE,FALSE,FALSE,0.125,FALSE,NA,FALSE,all_pairs_combn
N153,N211,1,1,small_or_isolated_candidate,small_or_isolated_candidate,615.1506517979288,FALSE,FALSE,FALSE,0.125,FALSE,NA,FALSE,all_pairs_combn
N134,N294,1,1,small_or_isolated_candidate,small_or_isolated_candidate,615.3680561858104,FALSE,FALSE,FALSE,0.125,FALSE,NA,FALSE,all_pairs_combn
N110,N294,1,1,small_or_isolated_candidate,small_or_isolated_candidate,615.3947456796205,FALSE,FALSE,FALSE,0.125,FALSE,NA,FALSE,all_pairs_combn
N119,N131,1,1,small_or_isolated_candidate,small_or_isolated_candidate,616.2250151045492,FALSE,FALSE,FALSE,0.125,FALSE,NA,FALSE,all_pairs_combn
N112,N66,1,1,small_or_isolated_candidate,small_or_isolated_candidate,616.2515362089425,FALSE,FALSE,FALSE,0.125,FALSE,NA,FALSE,all_pairs_combn
N212,N48,1,1,small_or_isolated_candidate,small_or_isolated_candidate,616.4733447052237,FALSE,FALSE,FALSE,0.125,FALSE,NA,FALSE,all_pairs_combn
N112,N63,1,1,small_or_isolated_candidate,small_or_isolated_candidate,616.6744742249872,FALSE,FALSE,FALSE,0.125,FALSE,NA,FALSE,all_pairs_combn
N114,N118,1,1,small_or_isolated_candidate,small_or_isolated_candidate,616.698689802262,FALSE,FALSE,FALSE,0.125,FALSE,NA,FALSE,all_pairs_combn
N123,N20,1,1,small_or_isolated_candidate,small_or_isolated_candidate,616.8007844267398,FALSE,FALSE,FALSE,0.125,FALSE,NA,FALSE,all_pairs_combn
N112,N20,1,1,small_or_isolated_candidate,small_or_isolated_candidate,616.8269207010792,FALSE,FALSE,FALSE,0.125,FALSE,NA,FALSE,all_pairs_combn
N22,N308,1,1,small_or_isolated_candidate,small_or_isolated_candidate,617.0882894533586,FALSE,FALSE,FALSE,0.125,FALSE,NA,FALSE,all_pairs_combn
N107,N33,1,1,small_or_isolated_candidate,small_or_isolated_candidate,617.6113315074941,FALSE,FALSE,FALSE,0.125,FALSE,NA,FALSE,all_pairs_combn
N121,N20,1,1,small_or_isolated_candidate,small_or_isolated_candidate,618.2078258376721,FALSE,FALSE,FALSE,0.125,FALSE,NA,FALSE,all_pairs_combn
N104,N19,1,1,small_or_isolated_candidate,small_or_isolated_candidate,618.3138718682386,FALSE,FALSE,FALSE,0.125,FALSE,NA,FALSE,all_pairs_combn
N136,N49,1,1,small_or_isolated_candidate,small_or_isolated_candidate,618.4760873451974,FALSE,FALSE,FALSE,0.125,FALSE,NA,FALSE,all_pairs_combn
N157,N182,1,1,small_or_isolated_candidate,small_or_isolated_candidate,618.9423335640749,FALSE,FALSE,FALSE,0.125,FALSE,NA,FALSE,all_pairs_combn
N122,N20,1,1,small_or_isolated_candidate,small_or_isolated_candidate,619.587494245779,FALSE,FALSE,FALSE,0.125,FALSE,NA,FALSE,all_pairs_combn
N111,N66,1,1,small_or_isolated_candidate,small_or_isolated_candidate,619.6069138044194,FALSE,FALSE,FALSE,0.125,FALSE,NA,FALSE,all_pairs_combn
N107,N22,1,1,small_or_isolated_candidate,small_or_isolated_candidate,619.6830715469351,FALSE,FALSE,FALSE,0.125,FALSE,NA,FALSE,all_pairs_combn
N111,N63,1,1,small_or_isolated_candidate,small_or_isolated_candidate,620.0299600571802,FALSE,FALSE,FALSE,0.125,FALSE,NA,FALSE,all_pairs_combn
N145,N49,1,1,small_or_isolated_candidate,small_or_isolated_candidate,620.0550130044783,FALSE,FALSE,FALSE,0.125,FALSE,NA,FALSE,all_pairs_combn
N111,N20,1,1,small_or_isolated_candidate,small_or_isolated_candidate,620.0943575573685,FALSE,FALSE,FALSE,0.125,FALSE,NA,FALSE,all_pairs_combn
N119,N18,1,1,small_or_isolated_candidate,small_or_isolated_candidate,620.5958453807639,FALSE,FALSE,FALSE,0.125,FALSE,NA,FALSE,all_pairs_combn
N136,N50,1,1,small_or_isolated_candidate,small_or_isolated_candidate,621.1057078597521,FALSE,FALSE,FALSE,0.125,FALSE,NA,FALSE,all_pairs_combn
N10,N305,1,1,small_or_isolated_candidate,small_or_isolated_candidate,621.2136999777433,FALSE,FALSE,FALSE,0.125,FALSE,NA,FALSE,all_pairs_combn
N33,N94,1,1,small_or_isolated_candidate,small_or_isolated_candidate,621.6619950838095,FALSE,FALSE,FALSE,0.125,FALSE,NA,FALSE,all_pairs_combn
N104,N138,1,1,small_or_isolated_candidate,small_or_isolated_candidate,621.7424094315434,FALSE,FALSE,FALSE,0.125,FALSE,NA,FALSE,all_pairs_combn
N294,N49,1,1,small_or_isolated_candidate,small_or_isolated_candidate,622.4367989606774,FALSE,FALSE,FALSE,0.125,FALSE,NA,FALSE,all_pairs_combn
N111,N32,1,1,small_or_isolated_candidate,small_or_isolated_candidate,622.598059733258,FALSE,FALSE,FALSE,0.125,FALSE,NA,FALSE,all_pairs_combn
N145,N50,1,1,small_or_isolated_candidate,small_or_isolated_candidate,623.0523427842543,FALSE,FALSE,FALSE,0.125,FALSE,NA,FALSE,all_pairs_combn
N126,N308,1,1,small_or_isolated_candidate,small_or_isolated_candidate,623.1108682345025,FALSE,FALSE,FALSE,0.125,FALSE,NA,FALSE,all_pairs_combn
N138,N308,1,1,small_or_isolated_candidate,small_or_isolated_candidate,624.4622353810728,FALSE,FALSE,FALSE,0.125,FALSE,NA,FALSE,all_pairs_combn
N152,N182,1,1,small_or_isolated_candidate,small_or_isolated_candidate,624.701991187962,FALSE,FALSE,FALSE,0.125,FALSE,NA,FALSE,all_pairs_combn
N113,N292,1,1,small_or_isolated_candidate,small_or_isolated_candidate,624.7096584607149,FALSE,FALSE,FALSE,0.125,FALSE,NA,FALSE,all_pairs_combn
N112,N32,1,1,small_or_isolated_candidate,small_or_isolated_candidate,625.0326621487645,FALSE,FALSE,FALSE,0.125,FALSE,NA,FALSE,all_pairs_combn
N294,N50,1,1,small_or_isolated_candidate,small_or_isolated_candidate,625.4460685761912,FALSE,FALSE,FALSE,0.125,FALSE,NA,FALSE,all_pairs_combn
N259,N61,1,1,small_or_isolated_candidate,small_or_isolated_candidate,625.7908324949369,FALSE,FALSE,FALSE,0.125,FALSE,NA,FALSE,all_pairs_combn
N123,N19,1,1,small_or_isolated_candidate,small_or_isolated_candidate,625.8506019185701,FALSE,FALSE,FALSE,0.125,FALSE,NA,FALSE,all_pairs_combn
N131,N136,1,1,small_or_isolated_candidate,small_or_isolated_candidate,626.187309690524,FALSE,FALSE,FALSE,0.125,FALSE,NA,FALSE,all_pairs_combn
N153,N182,1,1,small_or_isolated_candidate,small_or_isolated_candidate,626.251857813998,FALSE,FALSE,FALSE,0.125,FALSE,NA,FALSE,all_pairs_combn
N121,N19,1,1,small_or_isolated_candidate,small_or_isolated_candidate,626.324447588252,FALSE,FALSE,FALSE,0.125,FALSE,NA,FALSE,all_pairs_combn
N119,N17,1,1,small_or_isolated_candidate,small_or_isolated_candidate,627.2582740797741,FALSE,FALSE,FALSE,0.125,FALSE,NA,FALSE,all_pairs_combn
N307,N51,1,1,small_or_isolated_candidate,small_or_isolated_candidate,627.2662016947303,FALSE,FALSE,FALSE,0.125,FALSE,NA,FALSE,all_pairs_combn
N129,N294,1,1,small_or_isolated_candidate,small_or_isolated_candidate,627.7883440838192,FALSE,FALSE,FALSE,0.125,FALSE,NA,FALSE,all_pairs_combn
N145,N20,1,1,small_or_isolated_candidate,small_or_isolated_candidate,627.8226125529902,FALSE,FALSE,FALSE,0.125,FALSE,NA,FALSE,all_pairs_combn
N307,N52,1,1,small_or_isolated_candidate,small_or_isolated_candidate,627.8964878082203,FALSE,FALSE,FALSE,0.125,FALSE,NA,FALSE,all_pairs_combn
N120,N157,1,1,small_or_isolated_candidate,small_or_isolated_candidate,628.0078778332551,FALSE,FALSE,FALSE,0.125,FALSE,NA,FALSE,all_pairs_combn
N22,N294,1,1,small_or_isolated_candidate,small_or_isolated_candidate,628.2235356335365,FALSE,FALSE,FALSE,0.125,FALSE,NA,FALSE,all_pairs_combn
N122,N19,1,1,small_or_isolated_candidate,small_or_isolated_candidate,628.6942529788105,FALSE,FALSE,FALSE,0.125,FALSE,NA,FALSE,all_pairs_combn
N143,N182,1,1,small_or_isolated_candidate,small_or_isolated_candidate,629.178983049264,FALSE,FALSE,FALSE,0.125,FALSE,NA,FALSE,all_pairs_combn
N259,N65,1,1,small_or_isolated_candidate,small_or_isolated_candidate,629.3994326826625,FALSE,FALSE,FALSE,0.125,FALSE,NA,FALSE,all_pairs_combn
N117,N182,1,1,small_or_isolated_candidate,small_or_isolated_candidate,629.4554569490808,FALSE,FALSE,FALSE,0.125,FALSE,NA,FALSE,all_pairs_combn
N110,N19,1,1,small_or_isolated_candidate,small_or_isolated_candidate,629.575421598262,FALSE,FALSE,FALSE,0.125,FALSE,NA,FALSE,all_pairs_combn
N110,N71,1,1,small_or_isolated_candidate,small_or_isolated_candidate,629.6943619503307,FALSE,FALSE,FALSE,0.125,FALSE,NA,FALSE,all_pairs_combn
N112,N141,1,1,small_or_isolated_candidate,small_or_isolated_candidate,629.913557663603,FALSE,FALSE,FALSE,0.125,FALSE,NA,FALSE,all_pairs_combn
N19,N92,1,1,small_or_isolated_candidate,small_or_isolated_candidate,630.2678019032437,FALSE,FALSE,FALSE,0.125,FALSE,NA,FALSE,all_pairs_combn
N124,N294,1,1,small_or_isolated_candidate,small_or_isolated_candidate,630.5778318084278,FALSE,FALSE,FALSE,0.125,FALSE,NA,FALSE,all_pairs_combn
N111,N141,1,1,small_or_isolated_candidate,small_or_isolated_candidate,630.6919348318734,FALSE,FALSE,FALSE,0.125,FALSE,NA,FALSE,all_pairs_combn
N120,N124,1,1,small_or_isolated_candidate,small_or_isolated_candidate,630.7408449822833,FALSE,FALSE,FALSE,0.125,FALSE,NA,FALSE,all_pairs_combn
N22,N93,1,1,small_or_isolated_candidate,small_or_isolated_candidate,630.816563949837,FALSE,FALSE,FALSE,0.125,FALSE,NA,FALSE,all_pairs_combn
N10,N259,1,1,small_or_isolated_candidate,small_or_isolated_candidate,631.0123768921052,FALSE,FALSE,FALSE,0.125,FALSE,NA,FALSE,all_pairs_combn
N259,N62,1,1,small_or_isolated_candidate,small_or_isolated_candidate,631.077520067834,FALSE,FALSE,FALSE,0.125,FALSE,NA,FALSE,all_pairs_combn
N151,N212,1,1,small_or_isolated_candidate,small_or_isolated_candidate,631.5905785611359,FALSE,FALSE,FALSE,0.125,FALSE,NA,FALSE,all_pairs_combn
N211,N294,1,1,small_or_isolated_candidate,small_or_isolated_candidate,631.6348655079684,FALSE,FALSE,FALSE,0.125,FALSE,NA,FALSE,all_pairs_combn
N120,N147,1,1,small_or_isolated_candidate,small_or_isolated_candidate,631.766622264162,FALSE,FALSE,FALSE,0.125,FALSE,NA,FALSE,all_pairs_combn
N129,N135,1,1,small_or_isolated_candidate,small_or_isolated_candidate,631.9827666131708,FALSE,FALSE,FALSE,0.125,FALSE,NA,FALSE,all_pairs_combn
N120,N152,1,1,small_or_isolated_candidate,small_or_isolated_candidate,632.1515319226794,FALSE,FALSE,FALSE,0.125,FALSE,NA,FALSE,all_pairs_combn
N129,N151,1,1,small_or_isolated_candidate,small_or_isolated_candidate,632.6884602652851,FALSE,FALSE,FALSE,0.125,FALSE,NA,FALSE,all_pairs_combn
N152,N48,1,1,small_or_isolated_candidate,small_or_isolated_candidate,632.9186149880215,FALSE,FALSE,FALSE,0.125,FALSE,NA,FALSE,all_pairs_combn
N136,N96,1,1,small_or_isolated_candidate,small_or_isolated_candidate,633.0867313841978,FALSE,FALSE,FALSE,0.125,FALSE,NA,FALSE,all_pairs_combn
N120,N153,1,1,small_or_isolated_candidate,small_or_isolated_candidate,633.4751177587739,FALSE,FALSE,FALSE,0.125,FALSE,NA,FALSE,all_pairs_combn
N119,N135,1,1,small_or_isolated_candidate,small_or_isolated_candidate,633.9754656449807,FALSE,FALSE,FALSE,0.125,FALSE,NA,FALSE,all_pairs_combn
N112,N140,1,1,small_or_isolated_candidate,small_or_isolated_candidate,634.063987514151,FALSE,FALSE,FALSE,0.125,FALSE,NA,FALSE,all_pairs_combn
N21,N308,1,1,small_or_isolated_candidate,small_or_isolated_candidate,634.2111501948677,FALSE,FALSE,FALSE,0.125,FALSE,NA,FALSE,all_pairs_combn
N11,N144,1,1,small_or_isolated_candidate,small_or_isolated_candidate,634.7196566584536,FALSE,FALSE,FALSE,0.125,FALSE,NA,FALSE,all_pairs_combn
N10,N140,1,1,small_or_isolated_candidate,small_or_isolated_candidate,634.7451886312764,FALSE,FALSE,FALSE,0.125,FALSE,NA,FALSE,all_pairs_combn
N135,N292,1,1,small_or_isolated_candidate,small_or_isolated_candidate,634.776387738678,FALSE,FALSE,FALSE,0.125,FALSE,NA,FALSE,all_pairs_combn
N111,N140,1,1,small_or_isolated_candidate,small_or_isolated_candidate,634.8527752942776,FALSE,FALSE,FALSE,0.125,FALSE,NA,FALSE,all_pairs_combn
N20,N294,1,1,small_or_isolated_candidate,small_or_isolated_candidate,634.9323228680614,FALSE,FALSE,FALSE,0.125,FALSE,NA,FALSE,all_pairs_combn
N153,N48,1,1,small_or_isolated_candidate,small_or_isolated_candidate,635.589550917736,FALSE,FALSE,FALSE,0.125,FALSE,NA,FALSE,all_pairs_combn
N121,N300,1,1,small_or_isolated_candidate,small_or_isolated_candidate,635.743105095871,FALSE,FALSE,FALSE,0.125,FALSE,NA,FALSE,all_pairs_combn
N10,N141,1,1,small_or_isolated_candidate,small_or_isolated_candidate,635.831074753913,FALSE,FALSE,FALSE,0.125,FALSE,NA,FALSE,all_pairs_combn
N150,N24,1,1,small_or_isolated_candidate,small_or_isolated_candidate,636.020158543914,FALSE,FALSE,FALSE,0.125,FALSE,NA,FALSE,all_pairs_combn
N35,N69,1,1,small_or_isolated_candidate,small_or_isolated_candidate,636.0290914442776,FALSE,FALSE,FALSE,0.125,FALSE,NA,FALSE,all_pairs_combn
N141,N21,1,1,small_or_isolated_candidate,small_or_isolated_candidate,636.0667011428445,FALSE,FALSE,FALSE,0.125,FALSE,NA,FALSE,all_pairs_combn
N123,N92,1,1,small_or_isolated_candidate,small_or_isolated_candidate,636.1133269530878,FALSE,FALSE,FALSE,0.125,FALSE,NA,FALSE,all_pairs_combn
N140,N21,1,1,small_or_isolated_candidate,small_or_isolated_candidate,636.5947953794024,FALSE,FALSE,FALSE,0.125,FALSE,NA,FALSE,all_pairs_combn
N136,N19,1,1,small_or_isolated_candidate,small_or_isolated_candidate,636.7643529937272,FALSE,FALSE,FALSE,0.125,FALSE,NA,FALSE,all_pairs_combn
N121,N305,1,1,small_or_isolated_candidate,small_or_isolated_candidate,637.0376190587702,FALSE,FALSE,FALSE,0.125,FALSE,NA,FALSE,all_pairs_combn
N19,N93,1,1,small_or_isolated_candidate,small_or_isolated_candidate,637.493223957122,FALSE,FALSE,FALSE,0.125,FALSE,NA,FALSE,all_pairs_combn
N141,N49,1,1,small_or_isolated_candidate,small_or_isolated_candidate,637.6234832808625,FALSE,FALSE,FALSE,0.125,FALSE,NA,FALSE,all_pairs_combn
N122,N92,1,1,small_or_isolated_candidate,small_or_isolated_candidate,637.7974960572321,FALSE,FALSE,FALSE,0.125,FALSE,NA,FALSE,all_pairs_combn
N123,N300,1,1,small_or_isolated_candidate,small_or_isolated_candidate,638.0049963168931,FALSE,FALSE,FALSE,0.125,FALSE,NA,FALSE,all_pairs_combn
N120,N134,1,1,small_or_isolated_candidate,small_or_isolated_candidate,638.1111891138213,FALSE,FALSE,FALSE,0.125,FALSE,NA,FALSE,all_pairs_combn
N140,N49,1,1,small_or_isolated_candidate,small_or_isolated_candidate,638.5614798889369,FALSE,FALSE,FALSE,0.125,FALSE,NA,FALSE,all_pairs_combn
N121,N92,1,1,small_or_isolated_candidate,small_or_isolated_candidate,638.9204723753219,FALSE,FALSE,FALSE,0.125,FALSE,NA,FALSE,all_pairs_combn
N123,N305,1,1,small_or_isolated_candidate,small_or_isolated_candidate,639.1557968728575,FALSE,FALSE,FALSE,0.125,FALSE,NA,FALSE,all_pairs_combn
N122,N300,1,1,small_or_isolated_candidate,small_or_isolated_candidate,639.2785430519762,FALSE,FALSE,FALSE,0.125,FALSE,NA,FALSE,all_pairs_combn
N292,N69,1,1,small_or_isolated_candidate,small_or_isolated_candidate,639.308388021112,FALSE,FALSE,FALSE,0.125,FALSE,NA,FALSE,all_pairs_combn
N126,N307,1,1,small_or_isolated_candidate,small_or_isolated_candidate,639.35455391101425,FALSE,FALSE,FALSE,0.125,FALSE,NA,FALSE,all_pairs_combn
N118,N145,1,1,small_or_isolated_candidate,small_or_isolated_candidate,639.4029534222316,FALSE,FALSE,FALSE,0.125,FALSE,NA,FALSE,all_pairs_combn
N22,N92,1,1,small_or_isolated_candidate,small_or_isolated_candidate,639.4759107148903,FALSE,FALSE,FALSE,0.125,FALSE,NA,FALSE,all_pairs_combn
N136,N21,1,1,small_or_isolated_candidate,small_or_isolated_candidate,639.6360943905039,FALSE,FALSE,FALSE,0.125,FALSE,NA,FALSE,all_pairs_combn
N138,N96,1,1,small_or_isolated_candidate,small_or_isolated_candidate,639.9537843543542,FALSE,FALSE,FALSE,0.125,FALSE,NA,FALSE,all_pairs_combn
N112,N61,1,1,small_or_isolated_candidate,small_or_isolated_candidate,640.0943193206167,FALSE,FALSE,FALSE,0.125,FALSE,NA,FALSE,all_pairs_combn
N33,N92,1,1,small_or_isolated_candidate,small_or_isolated_candidate,640.3286866800587,FALSE,FALSE,FALSE,0.125,FALSE,NA,FALSE,all_pairs_combn
N10,N107,1,1,small_or_isolated_candidate,small_or_isolated_candidate,640.4491826230638,FALSE,FALSE,FALSE,0.125,FALSE,NA,FALSE,all_pairs_combn
N122,N305,1,1,small_or_isolated_candidate,small_or_isolated_candidate,640.6040358006104,FALSE,FALSE,FALSE,0.125,FALSE,NA,FALSE,all_pairs_combn
N141,N50,1,1,small_or_isolated_candidate,small_or_isolated_candidate,640.6174706993459,FALSE,FALSE,FALSE,0.125,FALSE,NA,FALSE,all_pairs_combn
N22,N307,1,1,small_or_isolated_candidate,small_or_isolated_candidate,640.6594587735458,FALSE,FALSE,FALSE,0.125,FALSE,NA,FALSE,all_pairs_combn
N110,N142,1,1,small_or_isolated_candidate,small_or_isolated_candidate,640.8172311047091,FALSE,FALSE,FALSE,0.125,FALSE,NA,FALSE,all_pairs_combn
N30,N305,1,1,small_or_isolated_candidate,small_or_isolated_candidate,641.0846821562809,FALSE,FALSE,FALSE,0.125,FALSE,NA,FALSE,all_pairs_combn
N140,N50,1,1,small_or_isolated_candidate,small_or_isolated_candidate,641.5575390860082,FALSE,FALSE,FALSE,0.125,FALSE,NA,FALSE,all_pairs_combn
N259,N66,1,1,small_or_isolated_candidate,small_or_isolated_candidate,641.6057201279999,FALSE,FALSE,FALSE,0.125,FALSE,NA,FALSE,all_pairs_combn
N144,N182,1,1,small_or_isolated_candidate,small_or_isolated_candidate,641.9446475644718,FALSE,FALSE,FALSE,0.125,FALSE,NA,FALSE,all_pairs_combn
N259,N63,1,1,small_or_isolated_candidate,small_or_isolated_candidate,642.4786939509478,FALSE,FALSE,FALSE,0.125,FALSE,NA,FALSE,all_pairs_combn
N128,N18,1,1,small_or_isolated_candidate,small_or_isolated_candidate,642.5832723728322,FALSE,FALSE,FALSE,0.125,FALSE,NA,FALSE,all_pairs_combn
N143,N207,1,1,small_or_isolated_candidate,small_or_isolated_candidate,642.9175322570685,FALSE,FALSE,FALSE,0.125,FALSE,NA,FALSE,all_pairs_combn
N119,N182,1,1,small_or_isolated_candidate,small_or_isolated_candidate,643.0195820495032,FALSE,FALSE,FALSE,0.125,FALSE,NA,FALSE,all_pairs_combn
N123,N95,1,1,small_or_isolated_candidate,small_or_isolated_candidate,643.049263186863,FALSE,FALSE,FALSE,0.125,FALSE,NA,FALSE,all_pairs_combn
N117,N206,1,1,small_or_isolated_candidate,small_or_isolated_candidate,643.2058163096029,FALSE,FALSE,FALSE,0.125,FALSE,NA,FALSE,all_pairs_combn
N127,N18,1,1,small_or_isolated_candidate,small_or_isolated_candidate,643.3481933672798,FALSE,FALSE,FALSE,0.125,FALSE,NA,FALSE,all_pairs_combn
N111,N61,1,1,small_or_isolated_candidate,small_or_isolated_candidate,643.4272423438134,FALSE,FALSE,FALSE,0.125,FALSE,NA,FALSE,all_pairs_combn
N132,N147,1,1,small_or_isolated_candidate,small_or_isolated_candidate,643.7653055632618,FALSE,FALSE,FALSE,0.125,FALSE,NA,FALSE,all_pairs_combn
N132,N148,1,1,small_or_isolated_candidate,small_or_isolated_candidate,643.8150745378005,FALSE,FALSE,FALSE,0.125,FALSE,NA,FALSE,all_pairs_combn
N48,N69,1,1,small_or_isolated_candidate,small_or_isolated_candidate,644.0473875726124,FALSE,FALSE,FALSE,0.125,FALSE,NA,FALSE,all_pairs_combn
N138,N307,1,1,small_or_isolated_candidate,small_or_isolated_candidate,644.1247326305283,FALSE,FALSE,FALSE,0.125,FALSE,NA,FALSE,all_pairs_combn
N122,N95,1,1,small_or_isolated_candidate,small_or_isolated_candidate,644.6257530022181,FALSE,FALSE,FALSE,0.125,FALSE,NA,FALSE,all_pairs_combn
N144,N207,1,1,small_or_isolated_candidate,small_or_isolated_candidate,644.7421564940715,FALSE,FALSE,FALSE,0.125,FALSE,NA,FALSE,all_pairs_combn
N11,N143,1,1,small_or_isolated_candidate,small_or_isolated_candidate,644.9652451838233,FALSE,FALSE,FALSE,0.125,FALSE,NA,FALSE,all_pairs_combn
N107,N24,1,1,small_or_isolated_candidate,small_or_isolated_candidate,645.0050611087198,FALSE,FALSE,FALSE,0.125,FALSE,NA,FALSE,all_pairs_combn
N121,N95,1,1,small_or_isolated_candidate,small_or_isolated_candidate,645.9030719067096,FALSE,FALSE,FALSE,0.125,FALSE,NA,FALSE,all_pairs_combn
N125,N151,1,1,small_or_isolated_candidate,small_or_isolated_candidate,646.5711156729393,FALSE,FALSE,FALSE,0.125,FALSE,NA,FALSE,all_pairs_combn
N118,N182,1,1,small_or_isolated_candidate,small_or_isolated_candidate,646.927238478277,FALSE,FALSE,FALSE,0.125,FALSE,NA,FALSE,all_pairs_combn
N128,N149,1,1,small_or_isolated_candidate,small_or_isolated_candidate,647.0824636114153,FALSE,FALSE,FALSE,0.125,FALSE,NA,FALSE,all_pairs_combn
N117,N145,1,1,small_or_isolated_candidate,small_or_isolated_candidate,647.3005187795794,FALSE,FALSE,FALSE,0.125,FALSE,NA,FALSE,all_pairs_combn
N121,N296,1,1,small_or_isolated_candidate,small_or_isolated_candidate,647.5291383551958,FALSE,FALSE,FALSE,0.125,FALSE,NA,FALSE,all_pairs_combn
N125,N294,1,1,small_or_isolated_candidate,small_or_isolated_candidate,647.7829072806868,FALSE,FALSE,FALSE,0.125,FALSE,NA,FALSE,all_pairs_combn
N19,N96,1,1,small_or_isolated_candidate,small_or_isolated_candidate,648.6014461267141,FALSE,FALSE,FALSE,0.125,FALSE,NA,FALSE,all_pairs_combn
N22,N259,1,1,small_or_isolated_candidate,small_or_isolated_candidate,649.0165101590011,FALSE,FALSE,FALSE,0.125,FALSE,NA,FALSE,all_pairs_combn
N132,N22,1,1,small_or_isolated_candidate,small_or_isolated_candidate,649.1684223515679,FALSE,FALSE,FALSE,0.125,FALSE,NA,FALSE,all_pairs_combn
N104,N22,1,1,small_or_isolated_candidate,small_or_isolated_candidate,649.494394003992,FALSE,FALSE,FALSE,0.125,FALSE,NA,FALSE,all_pairs_combn
N110,N145,1,1,small_or_isolated_candidate,small_or_isolated_candidate,649.64996793353,FALSE,FALSE,FALSE,0.125,FALSE,NA,FALSE,all_pairs_combn
N127,N149,1,1,small_or_isolated_candidate,small_or_isolated_candidate,649.6872244150591,FALSE,FALSE,FALSE,0.125,FALSE,NA,FALSE,all_pairs_combn
N128,N17,1,1,small_or_isolated_candidate,small_or_isolated_candidate,649.7757335128092,FALSE,FALSE,FALSE,0.125,FALSE,NA,FALSE,all_pairs_combn
N308,N49,1,1,small_or_isolated_candidate,small_or_isolated_candidate,650.2376145086689,FALSE,FALSE,FALSE,0.125,FALSE,NA,FALSE,all_pairs_combn
N123,N296,1,1,small_or_isolated_candidate,small_or_isolated_candidate,650.2736996778156,FALSE,FALSE,FALSE,0.125,FALSE,NA,FALSE,all_pairs_combn
N127,N17,1,1,small_or_isolated_candidate,small_or_isolated_candidate,650.5170454547606,FALSE,FALSE,FALSE,0.125,FALSE,NA,FALSE,all_pairs_combn
N136,N69,1,1,small_or_isolated_candidate,small_or_isolated_candidate,650.6795258427828,FALSE,FALSE,FALSE,0.125,FALSE,NA,FALSE,all_pairs_combn
N122,N296,1,1,small_or_isolated_candidate,small_or_isolated_candidate,650.7425146279224,FALSE,FALSE,FALSE,0.125,FALSE,NA,FALSE,all_pairs_combn
N121,N304,1,1,small_or_isolated_candidate,small_or_isolated_candidate,652.1709542984452,FALSE,FALSE,FALSE,0.125,FALSE,NA,FALSE,all_pairs_combn
N110,N147,1,1,small_or_isolated_candidate,small_or_isolated_candidate,652.6819735675375,FALSE,FALSE,FALSE,0.125,FALSE,NA,FALSE,all_pairs_combn
N308,N50,1,1,small_or_isolated_candidate,small_or_isolated_candidate,653.2121151213629,FALSE,FALSE,FALSE,0.125,FALSE,NA,FALSE,all_pairs_combn
N126,N18,1,1,small_or_isolated_candidate,small_or_isolated_candidate,653.3697931700259,FALSE,FALSE,FALSE,0.125,FALSE,NA,FALSE,all_pairs_combn
N150,N69,1,1,small_or_isolated_candidate,small_or_isolated_candidate,653.5333954667617,FALSE,FALSE,FALSE,0.125,FALSE,NA,FALSE,all_pairs_combn
N20,N308,1,1,small_or_isolated_candidate,small_or_isolated_candidate,654.223282739186,FALSE,FALSE,FALSE,0.125,FALSE,NA,FALSE,all_pairs_combn
N120,N143,1,1,small_or_isolated_candidate,small_or_isolated_candidate,654.2782675847666,FALSE,FALSE,FALSE,0.125,FALSE,NA,FALSE,all_pairs_combn
N123,N304,1,1,small_or_isolated_candidate,small_or_isolated_candidate,654.3887006949773,FALSE,FALSE,FALSE,0.125,FALSE,NA,FALSE,all_pairs_combn
N113,N120,1,1,small_or_isolated_candidate,small_or_isolated_candidate,654.6101423791629,FALSE,FALSE,FALSE,0.125,FALSE,NA,FALSE,all_pairs_combn
N123,N94,1,1,small_or_isolated_candidate,small_or_isolated_candidate,654.8249734683096,FALSE,FALSE,FALSE,0.125,FALSE,NA,FALSE,all_pairs_combn
N10,N304,1,1,small_or_isolated_candidate,small_or_isolated_candidate,655.5008678883285,FALSE,FALSE,FALSE,0.125,FALSE,NA,FALSE,all_pairs_combn
N122,N304,1,1,small_or_isolated_candidate,small_or_isolated_candidate,655.7179913208083,FALSE,FALSE,FALSE,0.125,FALSE,NA,FALSE,all_pairs_combn
N127,N24,1,1,small_or_isolated_candidate,small_or_isolated_candidate,655.8719381850616,FALSE,FALSE,FALSE,0.125,FALSE,NA,FALSE,all_pairs_combn
N114,N133,1,1,small_or_isolated_candidate,small_or_isolated_candidate,655.994467957946,FALSE,FALSE,FALSE,0.125,FALSE,NA,FALSE,all_pairs_combn
N141,N20,1,1,small_or_isolated_candidate,small_or_isolated_candidate,656.0784175346653,FALSE,FALSE,FALSE,0.125,FALSE,NA,FALSE,all_pairs_combn
N128,N24,1,1,small_or_isolated_candidate,small_or_isolated_candidate,656.2604613763788,FALSE,FALSE,FALSE,0.125,FALSE,NA,FALSE,all_pairs_combn
N122,N94,1,1,small_or_isolated_candidate,small_or_isolated_candidate,656.4298376688258,FALSE,FALSE,FALSE,0.125,FALSE,NA,FALSE,all_pairs_combn
N140,N20,1,1,small_or_isolated_candidate,small_or_isolated_candidate,656.6241757360065,FALSE,FALSE,FALSE,0.125,FALSE,NA,FALSE,all_pairs_combn
N136,N20,1,1,small_or_isolated_candidate,small_or_isolated_candidate,657.1062561218874,FALSE,FALSE,FALSE,0.125,FALSE,NA,FALSE,all_pairs_combn
N125,N135,1,1,small_or_isolated_candidate,small_or_isolated_candidate,657.1180197002199,FALSE,FALSE,FALSE,0.125,FALSE,NA,FALSE,all_pairs_combn
N121,N94,1,1,small_or_isolated_candidate,small_or_isolated_candidate,657.6671479039096,FALSE,FALSE,FALSE,0.125,FALSE,NA,FALSE,all_pairs_combn
N114,N126,1,1,small_or_isolated_candidate,small_or_isolated_candidate,657.8144643381095,FALSE,FALSE,FALSE,0.125,FALSE,NA,FALSE,all_pairs_combn
N11,N138,1,1,small_or_isolated_candidate,small_or_isolated_candidate,657.9424755015731,FALSE,FALSE,FALSE,0.125,FALSE,NA,FALSE,all_pairs_combn
N31,N69,1,1,small_or_isolated_candidate,small_or_isolated_candidate,658.1426247278423,FALSE,FALSE,FALSE,0.125,FALSE,NA,FALSE,all_pairs_combn
N259,N92,1,1,small_or_isolated_candidate,small_or_isolated_candidate,658.3830160239532,FALSE,FALSE,FALSE,0.125,FALSE,NA,FALSE,all_pairs_combn
N114,N119,1,1,small_or_isolated_candidate,small_or_isolated_candidate,658.3960684403925,FALSE,FALSE,FALSE,0.125,FALSE,NA,FALSE,all_pairs_combn
N19,N94,1,1,small_or_isolated_candidate,small_or_isolated_candidate,658.7374479176427,FALSE,FALSE,FALSE,0.125,FALSE,NA,FALSE,all_pairs_combn
N19,N95,1,1,small_or_isolated_candidate,small_or_isolated_candidate,658.8949584014773,FALSE,FALSE,FALSE,0.125,FALSE,NA,FALSE,all_pairs_combn
N126,N17,1,1,small_or_isolated_candidate,small_or_isolated_candidate,659.1936436703994,FALSE,FALSE,FALSE,0.125,FALSE,NA,FALSE,all_pairs_combn
N207,N292,1,1,small_or_isolated_candidate,small_or_isolated_candidate,660.5671175666761,FALSE,FALSE,FALSE,0.125,FALSE,NA,FALSE,all_pairs_combn
N18,N296,1,1,small_or_isolated_candidate,small_or_isolated_candidate,660.6141446494102,FALSE,FALSE,FALSE,0.125,FALSE,NA,FALSE,all_pairs_combn
N118,N206,1,1,small_or_isolated_candidate,small_or_isolated_candidate,661.6622376793509,FALSE,FALSE,FALSE,0.125,FALSE,NA,FALSE,all_pairs_combn
N131,N259,1,1,small_or_isolated_candidate,small_or_isolated_candidate,661.8000477635071,FALSE,FALSE,FALSE,0.125,FALSE,NA,FALSE,all_pairs_combn
N10,N300,1,1,small_or_isolated_candidate,small_or_isolated_candidate,661.8369636505437,FALSE,FALSE,FALSE,0.125,FALSE,NA,FALSE,all_pairs_combn
N157,N18,1,1,small_or_isolated_candidate,small_or_isolated_candidate,661.8648329326734,FALSE,FALSE,FALSE,0.125,FALSE,NA,FALSE,all_pairs_combn
N137,N147,1,1,small_or_isolated_candidate,small_or_isolated_candidate,661.9686015960344,FALSE,FALSE,FALSE,0.125,FALSE,NA,FALSE,all_pairs_combn
N112,N65,1,1,small_or_isolated_candidate,small_or_isolated_candidate,662.1571747827495,FALSE,FALSE,FALSE,0.125,FALSE,NA,FALSE,all_pairs_combn
N11,N147,1,1,small_or_isolated_candidate,small_or_isolated_candidate,662.2063482980594,FALSE,FALSE,FALSE,0.125,FALSE,NA,FALSE,all_pairs_combn
N150,N61,1,1,small_or_isolated_candidate,small_or_isolated_candidate,662.6902606006263,FALSE,FALSE,FALSE,0.125,FALSE,NA,FALSE,all_pairs_combn
N114,N212,1,1,small_or_isolated_candidate,small_or_isolated_candidate,662.7397008020994,FALSE,FALSE,FALSE,0.125,FALSE,NA,FALSE,all_pairs_combn
N120,N131,1,1,small_or_isolated_candidate,small_or_isolated_candidate,662.9462987361052,FALSE,FALSE,FALSE,0.125,FALSE,NA,FALSE,all_pairs_combn
N21,N307,1,1,small_or_isolated_candidate,small_or_isolated_candidate,663.0813695711614,FALSE,FALSE,FALSE,0.125,FALSE,NA,FALSE,all_pairs_combn
N132,N212,1,1,small_or_isolated_candidate,small_or_isolated_candidate,663.0870450513701,FALSE,FALSE,FALSE,0.125,FALSE,NA,FALSE,all_pairs_combn
N11,N128,1,1,small_or_isolated_candidate,small_or_isolated_candidate,663.4286642875256,FALSE,FALSE,FALSE,0.125,FALSE,NA,FALSE,all_pairs_combn
N150,N62,1,1,small_or_isolated_candidate,small_or_isolated_candidate,663.7120365031591,FALSE,FALSE,FALSE,0.125,FALSE,NA,FALSE,all_pairs_combn
N149,N182,1,1,small_or_isolated_candidate,small_or_isolated_candidate,663.7165541054256,FALSE,FALSE,FALSE,0.125,FALSE,NA,FALSE,all_pairs_combn
N11,N127,1,1,small_or_isolated_candidate,small_or_isolated_candidate,663.9665108493109,FALSE,FALSE,FALSE,0.125,FALSE,NA,FALSE,all_pairs_combn
N148,N18,1,1,small_or_isolated_candidate,small_or_isolated_candidate,664.1318823746766,FALSE,FALSE,FALSE,0.125,FALSE,NA,FALSE,all_pairs_combn
N123,N62,1,1,small_or_isolated_candidate,small_or_isolated_candidate,664.821325088136,FALSE,FALSE,FALSE,0.125,FALSE,NA,FALSE,all_pairs_combn
N113,N182,1,1,small_or_isolated_candidate,small_or_isolated_candidate,664.9400595541467,FALSE,FALSE,FALSE,0.125,FALSE,NA,FALSE,all_pairs_combn
N114,N211,1,1,small_or_isolated_candidate,small_or_isolated_candidate,664.9602906218328,FALSE,FALSE,FALSE,0.125,FALSE,NA,FALSE,all_pairs_combn
N133,N48,1,1,small_or_isolated_candidate,small_or_isolated_candidate,665.4044694411099,FALSE,FALSE,FALSE,0.125,FALSE,NA,FALSE,all_pairs_combn
N10,N93,1,1,small_or_isolated_candidate,small_or_isolated_candidate,665.4463571762507,FALSE,FALSE,FALSE,0.125,FALSE,NA,FALSE,all_pairs_combn
N111,N65,1,1,small_or_isolated_candidate,small_or_isolated_candidate,665.4726295486034,FALSE,FALSE,FALSE,0.125,FALSE,NA,FALSE,all_pairs_combn
N117,N120,1,1,small_or_isolated_candidate,small_or_isolated_candidate,665.8193978858511,FALSE,FALSE,FALSE,0.125,FALSE,NA,FALSE,all_pairs_combn
N132,N259,1,1,small_or_isolated_candidate,small_or_isolated_candidate,666.1803416233599,FALSE,FALSE,FALSE,0.125,FALSE,NA,FALSE,all_pairs_combn
N22,N305,1,1,small_or_isolated_candidate,small_or_isolated_candidate,666.325762768289,FALSE,FALSE,FALSE,0.125,FALSE,NA,FALSE,all_pairs_combn
N148,N151,1,1,small_or_isolated_candidate,small_or_isolated_candidate,666.437877167334,FALSE,FALSE,FALSE,0.125,FALSE,NA,FALSE,all_pairs_combn
N121,N62,1,1,small_or_isolated_candidate,small_or_isolated_candidate,666.7036348954096,FALSE,FALSE,FALSE,0.125,FALSE,NA,FALSE,all_pairs_combn
N22,N94,1,1,small_or_isolated_candidate,small_or_isolated_candidate,666.7977299900028,FALSE,FALSE,FALSE,0.125,FALSE,NA,FALSE,all_pairs_combn
N150,N92,1,1,small_or_isolated_candidate,small_or_isolated_candidate,666.818517820468,FALSE,FALSE,FALSE,0.125,FALSE,NA,FALSE,all_pairs_combn
N134,N145,1,1,small_or_isolated_candidate,small_or_isolated_candidate,666.8841301423205,FALSE,FALSE,FALSE,0.125,FALSE,NA,FALSE,all_pairs_combn
N132,N30,1,1,small_or_isolated_candidate,small_or_isolated_candidate,667.0345134707427,FALSE,FALSE,FALSE,0.125,FALSE,NA,FALSE,all_pairs_combn
N122,N62,1,1,small_or_isolated_candidate,small_or_isolated_candidate,667.4382301887708,FALSE,FALSE,FALSE,0.125,FALSE,NA,FALSE,all_pairs_combn
N120,N144,1,1,small_or_isolated_candidate,small_or_isolated_candidate,667.5989407019925,FALSE,FALSE,FALSE,0.125,FALSE,NA,FALSE,all_pairs_combn
N140,N22,1,1,small_or_isolated_candidate,small_or_isolated_candidate,667.8232869540867,FALSE,FALSE,FALSE,0.125,FALSE,NA,FALSE,all_pairs_combn
N150,N65,1,1,small_or_isolated_candidate,small_or_isolated_candidate,668.062355219244,FALSE,FALSE,FALSE,0.125,FALSE,NA,FALSE,all_pairs_combn
N141,N22,1,1,small_or_isolated_candidate,small_or_isolated_candidate,668.6721842065257,FALSE,FALSE,FALSE,0.125,FALSE,NA,FALSE,all_pairs_combn
N131,N182,1,1,small_or_isolated_candidate,small_or_isolated_candidate,668.7279472284459,FALSE,FALSE,FALSE,0.125,FALSE,NA,FALSE,all_pairs_combn
N10,N92,1,1,small_or_isolated_candidate,small_or_isolated_candidate,669.2673353698257,FALSE,FALSE,FALSE,0.125,FALSE,NA,FALSE,all_pairs_combn
N131,N150,1,1,small_or_isolated_candidate,small_or_isolated_candidate,669.2830118365588,FALSE,FALSE,FALSE,0.125,FALSE,NA,FALSE,all_pairs_combn
N22,N95,1,1,small_or_isolated_candidate,small_or_isolated_candidate,669.301592156091,FALSE,FALSE,FALSE,0.125,FALSE,NA,FALSE,all_pairs_combn
N17,N296,1,1,small_or_isolated_candidate,small_or_isolated_candidate,669.4159429689123,FALSE,FALSE,FALSE,0.125,FALSE,NA,FALSE,all_pairs_combn
N132,N133,1,1,small_or_isolated_candidate,small_or_isolated_candidate,669.6847309377077,FALSE,FALSE,FALSE,0.125,FALSE,NA,FALSE,all_pairs_combn
N259,N95,1,1,small_or_isolated_candidate,small_or_isolated_candidate,669.8960786499978,FALSE,FALSE,FALSE,0.125,FALSE,NA,FALSE,all_pairs_combn
N22,N71,1,1,small_or_isolated_candidate,small_or_isolated_candidate,669.9655324858709,FALSE,FALSE,FALSE,0.125,FALSE,NA,FALSE,all_pairs_combn
N305,N48,1,1,small_or_isolated_candidate,small_or_isolated_candidate,670.0328655534418,FALSE,FALSE,FALSE,0.125,FALSE,NA,FALSE,all_pairs_combn
N123,N61,1,1,small_or_isolated_candidate,small_or_isolated_candidate,670.7647253040055,FALSE,FALSE,FALSE,0.125,FALSE,NA,FALSE,all_pairs_combn
N126,N182,1,1,small_or_isolated_candidate,small_or_isolated_candidate,670.7908062699635,FALSE,FALSE,FALSE,0.125,FALSE,NA,FALSE,all_pairs_combn
N157,N17,1,1,small_or_isolated_candidate,small_or_isolated_candidate,670.8474130206364,FALSE,FALSE,FALSE,0.125,FALSE,NA,FALSE,all_pairs_combn
N144,N69,1,1,small_or_isolated_candidate,small_or_isolated_candidate,671.4626151811383,FALSE,FALSE,FALSE,0.125,FALSE,NA,FALSE,all_pairs_combn
N107,N211,1,1,small_or_isolated_candidate,small_or_isolated_candidate,671.5187224795766,FALSE,FALSE,FALSE,0.125,FALSE,NA,FALSE,all_pairs_combn
N10,N104,1,1,small_or_isolated_candidate,small_or_isolated_candidate,671.5942805539038,FALSE,FALSE,FALSE,0.125,FALSE,NA,FALSE,all_pairs_combn
N124,N135,1,1,small_or_isolated_candidate,small_or_isolated_candidate,671.8031180119018,FALSE,FALSE,FALSE,0.125,FALSE,NA,FALSE,all_pairs_combn
N134,N135,1,1,small_or_isolated_candidate,small_or_isolated_candidate,671.8936038210968,FALSE,FALSE,FALSE,0.125,FALSE,NA,FALSE,all_pairs_combn
N123,N24,1,1,small_or_isolated_candidate,small_or_isolated_candidate,672.0057526581352,FALSE,FALSE,FALSE,0.125,FALSE,NA,FALSE,all_pairs_combn
N119,N300,1,1,small_or_isolated_candidate,small_or_isolated_candidate,672.0298081282718,FALSE,FALSE,FALSE,0.125,FALSE,NA,FALSE,all_pairs_combn
N124,N151,1,1,small_or_isolated_candidate,small_or_isolated_candidate,672.246281247277,FALSE,FALSE,FALSE,0.125,FALSE,NA,FALSE,all_pairs_combn
N121,N24,1,1,small_or_isolated_candidate,small_or_isolated_candidate,672.3025540766196,FALSE,FALSE,FALSE,0.125,FALSE,NA,FALSE,all_pairs_combn
N121,N61,1,1,small_or_isolated_candidate,small_or_isolated_candidate,672.3795704637034,FALSE,FALSE,FALSE,0.125,FALSE,NA,FALSE,all_pairs_combn
N112,N71,1,1,small_or_isolated_candidate,small_or_isolated_candidate,672.5562112313219,FALSE,FALSE,FALSE,0.125,FALSE,NA,FALSE,all_pairs_combn
N34,N93,1,1,small_or_isolated_candidate,small_or_isolated_candidate,672.7696102453281,FALSE,FALSE,FALSE,0.125,FALSE,NA,FALSE,all_pairs_combn
N148,N17,1,1,small_or_isolated_candidate,small_or_isolated_candidate,672.8797198560828,FALSE,FALSE,FALSE,0.125,FALSE,NA,FALSE,all_pairs_combn
N152,N18,1,1,small_or_isolated_candidate,small_or_isolated_candidate,673.0929086865532,FALSE,FALSE,FALSE,0.125,FALSE,NA,FALSE,all_pairs_combn
N122,N61,1,1,small_or_isolated_candidate,small_or_isolated_candidate,673.4915152804866,FALSE,FALSE,FALSE,0.125,FALSE,NA,FALSE,all_pairs_combn
N111,N147,1,1,small_or_isolated_candidate,small_or_isolated_candidate,673.5087938648629,FALSE,FALSE,FALSE,0.125,FALSE,NA,FALSE,all_pairs_combn
N112,N294,1,1,small_or_isolated_candidate,small_or_isolated_candidate,673.8555331795011,FALSE,FALSE,FALSE,0.125,FALSE,NA,FALSE,all_pairs_combn
N112,N147,1,1,small_or_isolated_candidate,small_or_isolated_candidate,673.9853619705484,FALSE,FALSE,FALSE,0.125,FALSE,NA,FALSE,all_pairs_combn
N119,N120,1,1,small_or_isolated_candidate,small_or_isolated_candidate,673.9928589360069,FALSE,FALSE,FALSE,0.125,FALSE,NA,FALSE,all_pairs_combn
N153,N18,1,1,small_or_isolated_candidate,small_or_isolated_candidate,674.2300160828528,FALSE,FALSE,FALSE,0.125,FALSE,NA,FALSE,all_pairs_combn
N30,N304,1,1,small_or_isolated_candidate,small_or_isolated_candidate,674.5439970023242,FALSE,FALSE,FALSE,0.125,FALSE,NA,FALSE,all_pairs_combn
N122,N24,1,1,small_or_isolated_candidate,small_or_isolated_candidate,674.8271027184265,FALSE,FALSE,FALSE,0.125,FALSE,NA,FALSE,all_pairs_combn
N30,N300,1,1,small_or_isolated_candidate,small_or_isolated_candidate,674.8306868747923,FALSE,FALSE,FALSE,0.125,FALSE,NA,FALSE,all_pairs_combn
N150,N66,1,1,small_or_isolated_candidate,small_or_isolated_candidate,674.8992479445839,FALSE,FALSE,FALSE,0.125,FALSE,NA,FALSE,all_pairs_combn
N111,N294,1,1,small_or_isolated_candidate,small_or_isolated_candidate,674.9011703915776,FALSE,FALSE,FALSE,0.125,FALSE,NA,FALSE,all_pairs_combn
N112,N142,1,1,small_or_isolated_candidate,small_or_isolated_candidate,674.9570423973591,FALSE,FALSE,FALSE,0.125,FALSE,NA,FALSE,all_pairs_combn
N111,N142,1,1,small_or_isolated_candidate,small_or_isolated_candidate,674.9774176672737,FALSE,FALSE,FALSE,0.125,FALSE,NA,FALSE,all_pairs_combn
N132,N149,1,1,small_or_isolated_candidate,small_or_isolated_candidate,675.0232839591749,FALSE,FALSE,FALSE,0.125,FALSE,NA,FALSE,all_pairs_combn
N111,N71,1,1,small_or_isolated_candidate,small_or_isolated_candidate,675.4021761819745,FALSE,FALSE,FALSE,0.125,FALSE,NA,FALSE,all_pairs_combn
N150,N63,1,1,small_or_isolated_candidate,small_or_isolated_candidate,675.7420698383308,FALSE,FALSE,FALSE,0.125,FALSE,NA,FALSE,all_pairs_combn
N150,N95,1,1,small_or_isolated_candidate,small_or_isolated_candidate,676.1828791621442,FALSE,FALSE,FALSE,0.125,FALSE,NA,FALSE,all_pairs_combn
N113,N119,1,1,small_or_isolated_candidate,small_or_isolated_candidate,676.8546333357303,FALSE,FALSE,FALSE,0.125,FALSE,NA,FALSE,all_pairs_combn
N136,N24,1,1,small_or_isolated_candidate,small_or_isolated_candidate,676.8651772653592,FALSE,FALSE,FALSE,0.125,FALSE,NA,FALSE,all_pairs_combn
N123,N66,1,1,small_or_isolated_candidate,small_or_isolated_candidate,676.9633447032229,FALSE,FALSE,FALSE,0.125,FALSE,NA,FALSE,all_pairs_combn
N11,N119,1,1,small_or_isolated_candidate,small_or_isolated_candidate,677.0662390341644,FALSE,FALSE,FALSE,0.125,FALSE,NA,FALSE,all_pairs_combn
N22,N96,1,1,small_or_isolated_candidate,small_or_isolated_candidate,677.1163491099851,FALSE,FALSE,FALSE,0.125,FALSE,NA,FALSE,all_pairs_combn
N123,N63,1,1,small_or_isolated_candidate,small_or_isolated_candidate,677.7523997143854,FALSE,FALSE,FALSE,0.125,FALSE,NA,FALSE,all_pairs_combn
N104,N24,1,1,small_or_isolated_candidate,small_or_isolated_candidate,677.8470003820375,FALSE,FALSE,FALSE,0.125,FALSE,NA,FALSE,all_pairs_combn
N300,N48,1,1,small_or_isolated_candidate,small_or_isolated_candidate,678.5991212767722,FALSE,FALSE,FALSE,0.125,FALSE,NA,FALSE,all_pairs_combn
N121,N66,1,1,small_or_isolated_candidate,small_or_isolated_candidate,678.8120988446798,FALSE,FALSE,FALSE,0.125,FALSE,NA,FALSE,all_pairs_combn
N129,N145,1,1,small_or_isolated_candidate,small_or_isolated_candidate,679.0825936493214,FALSE,FALSE,FALSE,0.125,FALSE,NA,FALSE,all_pairs_combn
N123,N65,1,1,small_or_isolated_candidate,small_or_isolated_candidate,679.178779342708,FALSE,FALSE,FALSE,0.125,FALSE,NA,FALSE,all_pairs_combn
N10,N150,1,1,small_or_isolated_candidate,small_or_isolated_candidate,679.3248860809551,FALSE,FALSE,FALSE,0.125,FALSE,NA,FALSE,all_pairs_combn
N122,N66,1,1,small_or_isolated_candidate,small_or_isolated_candidate,679.5962804109953,FALSE,FALSE,FALSE,0.125,FALSE,NA,FALSE,all_pairs_combn
N121,N63,1,1,small_or_isolated_candidate,small_or_isolated_candidate,679.6032879544617,FALSE,FALSE,FALSE,0.125,FALSE,NA,FALSE,all_pairs_combn
N127,N19,1,1,small_or_isolated_candidate,small_or_isolated_candidate,679.6308487545209,FALSE,FALSE,FALSE,0.125,FALSE,NA,FALSE,all_pairs_combn
N146,N51,1,1,small_or_isolated_candidate,small_or_isolated_candidate,679.6353588476749,FALSE,FALSE,FALSE,0.125,FALSE,NA,FALSE,all_pairs_combn
N128,N19,1,1,small_or_isolated_candidate,small_or_isolated_candidate,679.7844635005353,FALSE,FALSE,FALSE,0.125,FALSE,NA,FALSE,all_pairs_combn
N307,N49,1,1,small_or_isolated_candidate,small_or_isolated_candidate,680.090130976952,FALSE,FALSE,FALSE,0.125,FALSE,NA,FALSE,all_pairs_combn
N259,N94,1,1,small_or_isolated_candidate,small_or_isolated_candidate,680.3143344157953,FALSE,FALSE,FALSE,0.125,FALSE,NA,FALSE,all_pairs_combn
N122,N63,1,1,small_or_isolated_candidate,small_or_isolated_candidate,680.3843301826124,FALSE,FALSE,FALSE,0.125,FALSE,NA,FALSE,all_pairs_combn
N146,N52,1,1,small_or_isolated_candidate,small_or_isolated_candidate,680.5618496533694,FALSE,FALSE,FALSE,0.125,FALSE,NA,FALSE,all_pairs_combn
N121,N65,1,1,small_or_isolated_candidate,small_or_isolated_candidate,680.6709375022899,FALSE,FALSE,FALSE,0.125,FALSE,NA,FALSE,all_pairs_combn
N134,N151,1,1,small_or_isolated_candidate,small_or_isolated_candidate,681.1908128226997,FALSE,FALSE,FALSE,0.125,FALSE,NA,FALSE,all_pairs_combn
N122,N65,1,1,small_or_isolated_candidate,small_or_isolated_candidate,681.943294730367,FALSE,FALSE,FALSE,0.125,FALSE,NA,FALSE,all_pairs_combn
N118,N308,1,1,small_or_isolated_candidate,small_or_isolated_candidate,682.0253976361122,FALSE,FALSE,FALSE,0.125,FALSE,NA,FALSE,all_pairs_combn
N124,N145,1,1,small_or_isolated_candidate,small_or_isolated_candidate,682.0806528417446,FALSE,FALSE,FALSE,0.125,FALSE,NA,FALSE,all_pairs_combn
N152,N17,1,1,small_or_isolated_candidate,small_or_isolated_candidate,682.1123508022764,FALSE,FALSE,FALSE,0.125,FALSE,NA,FALSE,all_pairs_combn
N292,N51,1,1,small_or_isolated_candidate,small_or_isolated_candidate,682.1850813175602,FALSE,FALSE,FALSE,0.125,FALSE,NA,FALSE,all_pairs_combn
N145,N211,1,1,small_or_isolated_candidate,small_or_isolated_candidate,682.5897192745415,FALSE,FALSE,FALSE,0.125,FALSE,NA,FALSE,all_pairs_combn
N20,N307,1,1,small_or_isolated_candidate,small_or_isolated_candidate,683.0389812772929,FALSE,FALSE,FALSE,0.125,FALSE,NA,FALSE,all_pairs_combn
N307,N50,1,1,small_or_isolated_candidate,small_or_isolated_candidate,683.0570468456016,FALSE,FALSE,FALSE,0.125,FALSE,NA,FALSE,all_pairs_combn
N143,N69,1,1,small_or_isolated_candidate,small_or_isolated_candidate,683.0597979629689,FALSE,FALSE,FALSE,0.125,FALSE,NA,FALSE,all_pairs_combn
N118,N120,1,1,small_or_isolated_candidate,small_or_isolated_candidate,683.0869811818457,FALSE,FALSE,FALSE,0.125,FALSE,NA,FALSE,all_pairs_combn
N292,N52,1,1,small_or_isolated_candidate,small_or_isolated_candidate,683.1658010329871,FALSE,FALSE,FALSE,0.125,FALSE,NA,FALSE,all_pairs_combn
N153,N17,1,1,small_or_isolated_candidate,small_or_isolated_candidate,683.2543403747115,FALSE,FALSE,FALSE,0.125,FALSE,NA,FALSE,all_pairs_combn
N114,N143,1,1,small_or_isolated_candidate,small_or_isolated_candidate,684.6137033709873,FALSE,FALSE,FALSE,0.125,FALSE,NA,FALSE,all_pairs_combn
N107,N126,1,1,small_or_isolated_candidate,small_or_isolated_candidate,684.9508950209108,FALSE,FALSE,FALSE,0.125,FALSE,NA,FALSE,all_pairs_combn
N146,N30,1,1,small_or_isolated_candidate,small_or_isolated_candidate,685.4136825772151,FALSE,FALSE,FALSE,0.125,FALSE,NA,FALSE,all_pairs_combn
N104,N211,1,1,small_or_isolated_candidate,small_or_isolated_candidate,685.4146910548732,FALSE,FALSE,FALSE,0.125,FALSE,NA,FALSE,all_pairs_combn
N128,N259,1,1,small_or_isolated_candidate,small_or_isolated_candidate,686.2067369323394,FALSE,FALSE,FALSE,0.125,FALSE,NA,FALSE,all_pairs_combn
N120,N149,1,1,small_or_isolated_candidate,small_or_isolated_candidate,686.3762760160843,FALSE,FALSE,FALSE,0.125,FALSE,NA,FALSE,all_pairs_combn
N33,N67,1,1,small_or_isolated_candidate,small_or_isolated_candidate,687.16415424719,FALSE,FALSE,FALSE,0.125,FALSE,NA,FALSE,all_pairs_combn
N24,N92,1,1,small_or_isolated_candidate,small_or_isolated_candidate,687.1831122993714,FALSE,FALSE,FALSE,0.125,FALSE,NA,FALSE,all_pairs_combn
N114,N148,1,1,small_or_isolated_candidate,small_or_isolated_candidate,687.2134979577227,FALSE,FALSE,FALSE,0.125,FALSE,NA,FALSE,all_pairs_combn
N150,N94,1,1,small_or_isolated_candidate,small_or_isolated_candidate,687.2846871035704,FALSE,FALSE,FALSE,0.125,FALSE,NA,FALSE,all_pairs_combn
N110,N24,1,1,small_or_isolated_candidate,small_or_isolated_candidate,687.564196137275,FALSE,FALSE,FALSE,0.125,FALSE,NA,FALSE,all_pairs_combn
N127,N259,1,1,small_or_isolated_candidate,small_or_isolated_candidate,688.1872683242835,FALSE,FALSE,FALSE,0.125,FALSE,NA,FALSE,all_pairs_combn
N11,N71,1,1,small_or_isolated_candidate,small_or_isolated_candidate,688.7284561194639,FALSE,FALSE,FALSE,0.125,FALSE,NA,FALSE,all_pairs_combn
N119,N305,1,1,small_or_isolated_candidate,small_or_isolated_candidate,688.8844713223048,FALSE,FALSE,FALSE,0.125,FALSE,NA,FALSE,all_pairs_combn
N117,N308,1,1,small_or_isolated_candidate,small_or_isolated_candidate,689.2379022533565,FALSE,FALSE,FALSE,0.125,FALSE,NA,FALSE,all_pairs_combn
N117,N135,1,1,small_or_isolated_candidate,small_or_isolated_candidate,689.2648882829322,FALSE,FALSE,FALSE,0.125,FALSE,NA,FALSE,all_pairs_combn
N145,N65,1,1,small_or_isolated_candidate,small_or_isolated_candidate,689.6509140891504,FALSE,FALSE,FALSE,0.125,FALSE,NA,FALSE,all_pairs_combn
N182,N292,1,1,small_or_isolated_candidate,small_or_isolated_candidate,690.328169547796,FALSE,FALSE,FALSE,0.125,FALSE,NA,FALSE,all_pairs_combn
N24,N93,1,1,small_or_isolated_candidate,small_or_isolated_candidate,691.2689861447018,FALSE,FALSE,FALSE,0.125,FALSE,NA,FALSE,all_pairs_combn
N304,N48,1,1,small_or_isolated_candidate,small_or_isolated_candidate,691.5662983270582,FALSE,FALSE,FALSE,0.125,FALSE,NA,FALSE,all_pairs_combn
N119,N304,1,1,small_or_isolated_candidate,small_or_isolated_candidate,692.3791044631639,FALSE,FALSE,FALSE,0.125,FALSE,NA,FALSE,all_pairs_combn
N107,N292,1,1,small_or_isolated_candidate,small_or_isolated_candidate,692.8858293569253,FALSE,FALSE,FALSE,0.125,FALSE,NA,FALSE,all_pairs_combn
N114,N144,1,1,small_or_isolated_candidate,small_or_isolated_candidate,693.3056614291573,FALSE,FALSE,FALSE,0.125,FALSE,NA,FALSE,all_pairs_combn
N137,N142,1,1,small_or_isolated_candidate,small_or_isolated_candidate,693.691583954248,FALSE,FALSE,FALSE,0.125,FALSE,NA,FALSE,all_pairs_combn
N138,N51,1,1,small_or_isolated_candidate,small_or_isolated_candidate,695.1695489003474,FALSE,FALSE,FALSE,0.125,FALSE,NA,FALSE,all_pairs_combn
N135,N141,1,1,small_or_isolated_candidate,small_or_isolated_candidate,696.0419089307202,FALSE,FALSE,FALSE,0.125,FALSE,NA,FALSE,all_pairs_combn
N150,N22,1,1,small_or_isolated_candidate,small_or_isolated_candidate,696.0852498867976,FALSE,FALSE,FALSE,0.125,FALSE,NA,FALSE,all_pairs_combn
N138,N52,1,1,small_or_isolated_candidate,small_or_isolated_candidate,696.1553128910067,FALSE,FALSE,FALSE,0.125,FALSE,NA,FALSE,all_pairs_combn
N135,N140,1,1,small_or_isolated_candidate,small_or_isolated_candidate,696.227786206572,FALSE,FALSE,FALSE,0.125,FALSE,NA,FALSE,all_pairs_combn
N113,N136,1,1,small_or_isolated_candidate,small_or_isolated_candidate,696.4653775360295,FALSE,FALSE,FALSE,0.125,FALSE,NA,FALSE,all_pairs_combn
N10,N94,1,1,small_or_isolated_candidate,small_or_isolated_candidate,697.0480388125067,FALSE,FALSE,FALSE,0.125,FALSE,NA,FALSE,all_pairs_combn
N118,N307,1,1,small_or_isolated_candidate,small_or_isolated_candidate,697.4420071699635,FALSE,FALSE,FALSE,0.125,FALSE,NA,FALSE,all_pairs_combn
N126,N135,1,1,small_or_isolated_candidate,small_or_isolated_candidate,697.5164451945702,FALSE,FALSE,FALSE,0.125,FALSE,NA,FALSE,all_pairs_combn
N294,N65,1,1,small_or_isolated_candidate,small_or_isolated_candidate,698.3156114706138,FALSE,FALSE,FALSE,0.125,FALSE,NA,FALSE,all_pairs_combn
N10,N95,1,1,small_or_isolated_candidate,small_or_isolated_candidate,698.7975859015269,FALSE,FALSE,FALSE,0.125,FALSE,NA,FALSE,all_pairs_combn
N110,N308,1,1,small_or_isolated_candidate,small_or_isolated_candidate,698.915465663076,FALSE,FALSE,FALSE,0.125,FALSE,NA,FALSE,all_pairs_combn
N110,N22,1,1,small_or_isolated_candidate,small_or_isolated_candidate,698.9617857166161,FALSE,FALSE,FALSE,0.125,FALSE,NA,FALSE,all_pairs_combn
N149,N207,1,1,small_or_isolated_candidate,small_or_isolated_candidate,699.0161305061588,FALSE,FALSE,FALSE,0.125,FALSE,NA,FALSE,all_pairs_combn
N125,N145,1,1,small_or_isolated_candidate,small_or_isolated_candidate,699.1989055081988,FALSE,FALSE,FALSE,0.125,FALSE,NA,FALSE,all_pairs_combn
N211,N96,1,1,small_or_isolated_candidate,small_or_isolated_candidate,699.4419400019938,FALSE,FALSE,FALSE,0.125,FALSE,NA,FALSE,all_pairs_combn
N10,N96,1,1,small_or_isolated_candidate,small_or_isolated_candidate,700.3063967955484,FALSE,FALSE,FALSE,0.125,FALSE,NA,FALSE,all_pairs_combn
N126,N296,1,1,small_or_isolated_candidate,small_or_isolated_candidate,700.3630844729813,FALSE,FALSE,FALSE,0.125,FALSE,NA,FALSE,all_pairs_combn
N22,N304,1,1,small_or_isolated_candidate,small_or_isolated_candidate,700.6522900005754,FALSE,FALSE,FALSE,0.125,FALSE,NA,FALSE,all_pairs_combn
N11,N296,1,1,small_or_isolated_candidate,small_or_isolated_candidate,700.7052465168853,FALSE,FALSE,FALSE,0.125,FALSE,NA,FALSE,all_pairs_combn
N259,N69,1,1,small_or_isolated_candidate,small_or_isolated_candidate,700.7834163576825,FALSE,FALSE,FALSE,0.125,FALSE,NA,FALSE,all_pairs_combn
N33,N93,1,1,small_or_isolated_candidate,small_or_isolated_candidate,701.3299867460524,FALSE,FALSE,FALSE,0.125,FALSE,NA,FALSE,all_pairs_combn
N118,N135,1,1,small_or_isolated_candidate,small_or_isolated_candidate,702.0377015337274,FALSE,FALSE,FALSE,0.125,FALSE,NA,FALSE,all_pairs_combn
N145,N61,1,1,small_or_isolated_candidate,small_or_isolated_candidate,702.1607151482943,FALSE,FALSE,FALSE,0.125,FALSE,NA,FALSE,all_pairs_combn
N128,N143,1,1,small_or_isolated_candidate,small_or_isolated_candidate,702.3155770818996,FALSE,FALSE,FALSE,0.125,FALSE,NA,FALSE,all_pairs_combn
N19,N71,1,1,small_or_isolated_candidate,small_or_isolated_candidate,702.359772345834,FALSE,FALSE,FALSE,0.125,FALSE,NA,FALSE,all_pairs_combn
N126,N131,1,1,small_or_isolated_candidate,small_or_isolated_candidate,702.6563429192051,FALSE,FALSE,FALSE,0.125,FALSE,NA,FALSE,all_pairs_combn
N305,N51,1,1,small_or_isolated_candidate,small_or_isolated_candidate,703.8200243776041,FALSE,FALSE,FALSE,0.125,FALSE,NA,FALSE,all_pairs_combn
N117,N307,1,1,small_or_isolated_candidate,small_or_isolated_candidate,703.9651702525263,FALSE,FALSE,FALSE,0.125,FALSE,NA,FALSE,all_pairs_combn
N146,N19,1,1,small_or_isolated_candidate,small_or_isolated_candidate,704.1224690164423,FALSE,FALSE,FALSE,0.125,FALSE,NA,FALSE,all_pairs_combn
N104,N126,1,1,small_or_isolated_candidate,small_or_isolated_candidate,704.1568203677584,FALSE,FALSE,FALSE,0.125,FALSE,NA,FALSE,all_pairs_combn
N305,N52,1,1,small_or_isolated_candidate,small_or_isolated_candidate,704.3175131301269,FALSE,FALSE,FALSE,0.125,FALSE,NA,FALSE,all_pairs_combn
N10,N110,1,1,small_or_isolated_candidate,small_or_isolated_candidate,704.4264435038518,FALSE,FALSE,FALSE,0.125,FALSE,NA,FALSE,all_pairs_combn
N126,N206,1,1,small_or_isolated_candidate,small_or_isolated_candidate,704.8662813427866,FALSE,FALSE,FALSE,0.125,FALSE,NA,FALSE,all_pairs_combn
N127,N143,1,1,small_or_isolated_candidate,small_or_isolated_candidate,704.9455356730228,FALSE,FALSE,FALSE,0.125,FALSE,NA,FALSE,all_pairs_combn
N120,N126,1,1,small_or_isolated_candidate,small_or_isolated_candidate,705.0109083560595,FALSE,FALSE,FALSE,0.125,FALSE,NA,FALSE,all_pairs_combn
N22,N300,1,1,small_or_isolated_candidate,small_or_isolated_candidate,706.5178760185397,FALSE,FALSE,FALSE,0.125,FALSE,NA,FALSE,all_pairs_combn
N206,N211,1,1,small_or_isolated_candidate,small_or_isolated_candidate,706.6245554234998,FALSE,FALSE,FALSE,0.125,FALSE,NA,FALSE,all_pairs_combn
N146,N182,1,1,small_or_isolated_candidate,small_or_isolated_candidate,706.8548026089383,FALSE,FALSE,FALSE,0.125,FALSE,NA,FALSE,all_pairs_combn
N142,N182,1,1,small_or_isolated_candidate,small_or_isolated_candidate,706.9193632457253,FALSE,FALSE,FALSE,0.125,FALSE,NA,FALSE,all_pairs_combn
N18,N212,1,1,small_or_isolated_candidate,small_or_isolated_candidate,707.0881799947705,FALSE,FALSE,FALSE,0.125,FALSE,NA,FALSE,all_pairs_combn
N132,N136,1,1,small_or_isolated_candidate,small_or_isolated_candidate,707.4664740360688,FALSE,FALSE,FALSE,0.125,FALSE,NA,FALSE,all_pairs_combn
N134,N308,1,1,small_or_isolated_candidate,small_or_isolated_candidate,707.7162729345117,FALSE,FALSE,FALSE,0.125,FALSE,NA,FALSE,all_pairs_combn
N147,N151,1,1,small_or_isolated_candidate,small_or_isolated_candidate,707.9218632416519,FALSE,FALSE,FALSE,0.125,FALSE,NA,FALSE,all_pairs_combn
N24,N96,1,1,small_or_isolated_candidate,small_or_isolated_candidate,707.9606005669613,FALSE,FALSE,FALSE,0.125,FALSE,NA,FALSE,all_pairs_combn
N11,N126,1,1,small_or_isolated_candidate,small_or_isolated_candidate,708.2645277702736,FALSE,FALSE,FALSE,0.125,FALSE,NA,FALSE,all_pairs_combn
N17,N71,1,1,small_or_isolated_candidate,small_or_isolated_candidate,708.3326747562862,FALSE,FALSE,FALSE,0.125,FALSE,NA,FALSE,all_pairs_combn
N128,N144,1,1,small_or_isolated_candidate,small_or_isolated_candidate,708.529720188859,FALSE,FALSE,FALSE,0.125,FALSE,NA,FALSE,all_pairs_combn
N294,N61,1,1,small_or_isolated_candidate,small_or_isolated_candidate,708.5497993453447,FALSE,FALSE,FALSE,0.125,FALSE,NA,FALSE,all_pairs_combn
N114,N147,1,1,small_or_isolated_candidate,small_or_isolated_candidate,708.7171600280028,FALSE,FALSE,FALSE,0.125,FALSE,NA,FALSE,all_pairs_combn
N119,N206,1,1,small_or_isolated_candidate,small_or_isolated_candidate,708.7705020436313,FALSE,FALSE,FALSE,0.125,FALSE,NA,FALSE,all_pairs_combn
N132,N150,1,1,small_or_isolated_candidate,small_or_isolated_candidate,708.7730431578929,FALSE,FALSE,FALSE,0.125,FALSE,NA,FALSE,all_pairs_combn
N292,N30,1,1,small_or_isolated_candidate,small_or_isolated_candidate,709.185540338376,FALSE,FALSE,FALSE,0.125,FALSE,NA,FALSE,all_pairs_combn
N142,N30,1,1,small_or_isolated_candidate,small_or_isolated_candidate,709.228206631615,FALSE,FALSE,FALSE,0.125,FALSE,NA,FALSE,all_pairs_combn
N211,N32,1,1,small_or_isolated_candidate,small_or_isolated_candidate,709.4467582521515,FALSE,FALSE,FALSE,0.125,FALSE,NA,FALSE,all_pairs_combn
N151,N157,1,1,small_or_isolated_candidate,small_or_isolated_candidate,709.9160421626163,FALSE,FALSE,FALSE,0.125,FALSE,NA,FALSE,all_pairs_combn
N117,N151,1,1,small_or_isolated_candidate,small_or_isolated_candidate,710.5686757867672,FALSE,FALSE,FALSE,0.125,FALSE,NA,FALSE,all_pairs_combn
N133,N206,1,1,small_or_isolated_candidate,small_or_isolated_candidate,710.6123440189328,FALSE,FALSE,FALSE,0.125,FALSE,NA,FALSE,all_pairs_combn
N110,N32,1,1,small_or_isolated_candidate,small_or_isolated_candidate,710.651184533899,FALSE,FALSE,FALSE,0.125,FALSE,NA,FALSE,all_pairs_combn
N127,N144,1,1,small_or_isolated_candidate,small_or_isolated_candidate,711.1342429924903,FALSE,FALSE,FALSE,0.125,FALSE,NA,FALSE,all_pairs_combn
N149,N51,1,1,small_or_isolated_candidate,small_or_isolated_candidate,711.2074748486408,FALSE,FALSE,FALSE,0.125,FALSE,NA,FALSE,all_pairs_combn
N10,N71,1,1,small_or_isolated_candidate,small_or_isolated_candidate,711.2508843932457,FALSE,FALSE,FALSE,0.125,FALSE,NA,FALSE,all_pairs_combn
N10,N123,1,1,small_or_isolated_candidate,small_or_isolated_candidate,711.5413033088515,FALSE,FALSE,FALSE,0.125,FALSE,NA,FALSE,all_pairs_combn
N128,N136,1,1,small_or_isolated_candidate,small_or_isolated_candidate,711.7626791736506,FALSE,FALSE,FALSE,0.125,FALSE,NA,FALSE,all_pairs_combn
N112,N145,1,1,small_or_isolated_candidate,small_or_isolated_candidate,711.7652984986095,FALSE,FALSE,FALSE,0.125,FALSE,NA,FALSE,all_pairs_combn
N142,N19,1,1,small_or_isolated_candidate,small_or_isolated_candidate,711.9997187205757,FALSE,FALSE,FALSE,0.125,FALSE,NA,FALSE,all_pairs_combn
N10,N121,1,1,small_or_isolated_candidate,small_or_isolated_candidate,712.0495721683828,FALSE,FALSE,FALSE,0.125,FALSE,NA,FALSE,all_pairs_combn
N149,N52,1,1,small_or_isolated_candidate,small_or_isolated_candidate,712.1591647863346,FALSE,FALSE,FALSE,0.125,FALSE,NA,FALSE,all_pairs_combn
N182,N211,1,1,small_or_isolated_candidate,small_or_isolated_candidate,712.526917005288,FALSE,FALSE,FALSE,0.125,FALSE,NA,FALSE,all_pairs_combn
N118,N18,1,1,small_or_isolated_candidate,small_or_isolated_candidate,712.6223767565756,FALSE,FALSE,FALSE,0.125,FALSE,NA,FALSE,all_pairs_combn
N111,N145,1,1,small_or_isolated_candidate,small_or_isolated_candidate,712.9697631992096,FALSE,FALSE,FALSE,0.125,FALSE,NA,FALSE,all_pairs_combn
N129,N131,1,1,small_or_isolated_candidate,small_or_isolated_candidate,713.4720813461753,FALSE,FALSE,FALSE,0.125,FALSE,NA,FALSE,all_pairs_combn
N127,N136,1,1,small_or_isolated_candidate,small_or_isolated_candidate,713.9907406949703,FALSE,FALSE,FALSE,0.125,FALSE,NA,FALSE,all_pairs_combn
N11,N157,1,1,small_or_isolated_candidate,small_or_isolated_candidate,714.063965223734,FALSE,FALSE,FALSE,0.125,FALSE,NA,FALSE,all_pairs_combn
N10,N122,1,1,small_or_isolated_candidate,small_or_isolated_candidate,714.3882301877588,FALSE,FALSE,FALSE,0.125,FALSE,NA,FALSE,all_pairs_combn
N308,N65,1,1,small_or_isolated_candidate,small_or_isolated_candidate,714.4714604962105,FALSE,FALSE,FALSE,0.125,FALSE,NA,FALSE,all_pairs_combn
N107,N119,1,1,small_or_isolated_candidate,small_or_isolated_candidate,714.5605072478859,FALSE,FALSE,FALSE,0.125,FALSE,NA,FALSE,all_pairs_combn
N151,N152,1,1,small_or_isolated_candidate,small_or_isolated_candidate,714.7265426818191,FALSE,FALSE,FALSE,0.125,FALSE,NA,FALSE,all_pairs_combn
N24,N94,1,1,small_or_isolated_candidate,small_or_isolated_candidate,715.5176991794148,FALSE,FALSE,FALSE,0.125,FALSE,NA,FALSE,all_pairs_combn
N10,N127,1,1,small_or_isolated_candidate,small_or_isolated_candidate,715.5961861983917,FALSE,FALSE,FALSE,0.125,FALSE,NA,FALSE,all_pairs_combn
N211,N34,1,1,small_or_isolated_candidate,small_or_isolated_candidate,715.8417334951023,FALSE,FALSE,FALSE,0.125,FALSE,NA,FALSE,all_pairs_combn
N123,N93,1,1,small_or_isolated_candidate,small_or_isolated_candidate,715.8709500471393,FALSE,FALSE,FALSE,0.125,FALSE,NA,FALSE,all_pairs_combn
N17,N212,1,1,small_or_isolated_candidate,small_or_isolated_candidate,715.8729448180209,FALSE,FALSE,FALSE,0.125,FALSE,NA,FALSE,all_pairs_combn
N142,N51,1,1,small_or_isolated_candidate,small_or_isolated_candidate,716.0320293115171,FALSE,FALSE,FALSE,0.125,FALSE,NA,FALSE,all_pairs_combn
N24,N95,1,1,small_or_isolated_candidate,small_or_isolated_candidate,716.0633828025865,FALSE,FALSE,FALSE,0.125,FALSE,NA,FALSE,all_pairs_combn
N10,N128,1,1,small_or_isolated_candidate,small_or_isolated_candidate,716.0676763918597,FALSE,FALSE,FALSE,0.125,FALSE,NA,FALSE,all_pairs_combn
N69,N96,1,1,small_or_isolated_candidate,small_or_isolated_candidate,716.0971809203509,FALSE,FALSE,FALSE,0.125,FALSE,NA,FALSE,all_pairs_combn
N151,N153,1,1,small_or_isolated_candidate,small_or_isolated_candidate,716.1346831221158,FALSE,FALSE,FALSE,0.125,FALSE,NA,FALSE,all_pairs_combn
N18,N71,1,1,small_or_isolated_candidate,small_or_isolated_candidate,716.4916102828981,FALSE,FALSE,FALSE,0.125,FALSE,NA,FALSE,all_pairs_combn
N18,N211,1,1,small_or_isolated_candidate,small_or_isolated_candidate,716.7988859272884,FALSE,FALSE,FALSE,0.125,FALSE,NA,FALSE,all_pairs_combn
N147,N207,1,1,small_or_isolated_candidate,small_or_isolated_candidate,716.8026063546101,FALSE,FALSE,FALSE,0.125,FALSE,NA,FALSE,all_pairs_combn
N142,N52,1,1,small_or_isolated_candidate,small_or_isolated_candidate,716.9107815389192,FALSE,FALSE,FALSE,0.125,FALSE,NA,FALSE,all_pairs_combn
N207,N212,1,1,small_or_isolated_candidate,small_or_isolated_candidate,717.0531003432071,FALSE,FALSE,FALSE,0.125,FALSE,NA,FALSE,all_pairs_combn
N136,N61,1,1,small_or_isolated_candidate,small_or_isolated_candidate,717.1923685402622,FALSE,FALSE,FALSE,0.125,FALSE,NA,FALSE,all_pairs_combn
N120,N292,1,1,small_or_isolated_candidate,small_or_isolated_candidate,717.4090533828302,FALSE,FALSE,FALSE,0.125,FALSE,NA,FALSE,all_pairs_combn
N122,N93,1,1,small_or_isolated_candidate,small_or_isolated_candidate,717.6986815269868,FALSE,FALSE,FALSE,0.125,FALSE,NA,FALSE,all_pairs_combn
N206,N212,1,1,small_or_isolated_candidate,small_or_isolated_candidate,717.7940836876226,FALSE,FALSE,FALSE,0.125,FALSE,NA,FALSE,all_pairs_combn
N129,N308,1,1,small_or_isolated_candidate,small_or_isolated_candidate,717.8368343387893,FALSE,FALSE,FALSE,0.125,FALSE,NA,FALSE,all_pairs_combn
N118,N17,1,1,small_or_isolated_candidate,small_or_isolated_candidate,718.2626895939045,FALSE,FALSE,FALSE,0.125,FALSE,NA,FALSE,all_pairs_combn
N121,N131,1,1,small_or_isolated_candidate,small_or_isolated_candidate,718.3408095186588,FALSE,FALSE,FALSE,0.125,FALSE,NA,FALSE,all_pairs_combn
N121,N93,1,1,small_or_isolated_candidate,small_or_isolated_candidate,718.6031431561709,FALSE,FALSE,FALSE,0.125,FALSE,NA,FALSE,all_pairs_combn
N107,N118,1,1,small_or_isolated_candidate,small_or_isolated_candidate,718.67668552989835,FALSE,FALSE,FALSE,0.125,FALSE,NA,FALSE,all_pairs_combn
N104,N69,1,1,small_or_isolated_candidate,small_or_isolated_candidate,718.6870037507965,FALSE,FALSE,FALSE,0.125,FALSE,NA,FALSE,all_pairs_combn
N112,N19,1,1,small_or_isolated_candidate,small_or_isolated_candidate,718.7386966356553,FALSE,FALSE,FALSE,0.125,FALSE,NA,FALSE,all_pairs_combn
N11,N148,1,1,small_or_isolated_candidate,small_or_isolated_candidate,718.8383255045663,FALSE,FALSE,FALSE,0.125,FALSE,NA,FALSE,all_pairs_combn
N104,N292,1,1,small_or_isolated_candidate,small_or_isolated_candidate,719.2312399070667,FALSE,FALSE,FALSE,0.125,FALSE,NA,FALSE,all_pairs_combn
N136,N62,1,1,small_or_isolated_candidate,small_or_isolated_candidate,719.773152822336,FALSE,FALSE,FALSE,0.125,FALSE,NA,FALSE,all_pairs_combn
N141,N65,1,1,small_or_isolated_candidate,small_or_isolated_candidate,720.895544698631,FALSE,FALSE,FALSE,0.125,FALSE,NA,FALSE,all_pairs_combn
N122,N131,1,1,small_or_isolated_candidate,small_or_isolated_candidate,721.0254573134822,FALSE,FALSE,FALSE,0.125,FALSE,NA,FALSE,all_pairs_combn
N123,N131,1,1,small_or_isolated_candidate,small_or_isolated_candidate,721.31310466694,FALSE,FALSE,FALSE,0.125,FALSE,NA,FALSE,all_pairs_combn
N134,N307,1,1,small_or_isolated_candidate,small_or_isolated_candidate,721.3524228545435,FALSE,FALSE,FALSE,0.125,FALSE,NA,FALSE,all_pairs_combn
N140,N65,1,1,small_or_isolated_candidate,small_or_isolated_candidate,721.363009756853,FALSE,FALSE,FALSE,0.125,FALSE,NA,FALSE,all_pairs_combn
N17,N211,1,1,small_or_isolated_candidate,small_or_isolated_candidate,721.6238798678659,FALSE,FALSE,FALSE,0.125,FALSE,NA,FALSE,all_pairs_combn
N136,N65,1,1,small_or_isolated_candidate,small_or_isolated_candidate,721.6668865122326,FALSE,FALSE,FALSE,0.125,FALSE,NA,FALSE,all_pairs_combn
N111,N19,1,1,small_or_isolated_candidate,small_or_isolated_candidate,721.6915020182022,FALSE,FALSE,FALSE,0.125,FALSE,NA,FALSE,all_pairs_combn
N136,N92,1,1,small_or_isolated_candidate,small_or_isolated_candidate,721.6947742340213,FALSE,FALSE,FALSE,0.125,FALSE,NA,FALSE,all_pairs_combn
N143,N151,1,1,small_or_isolated_candidate,small_or_isolated_candidate,722.3495643714624,FALSE,FALSE,FALSE,0.125,FALSE,NA,FALSE,all_pairs_combn
N120,N142,1,1,small_or_isolated_candidate,small_or_isolated_candidate,722.4654500711325,FALSE,FALSE,FALSE,0.125,FALSE,NA,FALSE,all_pairs_combn
N124,N308,1,1,small_or_isolated_candidate,small_or_isolated_candidate,722.6449844886613,FALSE,FALSE,FALSE,0.125,FALSE,NA,FALSE,all_pairs_combn
N10,N136,1,1,small_or_isolated_candidate,small_or_isolated_candidate,722.720620206403,FALSE,FALSE,FALSE,0.125,FALSE,NA,FALSE,all_pairs_combn
N126,N96,1,1,small_or_isolated_candidate,small_or_isolated_candidate,722.7441472049147,FALSE,FALSE,FALSE,0.125,FALSE,NA,FALSE,all_pairs_combn
N135,N207,1,1,small_or_isolated_candidate,small_or_isolated_candidate,722.7757266734915,FALSE,FALSE,FALSE,0.125,FALSE,NA,FALSE,all_pairs_combn
N128,N150,1,1,small_or_isolated_candidate,small_or_isolated_candidate,723.0555860696956,FALSE,FALSE,FALSE,0.125,FALSE,NA,FALSE,all_pairs_combn
N107,N69,1,1,small_or_isolated_candidate,small_or_isolated_candidate,723.302341282382,FALSE,FALSE,FALSE,0.125,FALSE,NA,FALSE,all_pairs_combn
N11,N152,1,1,small_or_isolated_candidate,small_or_isolated_candidate,724.4984293765152,FALSE,FALSE,FALSE,0.125,FALSE,NA,FALSE,all_pairs_combn
N21,N305,1,1,small_or_isolated_candidate,small_or_isolated_candidate,724.5279488377122,FALSE,FALSE,FALSE,0.125,FALSE,NA,FALSE,all_pairs_combn
N148,N207,1,1,small_or_isolated_candidate,small_or_isolated_candidate,724.6780470035604,FALSE,FALSE,FALSE,0.125,FALSE,NA,FALSE,all_pairs_combn
N123,N22,1,1,small_or_isolated_candidate,small_or_isolated_candidate,724.7340969902433,FALSE,FALSE,FALSE,0.125,FALSE,NA,FALSE,all_pairs_combn
N149,N30,1,1,small_or_isolated_candidate,small_or_isolated_candidate,724.7371455690591,FALSE,FALSE,FALSE,0.125,FALSE,NA,FALSE,all_pairs_combn
N127,N150,1,1,small_or_isolated_candidate,small_or_isolated_candidate,725.1372759339232,FALSE,FALSE,FALSE,0.125,FALSE,NA,FALSE,all_pairs_combn
N110,N148,1,1,small_or_isolated_candidate,small_or_isolated_candidate,725.3226178270138,FALSE,FALSE,FALSE,0.125,FALSE,NA,FALSE,all_pairs_combn
N121,N22,1,1,small_or_isolated_candidate,small_or_isolated_candidate,725.4294582795465,FALSE,FALSE,FALSE,0.125,FALSE,NA,FALSE,all_pairs_combn
N11,N153,1,1,small_or_isolated_candidate,small_or_isolated_candidate,725.5061524044805,FALSE,FALSE,FALSE,0.125,FALSE,NA,FALSE,all_pairs_combn
N128,N292,1,1,small_or_isolated_candidate,small_or_isolated_candidate,726.027068170015,FALSE,FALSE,FALSE,0.125,FALSE,NA,FALSE,all_pairs_combn
N34,N67,1,1,small_or_isolated_candidate,small_or_isolated_candidate,726.2962157418946,FALSE,FALSE,FALSE,0.125,FALSE,NA,FALSE,all_pairs_combn
N120,N146,1,1,small_or_isolated_candidate,small_or_isolated_candidate,727.0950742369124,FALSE,FALSE,FALSE,0.125,FALSE,NA,FALSE,all_pairs_combn
N48,N71,1,1,small_or_isolated_candidate,small_or_isolated_candidate,727.4831175467797,FALSE,FALSE,FALSE,0.125,FALSE,NA,FALSE,all_pairs_combn
N211,N308,1,1,small_or_isolated_candidate,small_or_isolated_candidate,727.549065828389,FALSE,FALSE,FALSE,0.125,FALSE,NA,FALSE,all_pairs_combn
N122,N22,1,1,small_or_isolated_candidate,small_or_isolated_candidate,727.5917769905799,FALSE,FALSE,FALSE,0.125,FALSE,NA,FALSE,all_pairs_combn
N117,N18,1,1,small_or_isolated_candidate,small_or_isolated_candidate,727.8198086525015,FALSE,FALSE,FALSE,0.125,FALSE,NA,FALSE,all_pairs_combn
N141,N61,1,1,small_or_isolated_candidate,small_or_isolated_candidate,728.1472908467401,FALSE,FALSE,FALSE,0.125,FALSE,NA,FALSE,all_pairs_combn
N118,N151,1,1,small_or_isolated_candidate,small_or_isolated_candidate,728.4208399930048,FALSE,FALSE,FALSE,0.125,FALSE,NA,FALSE,all_pairs_combn
N127,N292,1,1,small_or_isolated_candidate,small_or_isolated_candidate,728.5350014237822,FALSE,FALSE,FALSE,0.125,FALSE,NA,FALSE,all_pairs_combn
N110,N307,1,1,small_or_isolated_candidate,small_or_isolated_candidate,728.5589757598768,FALSE,FALSE,FALSE,0.125,FALSE,NA,FALSE,all_pairs_combn
N144,N51,1,1,small_or_isolated_candidate,small_or_isolated_candidate,728.688561978524,FALSE,FALSE,FALSE,0.125,FALSE,NA,FALSE,all_pairs_combn
N140,N61,1,1,small_or_isolated_candidate,small_or_isolated_candidate,728.8197796066227,FALSE,FALSE,FALSE,0.125,FALSE,NA,FALSE,all_pairs_combn
N308,N61,1,1,small_or_isolated_candidate,small_or_isolated_candidate,728.8274583912012,FALSE,FALSE,FALSE,0.125,FALSE,NA,FALSE,all_pairs_combn
N296,N48,1,1,small_or_isolated_candidate,small_or_isolated_candidate,728.840054850283,FALSE,FALSE,FALSE,0.125,FALSE,NA,FALSE,all_pairs_combn
N149,N69,1,1,small_or_isolated_candidate,small_or_isolated_candidate,729.3344042872163,FALSE,FALSE,FALSE,0.125,FALSE,NA,FALSE,all_pairs_combn
N129,N307,1,1,small_or_isolated_candidate,small_or_isolated_candidate,729.5519635437391,FALSE,FALSE,FALSE,0.125,FALSE,NA,FALSE,all_pairs_combn
N144,N52,1,1,small_or_isolated_candidate,small_or_isolated_candidate,729.6604870115415,FALSE,FALSE,FALSE,0.125,FALSE,NA,FALSE,all_pairs_combn
N68,N69,1,1,small_or_isolated_candidate,small_or_isolated_candidate,729.9799764307704,FALSE,FALSE,FALSE,0.125,FALSE,NA,FALSE,all_pairs_combn
N114,N292,1,1,small_or_isolated_candidate,small_or_isolated_candidate,730.1509824364903,FALSE,FALSE,FALSE,0.125,FALSE,NA,FALSE,all_pairs_combn
N136,N95,1,1,small_or_isolated_candidate,small_or_isolated_candidate,730.3365550059947,FALSE,FALSE,FALSE,0.125,FALSE,NA,FALSE,all_pairs_combn
N133,N207,1,1,small_or_isolated_candidate,small_or_isolated_candidate,730.4457499446931,FALSE,FALSE,FALSE,0.125,FALSE,NA,FALSE,all_pairs_combn
N259,N93,1,1,small_or_isolated_candidate,small_or_isolated_candidate,730.5861167330042,FALSE,FALSE,FALSE,0.125,FALSE,NA,FALSE,all_pairs_combn
N136,N66,1,1,small_or_isolated_candidate,small_or_isolated_candidate,730.773197136936,FALSE,FALSE,FALSE,0.125,FALSE,NA,FALSE,all_pairs_combn
N114,N149,1,1,small_or_isolated_candidate,small_or_isolated_candidate,731.2732053489976,FALSE,FALSE,FALSE,0.125,FALSE,NA,FALSE,all_pairs_combn
N146,N24,1,1,small_or_isolated_candidate,small_or_isolated_candidate,731.3438026065689,FALSE,FALSE,FALSE,0.125,FALSE,NA,FALSE,all_pairs_combn
N136,N63,1,1,small_or_isolated_candidate,small_or_isolated_candidate,731.6254445499505,FALSE,FALSE,FALSE,0.125,FALSE,NA,FALSE,all_pairs_combn
N132,N143,1,1,small_or_isolated_candidate,small_or_isolated_candidate,732.0272895967789,FALSE,FALSE,FALSE,0.125,FALSE,NA,FALSE,all_pairs_combn
N119,N151,1,1,small_or_isolated_candidate,small_or_isolated_candidate,732.2648101062235,FALSE,FALSE,FALSE,0.125,FALSE,NA,FALSE,all_pairs_combn
N142,N24,1,1,small_or_isolated_candidate,small_or_isolated_candidate,732.4562200704001,FALSE,FALSE,FALSE,0.125,FALSE,NA,FALSE,all_pairs_combn
N138,N296,1,1,small_or_isolated_candidate,small_or_isolated_candidate,732.5402900349857,FALSE,FALSE,FALSE,0.125,FALSE,NA,FALSE,all_pairs_combn
N135,N294,1,1,small_or_isolated_candidate,small_or_isolated_candidate,732.6527891483007,FALSE,FALSE,FALSE,0.125,FALSE,NA,FALSE,all_pairs_combn
N107,N141,1,1,small_or_isolated_candidate,small_or_isolated_candidate,732.8552819661501,FALSE,FALSE,FALSE,0.125,FALSE,NA,FALSE,all_pairs_combn
N131,N134,1,1,small_or_isolated_candidate,small_or_isolated_candidate,733.1495052659401,FALSE,FALSE,FALSE,0.125,FALSE,NA,FALSE,all_pairs_combn
N117,N17,1,1,small_or_isolated_candidate,small_or_isolated_candidate,733.5622649458724,FALSE,FALSE,FALSE,0.125,FALSE,NA,FALSE,all_pairs_combn
N300,N51,1,1,small_or_isolated_candidate,small_or_isolated_candidate,733.6854479271674,FALSE,FALSE,FALSE,0.125,FALSE,NA,FALSE,all_pairs_combn
N117,N131,1,1,small_or_isolated_candidate,small_or_isolated_candidate,733.9674649168268,FALSE,FALSE,FALSE,0.125,FALSE,NA,FALSE,all_pairs_combn
N113,N259,1,1,small_or_isolated_candidate,small_or_isolated_candidate,734.2034345820398,FALSE,FALSE,FALSE,0.125,FALSE,NA,FALSE,all_pairs_combn
N300,N52,1,1,small_or_isolated_candidate,small_or_isolated_candidate,734.2217820658813,FALSE,FALSE,FALSE,0.125,FALSE,NA,FALSE,all_pairs_combn
N144,N151,1,1,small_or_isolated_candidate,small_or_isolated_candidate,734.8834571990178,FALSE,FALSE,FALSE,0.125,FALSE,NA,FALSE,all_pairs_combn
N114,N138,1,1,small_or_isolated_candidate,small_or_isolated_candidate,735.3414087234631,FALSE,FALSE,FALSE,0.125,FALSE,NA,FALSE,all_pairs_combn
N132,N144,1,1,small_or_isolated_candidate,small_or_isolated_candidate,735.491693743344,FALSE,FALSE,FALSE,0.125,FALSE,NA,FALSE,all_pairs_combn
N104,N118,1,1,small_or_isolated_candidate,small_or_isolated_candidate,735.5249712477328,FALSE,FALSE,FALSE,0.125,FALSE,NA,FALSE,all_pairs_combn
N107,N140,1,1,small_or_isolated_candidate,small_or_isolated_candidate,735.9215275469752,FALSE,FALSE,FALSE,0.125,FALSE,NA,FALSE,all_pairs_combn
N124,N307,1,1,small_or_isolated_candidate,small_or_isolated_candidate,736.005122632411,FALSE,FALSE,FALSE,0.125,FALSE,NA,FALSE,all_pairs_combn
N304,N51,1,1,small_or_isolated_candidate,small_or_isolated_candidate,736.0604162255186,FALSE,FALSE,FALSE,0.125,FALSE,NA,FALSE,all_pairs_combn
N304,N52,1,1,small_or_isolated_candidate,small_or_isolated_candidate,736.5719925724309,FALSE,FALSE,FALSE,0.125,FALSE,NA,FALSE,all_pairs_combn
N113,N151,1,1,small_or_isolated_candidate,small_or_isolated_candidate,737.0710992626508,FALSE,FALSE,FALSE,0.125,FALSE,NA,FALSE,all_pairs_combn
N107,N117,1,1,small_or_isolated_candidate,small_or_isolated_candidate,737.1255293203055,FALSE,FALSE,FALSE,0.125,FALSE,NA,FALSE,all_pairs_combn
N104,N119,1,1,small_or_isolated_candidate,small_or_isolated_candidate,737.2396159689033,FALSE,FALSE,FALSE,0.125,FALSE,NA,FALSE,all_pairs_combn
N143,N206,1,1,small_or_isolated_candidate,small_or_isolated_candidate,738.1297297481473,FALSE,FALSE,FALSE,0.125,FALSE,NA,FALSE,all_pairs_combn
N118,N131,1,1,small_or_isolated_candidate,small_or_isolated_candidate,738.1841938112811,FALSE,FALSE,FALSE,0.125,FALSE,NA,FALSE,all_pairs_combn
N125,N308,1,1,small_or_isolated_candidate,small_or_isolated_candidate,738.7853145100385,FALSE,FALSE,FALSE,0.125,FALSE,NA,FALSE,all_pairs_combn
N145,N62,1,1,small_or_isolated_candidate,small_or_isolated_candidate,740.3642547416764,FALSE,FALSE,FALSE,0.125,FALSE,NA,FALSE,all_pairs_combn
N113,N150,1,1,small_or_isolated_candidate,small_or_isolated_candidate,740.6134167406868,FALSE,FALSE,FALSE,0.125,FALSE,NA,FALSE,all_pairs_combn
N138,N34,1,1,small_or_isolated_candidate,small_or_isolated_candidate,740.8609953055831,FALSE,FALSE,FALSE,0.125,FALSE,NA,FALSE,all_pairs_combn
N125,N131,1,1,small_or_isolated_candidate,small_or_isolated_candidate,741.1939536047445,FALSE,FALSE,FALSE,0.125,FALSE,NA,FALSE,all_pairs_combn
N124,N131,1,1,small_or_isolated_candidate,small_or_isolated_candidate,741.4267331737876,FALSE,FALSE,FALSE,0.125,FALSE,NA,FALSE,all_pairs_combn
N143,N51,1,1,small_or_isolated_candidate,small_or_isolated_candidate,741.507872866872,FALSE,FALSE,FALSE,0.125,FALSE,NA,FALSE,all_pairs_combn
N136,N94,1,1,small_or_isolated_candidate,small_or_isolated_candidate,741.6600524232965,FALSE,FALSE,FALSE,0.125,FALSE,NA,FALSE,all_pairs_combn
N136,N22,1,1,small_or_isolated_candidate,small_or_isolated_candidate,741.7138008407239,FALSE,FALSE,FALSE,0.125,FALSE,NA,FALSE,all_pairs_combn
N294,N62,1,1,small_or_isolated_candidate,small_or_isolated_candidate,742.2145865610178,FALSE,FALSE,FALSE,0.125,FALSE,NA,FALSE,all_pairs_combn
N148,N206,1,1,small_or_isolated_candidate,small_or_isolated_candidate,742.409752668655,FALSE,FALSE,FALSE,0.125,FALSE,NA,FALSE,all_pairs_combn
N143,N52,1,1,small_or_isolated_candidate,small_or_isolated_candidate,742.4765715283678,FALSE,FALSE,FALSE,0.125,FALSE,NA,FALSE,all_pairs_combn
N307,N65,1,1,small_or_isolated_candidate,small_or_isolated_candidate,742.7565391378438,FALSE,FALSE,FALSE,0.125,FALSE,NA,FALSE,all_pairs_combn
N150,N93,1,1,small_or_isolated_candidate,small_or_isolated_candidate,742.7738542052099,FALSE,FALSE,FALSE,0.125,FALSE,NA,FALSE,all_pairs_combn
N146,N49,1,1,small_or_isolated_candidate,small_or_isolated_candidate,743.251250962676,FALSE,FALSE,FALSE,0.125,FALSE,NA,FALSE,all_pairs_combn
N32,N96,1,1,small_or_isolated_candidate,small_or_isolated_candidate,743.2854842835263,FALSE,FALSE,FALSE,0.125,FALSE,NA,FALSE,all_pairs_combn
N132,N292,1,1,small_or_isolated_candidate,small_or_isolated_candidate,743.51457958239,FALSE,FALSE,FALSE,0.125,FALSE,NA,FALSE,all_pairs_combn
N135,N307,1,1,small_or_isolated_candidate,small_or_isolated_candidate,743.58173329279,FALSE,FALSE,FALSE,0.125,FALSE,NA,FALSE,all_pairs_combn
N20,N305,1,1,small_or_isolated_candidate,small_or_isolated_candidate,743.7155707142367,FALSE,FALSE,FALSE,0.125,FALSE,NA,FALSE,all_pairs_combn
N292,N96,1,1,small_or_isolated_candidate,small_or_isolated_candidate,743.8831363395541,FALSE,FALSE,FALSE,0.125,FALSE,NA,FALSE,all_pairs_combn
N34,N48,1,1,small_or_isolated_candidate,small_or_isolated_candidate,744.0406533569173,FALSE,FALSE,FALSE,0.125,FALSE,NA,FALSE,all_pairs_combn
N145,N66,1,1,small_or_isolated_candidate,small_or_isolated_candidate,744.794000502292,FALSE,FALSE,FALSE,0.125,FALSE,NA,FALSE,all_pairs_combn
N111,N148,1,1,small_or_isolated_candidate,small_or_isolated_candidate,745.1944934527999,FALSE,FALSE,FALSE,0.125,FALSE,NA,FALSE,all_pairs_combn
N211,N307,1,1,small_or_isolated_candidate,small_or_isolated_candidate,745.3764762251594,FALSE,FALSE,FALSE,0.125,FALSE,NA,FALSE,all_pairs_combn
N112,N148,1,1,small_or_isolated_candidate,small_or_isolated_candidate,745.7267055365704,FALSE,FALSE,FALSE,0.125,FALSE,NA,FALSE,all_pairs_combn
N145,N63,1,1,small_or_isolated_candidate,small_or_isolated_candidate,745.7909953153982,FALSE,FALSE,FALSE,0.125,FALSE,NA,FALSE,all_pairs_combn
N292,N49,1,1,small_or_isolated_candidate,small_or_isolated_candidate,745.9289265895934,FALSE,FALSE,FALSE,0.125,FALSE,NA,FALSE,all_pairs_combn
N146,N50,1,1,small_or_isolated_candidate,small_or_isolated_candidate,746.1268724667565,FALSE,FALSE,FALSE,0.125,FALSE,NA,FALSE,all_pairs_combn
N144,N206,1,1,small_or_isolated_candidate,small_or_isolated_candidate,746.5336755040098,FALSE,FALSE,FALSE,0.125,FALSE,NA,FALSE,all_pairs_combn
N131,N151,1,1,small_or_isolated_candidate,small_or_isolated_candidate,746.7446794423197,FALSE,FALSE,FALSE,0.125,FALSE,NA,FALSE,all_pairs_combn
N132,N51,1,1,small_or_isolated_candidate,small_or_isolated_candidate,746.8341095889042,FALSE,FALSE,FALSE,0.125,FALSE,NA,FALSE,all_pairs_combn
N132,N52,1,1,small_or_isolated_candidate,small_or_isolated_candidate,747.1440922925772,FALSE,FALSE,FALSE,0.125,FALSE,NA,FALSE,all_pairs_combn
N135,N300,1,1,small_or_isolated_candidate,small_or_isolated_candidate,747.1792380676668,FALSE,FALSE,FALSE,0.125,FALSE,NA,FALSE,all_pairs_combn
N119,N51,1,1,small_or_isolated_candidate,small_or_isolated_candidate,747.38367803668325,FALSE,FALSE,FALSE,0.125,FALSE,NA,FALSE,all_pairs_combn
N294,N66,1,1,small_or_isolated_candidate,small_or_isolated_candidate,747.6563273862183,FALSE,FALSE,FALSE,0.125,FALSE,NA,FALSE,all_pairs_combn
N133,N18,1,1,small_or_isolated_candidate,small_or_isolated_candidate,747.7674908925056,FALSE,FALSE,FALSE,0.125,FALSE,NA,FALSE,all_pairs_combn
N132,N21,1,1,small_or_isolated_candidate,small_or_isolated_candidate,747.8293634328729,FALSE,FALSE,FALSE,0.125,FALSE,NA,FALSE,all_pairs_combn
N118,N296,1,1,small_or_isolated_candidate,small_or_isolated_candidate,748.1064624004104,FALSE,FALSE,FALSE,0.125,FALSE,NA,FALSE,all_pairs_combn
N138,N95,1,1,small_or_isolated_candidate,small_or_isolated_candidate,748.247678020537,FALSE,FALSE,FALSE,0.125,FALSE,NA,FALSE,all_pairs_combn
N138,N92,1,1,small_or_isolated_candidate,small_or_isolated_candidate,748.3593433598674,FALSE,FALSE,FALSE,0.125,FALSE,NA,FALSE,all_pairs_combn
N119,N52,1,1,small_or_isolated_candidate,small_or_isolated_candidate,748.3758261911948,FALSE,FALSE,FALSE,0.125,FALSE,NA,FALSE,all_pairs_combn
N292,N50,1,1,small_or_isolated_candidate,small_or_isolated_candidate,748.5862139946439,FALSE,FALSE,FALSE,0.125,FALSE,NA,FALSE,all_pairs_combn
N294,N63,1,1,small_or_isolated_candidate,small_or_isolated_candidate,748.6476547670401,FALSE,FALSE,FALSE,0.125,FALSE,NA,FALSE,all_pairs_combn
N117,N296,1,1,small_or_isolated_candidate,small_or_isolated_candidate,748.7046317346949,FALSE,FALSE,FALSE,0.125,FALSE,NA,FALSE,all_pairs_combn
N129,N296,1,1,small_or_isolated_candidate,small_or_isolated_candidate,748.7892888452113,FALSE,FALSE,FALSE,0.125,FALSE,NA,FALSE,all_pairs_combn
N24,N71,1,1,small_or_isolated_candidate,small_or_isolated_candidate,749.0568563737064,FALSE,FALSE,FALSE,0.125,FALSE,NA,FALSE,all_pairs_combn
N138,N30,1,1,small_or_isolated_candidate,small_or_isolated_candidate,749.3955373764538,FALSE,FALSE,FALSE,0.125,FALSE,NA,FALSE,all_pairs_combn
N107,N144,1,1,small_or_isolated_candidate,small_or_isolated_candidate,749.7840637337702,FALSE,FALSE,FALSE,0.125,FALSE,NA,FALSE,all_pairs_combn
N211,N33,1,1,small_or_isolated_candidate,small_or_isolated_candidate,749.9047506059454,FALSE,FALSE,FALSE,0.125,FALSE,NA,FALSE,all_pairs_combn
N120,N211,1,1,small_or_isolated_candidate,small_or_isolated_candidate,749.9392107970659,FALSE,FALSE,FALSE,0.125,FALSE,NA,FALSE,all_pairs_combn
N305,N49,1,1,small_or_isolated_candidate,small_or_isolated_candidate,750.2095971701838,FALSE,FALSE,FALSE,0.125,FALSE,NA,FALSE,all_pairs_combn
N144,N30,1,1,small_or_isolated_candidate,small_or_isolated_candidate,750.4220482280064,FALSE,FALSE,FALSE,0.125,FALSE,NA,FALSE,all_pairs_combn
N114,N157,1,1,small_or_isolated_candidate,small_or_isolated_candidate,750.5424593013098,FALSE,FALSE,FALSE,0.125,FALSE,NA,FALSE,all_pairs_combn
N135,N136,1,1,small_or_isolated_candidate,small_or_isolated_candidate,750.6879974006534,FALSE,FALSE,FALSE,0.125,FALSE,NA,FALSE,all_pairs_combn
N125,N307,1,1,small_or_isolated_candidate,small_or_isolated_candidate,751.2157032363161,FALSE,FALSE,FALSE,0.125,FALSE,NA,FALSE,all_pairs_combn
N149,N19,1,1,small_or_isolated_candidate,small_or_isolated_candidate,751.4618405587902,FALSE,FALSE,FALSE,0.125,FALSE,NA,FALSE,all_pairs_combn
N19,N292,1,1,small_or_isolated_candidate,small_or_isolated_candidate,751.8840922724581,FALSE,FALSE,FALSE,0.125,FALSE,NA,FALSE,all_pairs_combn
N118,N96,1,1,small_or_isolated_candidate,small_or_isolated_candidate,752.0260979742028,FALSE,FALSE,FALSE,0.125,FALSE,NA,FALSE,all_pairs_combn
N146,N21,1,1,small_or_isolated_candidate,small_or_isolated_candidate,752.6240574030357,FALSE,FALSE,FALSE,0.125,FALSE,NA,FALSE,all_pairs_combn
N305,N50,1,1,small_or_isolated_candidate,small_or_isolated_candidate,753.0612421645316,FALSE,FALSE,FALSE,0.125,FALSE,NA,FALSE,all_pairs_combn
N107,N294,1,1,small_or_isolated_candidate,small_or_isolated_candidate,753.0657650391556,FALSE,FALSE,FALSE,0.125,FALSE,NA,FALSE,all_pairs_combn
N126,N300,1,1,small_or_isolated_candidate,small_or_isolated_candidate,753.5207810588797,FALSE,FALSE,FALSE,0.125,FALSE,NA,FALSE,all_pairs_combn
N138,N182,1,1,small_or_isolated_candidate,small_or_isolated_candidate,753.7460059429095,FALSE,FALSE,FALSE,0.125,FALSE,NA,FALSE,all_pairs_combn
N104,N117,1,1,small_or_isolated_candidate,small_or_isolated_candidate,753.9011004722865,FALSE,FALSE,FALSE,0.125,FALSE,NA,FALSE,all_pairs_combn
N131,N138,1,1,small_or_isolated_candidate,small_or_isolated_candidate,754.098872789859,FALSE,FALSE,FALSE,0.125,FALSE,NA,FALSE,all_pairs_combn
N138,N49,1,1,small_or_isolated_candidate,small_or_isolated_candidate,754.8734968537509,FALSE,FALSE,FALSE,0.125,FALSE,NA,FALSE,all_pairs_combn
N141,N62,1,1,small_or_isolated_candidate,small_or_isolated_candidate,755.665526109904,FALSE,FALSE,FALSE,0.125,FALSE,NA,FALSE,all_pairs_combn
N126,N151,1,1,small_or_isolated_candidate,small_or_isolated_candidate,755.8046469075442,FALSE,FALSE,FALSE,0.125,FALSE,NA,FALSE,all_pairs_combn
N134,N296,1,1,small_or_isolated_candidate,small_or_isolated_candidate,756.3339440071976,FALSE,FALSE,FALSE,0.125,FALSE,NA,FALSE,all_pairs_combn
N133,N17,1,1,small_or_isolated_candidate,small_or_isolated_candidate,756.6326273340457,FALSE,FALSE,FALSE,0.125,FALSE,NA,FALSE,all_pairs_combn
N140,N62,1,1,small_or_isolated_candidate,small_or_isolated_candidate,756.752695347477,FALSE,FALSE,FALSE,0.125,FALSE,NA,FALSE,all_pairs_combn
N138,N50,1,1,small_or_isolated_candidate,small_or_isolated_candidate,757.0635699979002,FALSE,FALSE,FALSE,0.125,FALSE,NA,FALSE,all_pairs_combn
N149,N151,1,1,small_or_isolated_candidate,small_or_isolated_candidate,757.5579986114111,FALSE,FALSE,FALSE,0.125,FALSE,NA,FALSE,all_pairs_combn
N134,N18,1,1,small_or_isolated_candidate,small_or_isolated_candidate,757.5832643980675,FALSE,FALSE,FALSE,0.125,FALSE,NA,FALSE,all_pairs_combn
N137,N146,1,1,small_or_isolated_candidate,small_or_isolated_candidate,757.6394685840842,FALSE,FALSE,FALSE,0.125,FALSE,NA,FALSE,all_pairs_combn
N307,N61,1,1,small_or_isolated_candidate,small_or_isolated_candidate,757.6653862025254,FALSE,FALSE,FALSE,0.125,FALSE,NA,FALSE,all_pairs_combn
N21,N304,1,1,small_or_isolated_candidate,small_or_isolated_candidate,758.0119904653591,FALSE,FALSE,FALSE,0.125,FALSE,NA,FALSE,all_pairs_combn
N21,N300,1,1,small_or_isolated_candidate,small_or_isolated_candidate,758.3139476860324,FALSE,FALSE,FALSE,0.125,FALSE,NA,FALSE,all_pairs_combn
N107,N146,1,1,small_or_isolated_candidate,small_or_isolated_candidate,758.4367782662287,FALSE,FALSE,FALSE,0.125,FALSE,NA,FALSE,all_pairs_combn
N119,N96,1,1,small_or_isolated_candidate,small_or_isolated_candidate,758.7560605857312,FALSE,FALSE,FALSE,0.125,FALSE,NA,FALSE,all_pairs_combn
N135,N308,1,1,small_or_isolated_candidate,small_or_isolated_candidate,758.9155332109896,FALSE,FALSE,FALSE,0.125,FALSE,NA,FALSE,all_pairs_combn
N135,N145,1,1,small_or_isolated_candidate,small_or_isolated_candidate,759.4234128879621,FALSE,FALSE,FALSE,0.125,FALSE,NA,FALSE,all_pairs_combn
N126,N51,1,1,small_or_isolated_candidate,small_or_isolated_candidate,759.6058203475952,FALSE,FALSE,FALSE,0.125,FALSE,NA,FALSE,all_pairs_combn
N137,N149,1,1,small_or_isolated_candidate,small_or_isolated_candidate,759.9429069846099,FALSE,FALSE,FALSE,0.125,FALSE,NA,FALSE,all_pairs_combn
N126,N52,1,1,small_or_isolated_candidate,small_or_isolated_candidate,760.5981788542665,FALSE,FALSE,FALSE,0.125,FALSE,NA,FALSE,all_pairs_combn
N146,N207,1,1,small_or_isolated_candidate,small_or_isolated_candidate,761.1139014901712,FALSE,FALSE,FALSE,0.125,FALSE,NA,FALSE,all_pairs_combn
N107,N149,1,1,small_or_isolated_candidate,small_or_isolated_candidate,761.4074460960314,FALSE,FALSE,FALSE,0.125,FALSE,NA,FALSE,all_pairs_combn
N11,N212,1,1,small_or_isolated_candidate,small_or_isolated_candidate,761.5147883980358,FALSE,FALSE,FALSE,0.125,FALSE,NA,FALSE,all_pairs_combn
N138,N94,1,1,small_or_isolated_candidate,small_or_isolated_candidate,761.514905016561,FALSE,FALSE,FALSE,0.125,FALSE,NA,FALSE,all_pairs_combn
N143,N30,1,1,small_or_isolated_candidate,small_or_isolated_candidate,761.5934175184517,FALSE,FALSE,FALSE,0.125,FALSE,NA,FALSE,all_pairs_combn
N112,N308,1,1,small_or_isolated_candidate,small_or_isolated_candidate,761.6759222230128,FALSE,FALSE,FALSE,0.125,FALSE,NA,FALSE,all_pairs_combn
N104,N32,1,1,small_or_isolated_candidate,small_or_isolated_candidate,761.7091839626106,FALSE,FALSE,FALSE,0.125,FALSE,NA,FALSE,all_pairs_combn
N114,N152,1,1,small_or_isolated_candidate,small_or_isolated_candidate,762.0435806454577,FALSE,FALSE,FALSE,0.125,FALSE,NA,FALSE,all_pairs_combn
N113,N126,1,1,small_or_isolated_candidate,small_or_isolated_candidate,762.1462353073448,FALSE,FALSE,FALSE,0.125,FALSE,NA,FALSE,all_pairs_combn
N137,N300,1,1,small_or_isolated_candidate,small_or_isolated_candidate,762.1984191714773,FALSE,FALSE,FALSE,0.125,FALSE,NA,FALSE,all_pairs_combn
N141,N66,1,1,small_or_isolated_candidate,small_or_isolated_candidate,762.3938789279283,FALSE,FALSE,FALSE,0.125,FALSE,NA,FALSE,all_pairs_combn
N127,N22,1,1,small_or_isolated_candidate,small_or_isolated_candidate,762.5803023486721,FALSE,FALSE,FALSE,0.125,FALSE,NA,FALSE,all_pairs_combn
N111,N308,1,1,small_or_isolated_candidate,small_or_isolated_candidate,762.9006012855848,FALSE,FALSE,FALSE,0.125,FALSE,NA,FALSE,all_pairs_combn
N136,N207,1,1,small_or_isolated_candidate,small_or_isolated_candidate,762.9295039587955,FALSE,FALSE,FALSE,0.125,FALSE,NA,FALSE,all_pairs_combn
N128,N22,1,1,small_or_isolated_candidate,small_or_isolated_candidate,763.0251623368854,FALSE,FALSE,FALSE,0.125,FALSE,NA,FALSE,all_pairs_combn
N141,N63,1,1,small_or_isolated_candidate,small_or_isolated_candidate,763.370692886305,FALSE,FALSE,FALSE,0.125,FALSE,NA,FALSE,all_pairs_combn
N140,N66,1,1,small_or_isolated_candidate,small_or_isolated_candidate,763.3986512802732,FALSE,FALSE,FALSE,0.125,FALSE,NA,FALSE,all_pairs_combn
N134,N17,1,1,small_or_isolated_candidate,small_or_isolated_candidate,763.4484263625125,FALSE,FALSE,FALSE,0.125,FALSE,NA,FALSE,all_pairs_combn
N113,N129,1,1,small_or_isolated_candidate,small_or_isolated_candidate,763.5797080474316,FALSE,FALSE,FALSE,0.125,FALSE,NA,FALSE,all_pairs_combn
N147,N206,1,1,small_or_isolated_candidate,small_or_isolated_candidate,763.7791128493246,FALSE,FALSE,FALSE,0.125,FALSE,NA,FALSE,all_pairs_combn
N128,N30,1,1,small_or_isolated_candidate,small_or_isolated_candidate,763.8521987192133,FALSE,FALSE,FALSE,0.125,FALSE,NA,FALSE,all_pairs_combn
N127,N30,1,1,small_or_isolated_candidate,small_or_isolated_candidate,764.0857350700968,FALSE,FALSE,FALSE,0.125,FALSE,NA,FALSE,all_pairs_combn
N114,N153,1,1,small_or_isolated_candidate,small_or_isolated_candidate,764.3533835550153,FALSE,FALSE,FALSE,0.125,FALSE,NA,FALSE,all_pairs_combn
N140,N63,1,1,small_or_isolated_candidate,small_or_isolated_candidate,764.3766604838515,FALSE,FALSE,FALSE,0.125,FALSE,NA,FALSE,all_pairs_combn
N132,N20,1,1,small_or_isolated_candidate,small_or_isolated_candidate,765.3222194363282,FALSE,FALSE,FALSE,0.125,FALSE,NA,FALSE,all_pairs_combn
N138,N300,1,1,small_or_isolated_candidate,small_or_isolated_candidate,765.4844634117114,FALSE,FALSE,FALSE,0.125,FALSE,NA,FALSE,all_pairs_combn
N135,N304,1,1,small_or_isolated_candidate,small_or_isolated_candidate,765.6009737560521,FALSE,FALSE,FALSE,0.125,FALSE,NA,FALSE,all_pairs_combn
N21,N292,1,1,small_or_isolated_candidate,small_or_isolated_candidate,765.6787206323198,FALSE,FALSE,FALSE,0.125,FALSE,NA,FALSE,all_pairs_combn
N107,N143,1,1,small_or_isolated_candidate,small_or_isolated_candidate,766.2250520035916,FALSE,FALSE,FALSE,0.125,FALSE,NA,FALSE,all_pairs_combn
N110,N212,1,1,small_or_isolated_candidate,small_or_isolated_candidate,766.4099175160451,FALSE,FALSE,FALSE,0.125,FALSE,NA,FALSE,all_pairs_combn
N104,N141,1,1,small_or_isolated_candidate,small_or_isolated_candidate,766.9381456277616,FALSE,FALSE,FALSE,0.125,FALSE,NA,FALSE,all_pairs_combn
N11,N118,1,1,small_or_isolated_candidate,small_or_isolated_candidate,767.0810717105059,FALSE,FALSE,FALSE,0.125,FALSE,NA,FALSE,all_pairs_combn
N124,N296,1,1,small_or_isolated_candidate,small_or_isolated_candidate,767.9369490333172,FALSE,FALSE,FALSE,0.125,FALSE,NA,FALSE,all_pairs_combn
N126,N305,1,1,small_or_isolated_candidate,small_or_isolated_candidate,768.3415649909368,FALSE,FALSE,FALSE,0.125,FALSE,NA,FALSE,all_pairs_combn
N107,N134,1,1,small_or_isolated_candidate,small_or_isolated_candidate,768.8404136761976,FALSE,FALSE,FALSE,0.125,FALSE,NA,FALSE,all_pairs_combn
N137,N143,1,1,small_or_isolated_candidate,small_or_isolated_candidate,768.8764503459097,FALSE,FALSE,FALSE,0.125,FALSE,NA,FALSE,all_pairs_combn
N11,N211,1,1,small_or_isolated_candidate,small_or_isolated_candidate,769.07221310096,FALSE,FALSE,FALSE,0.125,FALSE,NA,FALSE,all_pairs_combn
N138,N32,1,1,small_or_isolated_candidate,small_or_isolated_candidate,769.2263132227944,FALSE,FALSE,FALSE,0.125,FALSE,NA,FALSE,all_pairs_combn
N121,N132,1,1,small_or_isolated_candidate,small_or_isolated_candidate,769.3849398349795,FALSE,FALSE,FALSE,0.125,FALSE,NA,FALSE,all_pairs_combn
N104,N140,1,1,small_or_isolated_candidate,small_or_isolated_candidate,770.0653374075031,FALSE,FALSE,FALSE,0.125,FALSE,NA,FALSE,all_pairs_combn
N117,N96,1,1,small_or_isolated_candidate,small_or_isolated_candidate,770.3100545794467,FALSE,FALSE,FALSE,0.125,FALSE,NA,FALSE,all_pairs_combn
N308,N62,1,1,small_or_isolated_candidate,small_or_isolated_candidate,770.4867380832382,FALSE,FALSE,FALSE,0.125,FALSE,NA,FALSE,all_pairs_combn
N123,N132,1,1,small_or_isolated_candidate,small_or_isolated_candidate,771.2369769937355,FALSE,FALSE,FALSE,0.125,FALSE,NA,FALSE,all_pairs_combn
N24,N296,1,1,small_or_isolated_candidate,small_or_isolated_candidate,771.6648419257605,FALSE,FALSE,FALSE,0.125,FALSE,NA,FALSE,all_pairs_combn
N146,N20,1,1,small_or_isolated_candidate,small_or_isolated_candidate,771.8414163283605,FALSE,FALSE,FALSE,0.125,FALSE,NA,FALSE,all_pairs_combn
N122,N132,1,1,small_or_isolated_candidate,small_or_isolated_candidate,772.9644071162901,FALSE,FALSE,FALSE,0.125,FALSE,NA,FALSE,all_pairs_combn
N126,N304,1,1,small_or_isolated_candidate,small_or_isolated_candidate,773.5028955618855,FALSE,FALSE,FALSE,0.125,FALSE,NA,FALSE,all_pairs_combn
N124,N18,1,1,small_or_isolated_candidate,small_or_isolated_candidate,773.8285566556701,FALSE,FALSE,FALSE,0.125,FALSE,NA,FALSE,all_pairs_combn
N308,N66,1,1,small_or_isolated_candidate,small_or_isolated_candidate,774.1220295883579,FALSE,FALSE,FALSE,0.125,FALSE,NA,FALSE,all_pairs_combn
N110,N157,1,1,small_or_isolated_candidate,small_or_isolated_candidate,774.6140378072396,FALSE,FALSE,FALSE,0.125,FALSE,NA,FALSE,all_pairs_combn
N135,N138,1,1,small_or_isolated_candidate,small_or_isolated_candidate,774.7117397267526,FALSE,FALSE,FALSE,0.125,FALSE,NA,FALSE,all_pairs_combn
N122,N207,1,1,small_or_isolated_candidate,small_or_isolated_candidate,774.7685248025113,FALSE,FALSE,FALSE,0.125,FALSE,NA,FALSE,all_pairs_combn
N125,N296,1,1,small_or_isolated_candidate,small_or_isolated_candidate,774.8798534919878,FALSE,FALSE,FALSE,0.125,FALSE,NA,FALSE,all_pairs_combn
N19,N296,1,1,small_or_isolated_candidate,small_or_isolated_candidate,775.119172880027,FALSE,FALSE,FALSE,0.125,FALSE,NA,FALSE,all_pairs_combn
N308,N63,1,1,small_or_isolated_candidate,small_or_isolated_candidate,775.1201609813277,FALSE,FALSE,FALSE,0.125,FALSE,NA,FALSE,all_pairs_combn
N149,N49,1,1,small_or_isolated_candidate,small_or_isolated_candidate,775.1664404355588,FALSE,FALSE,FALSE,0.125,FALSE,NA,FALSE,all_pairs_combn
N107,N145,1,1,small_or_isolated_candidate,small_or_isolated_candidate,775.3565632380385,FALSE,FALSE,FALSE,0.125,FALSE,NA,FALSE,all_pairs_combn
N137,N304,1,1,small_or_isolated_candidate,small_or_isolated_candidate,775.3645882579019,FALSE,FALSE,FALSE,0.125,FALSE,NA,FALSE,all_pairs_combn
N138,N305,1,1,small_or_isolated_candidate,small_or_isolated_candidate,775.7081357315897,FALSE,FALSE,FALSE,0.125,FALSE,NA,FALSE,all_pairs_combn
N104,N144,1,1,small_or_isolated_candidate,small_or_isolated_candidate,776.347800157246,FALSE,FALSE,FALSE,0.125,FALSE,NA,FALSE,all_pairs_combn
N112,N24,1,1,small_or_isolated_candidate,small_or_isolated_candidate,776.6072598171696,FALSE,FALSE,FALSE,0.125,FALSE,NA,FALSE,all_pairs_combn
N121,N207,1,1,small_or_isolated_candidate,small_or_isolated_candidate,776.6443641604628,FALSE,FALSE,FALSE,0.125,FALSE,NA,FALSE,all_pairs_combn
N20,N304,1,1,small_or_isolated_candidate,small_or_isolated_candidate,777.2613014008364,FALSE,FALSE,FALSE,0.125,FALSE,NA,FALSE,all_pairs_combn
N114,N137,1,1,small_or_isolated_candidate,small_or_isolated_candidate,777.418152176478,FALSE,FALSE,FALSE,0.125,FALSE,NA,FALSE,all_pairs_combn
N123,N207,1,1,small_or_isolated_candidate,small_or_isolated_candidate,777.6196536823422,FALSE,FALSE,FALSE,0.125,FALSE,NA,FALSE,all_pairs_combn
N20,N300,1,1,small_or_isolated_candidate,small_or_isolated_candidate,777.7260946397646,FALSE,FALSE,FALSE,0.125,FALSE,NA,FALSE,all_pairs_combn
N138,N33,1,1,small_or_isolated_candidate,small_or_isolated_candidate,777.8562992979637,FALSE,FALSE,FALSE,0.125,FALSE,NA,FALSE,all_pairs_combn
N149,N50,1,1,small_or_isolated_candidate,small_or_isolated_candidate,777.9718243473683,FALSE,FALSE,FALSE,0.125,FALSE,NA,FALSE,all_pairs_combn
N142,N49,1,1,small_or_isolated_candidate,small_or_isolated_candidate,778.4801266239826,FALSE,FALSE,FALSE,0.125,FALSE,NA,FALSE,all_pairs_combn
N111,N24,1,1,small_or_isolated_candidate,small_or_isolated_candidate,779.5252564452155,FALSE,FALSE,FALSE,0.125,FALSE,NA,FALSE,all_pairs_combn
N124,N17,1,1,small_or_isolated_candidate,small_or_isolated_candidate,779.6765058734907,FALSE,FALSE,FALSE,0.125,FALSE,NA,FALSE,all_pairs_combn
N135,N211,1,1,small_or_isolated_candidate,small_or_isolated_candidate,780.2663314937113,FALSE,FALSE,FALSE,0.125,FALSE,NA,FALSE,all_pairs_combn
N146,N69,1,1,small_or_isolated_candidate,small_or_isolated_candidate,780.3022603255151,FALSE,FALSE,FALSE,0.125,FALSE,NA,FALSE,all_pairs_combn
N107,N124,1,1,small_or_isolated_candidate,small_or_isolated_candidate,780.8725409097474,FALSE,FALSE,FALSE,0.125,FALSE,NA,FALSE,all_pairs_combn
N138,N206,1,1,small_or_isolated_candidate,small_or_isolated_candidate,781.0780632410135,FALSE,FALSE,FALSE,0.125,FALSE,NA,FALSE,all_pairs_combn
N142,N50,1,1,small_or_isolated_candidate,small_or_isolated_candidate,781.4338178611861,FALSE,FALSE,FALSE,0.125,FALSE,NA,FALSE,all_pairs_combn
N149,N24,1,1,small_or_isolated_candidate,small_or_isolated_candidate,781.4896980979495,FALSE,FALSE,FALSE,0.125,FALSE,NA,FALSE,all_pairs_combn
N142,N21,1,1,small_or_isolated_candidate,small_or_isolated_candidate,781.702839519808,FALSE,FALSE,FALSE,0.125,FALSE,NA,FALSE,all_pairs_combn
N300,N49,1,1,small_or_isolated_candidate,small_or_isolated_candidate,781.9350092040122,FALSE,FALSE,FALSE,0.125,FALSE,NA,FALSE,all_pairs_combn
N132,N48,1,1,small_or_isolated_candidate,small_or_isolated_candidate,782.3415756015526,FALSE,FALSE,FALSE,0.125,FALSE,NA,FALSE,all_pairs_combn
N206,N292,1,1,small_or_isolated_candidate,small_or_isolated_candidate,782.400819609551,FALSE,FALSE,FALSE,0.125,FALSE,NA,FALSE,all_pairs_combn
N147,N51,1,1,small_or_isolated_candidate,small_or_isolated_candidate,782.4796394902763,FALSE,FALSE,FALSE,0.125,FALSE,NA,FALSE,all_pairs_combn
N11,N117,1,1,small_or_isolated_candidate,small_or_isolated_candidate,782.5173756216149,FALSE,FALSE,FALSE,0.125,FALSE,NA,FALSE,all_pairs_combn
N151,N292,1,1,small_or_isolated_candidate,small_or_isolated_candidate,782.5215259937268,FALSE,FALSE,FALSE,0.125,FALSE,NA,FALSE,all_pairs_combn
N304,N49,1,1,small_or_isolated_candidate,small_or_isolated_candidate,783.0925362779808,FALSE,FALSE,FALSE,0.125,FALSE,NA,FALSE,all_pairs_combn
N107,N32,1,1,small_or_isolated_candidate,small_or_isolated_candidate,783.1518183784742,FALSE,FALSE,FALSE,0.125,FALSE,NA,FALSE,all_pairs_combn
N132,N49,1,1,small_or_isolated_candidate,small_or_isolated_candidate,783.3758755498194,FALSE,FALSE,FALSE,0.125,FALSE,NA,FALSE,all_pairs_combn
N147,N52,1,1,small_or_isolated_candidate,small_or_isolated_candidate,783.400345672791,FALSE,FALSE,FALSE,0.125,FALSE,NA,FALSE,all_pairs_combn
N20,N292,1,1,small_or_isolated_candidate,small_or_isolated_candidate,783.4564139367686,FALSE,FALSE,FALSE,0.125,FALSE,NA,FALSE,all_pairs_combn
N119,N30,1,1,small_or_isolated_candidate,small_or_isolated_candidate,783.9276628282995,FALSE,FALSE,FALSE,0.125,FALSE,NA,FALSE,all_pairs_combn
N111,N212,1,1,small_or_isolated_candidate,small_or_isolated_candidate,783.9926879277929,FALSE,FALSE,FALSE,0.125,FALSE,NA,FALSE,all_pairs_combn
N121,N128,1,1,small_or_isolated_candidate,small_or_isolated_candidate,784.2715019501469,FALSE,FALSE,FALSE,0.125,FALSE,NA,FALSE,all_pairs_combn
N138,N304,1,1,small_or_isolated_candidate,small_or_isolated_candidate,784.4533653791186,FALSE,FALSE,FALSE,0.125,FALSE,NA,FALSE,all_pairs_combn
N112,N212,1,1,small_or_isolated_candidate,small_or_isolated_candidate,784.6174115320606,FALSE,FALSE,FALSE,0.125,FALSE,NA,FALSE,all_pairs_combn
N33,N48,1,1,small_or_isolated_candidate,small_or_isolated_candidate,784.8123320875609,FALSE,FALSE,FALSE,0.125,FALSE,NA,FALSE,all_pairs_combn
N300,N50,1,1,small_or_isolated_candidate,small_or_isolated_candidate,784.8232757966495,FALSE,FALSE,FALSE,0.125,FALSE,NA,FALSE,all_pairs_combn
N104,N134,1,1,small_or_isolated_candidate,small_or_isolated_candidate,785.2658919979582,FALSE,FALSE,FALSE,0.125,FALSE,NA,FALSE,all_pairs_combn
N149,N206,1,1,small_or_isolated_candidate,small_or_isolated_candidate,785.341032795291,FALSE,FALSE,FALSE,0.125,FALSE,NA,FALSE,all_pairs_combn
N114,N146,1,1,small_or_isolated_candidate,small_or_isolated_candidate,785.3574462292248,FALSE,FALSE,FALSE,0.125,FALSE,NA,FALSE,all_pairs_combn
N147,N30,1,1,small_or_isolated_candidate,small_or_isolated_candidate,785.5441361539596,FALSE,FALSE,FALSE,0.125,FALSE,NA,FALSE,all_pairs_combn
N137,N144,1,1,small_or_isolated_candidate,small_or_isolated_candidate,785.7304053071767,FALSE,FALSE,FALSE,0.125,FALSE,NA,FALSE,all_pairs_combn
N128,N137,1,1,small_or_isolated_candidate,small_or_isolated_candidate,785.8480442276746,FALSE,FALSE,FALSE,0.125,FALSE,NA,FALSE,all_pairs_combn
N304,N50,1,1,small_or_isolated_candidate,small_or_isolated_candidate,785.956368894877,FALSE,FALSE,FALSE,0.125,FALSE,NA,FALSE,all_pairs_combn
N132,N50,1,1,small_or_isolated_candidate,small_or_isolated_candidate,785.9816037468628,FALSE,FALSE,FALSE,0.125,FALSE,NA,FALSE,all_pairs_combn
N144,N19,1,1,small_or_isolated_candidate,small_or_isolated_candidate,786.0415805898111,FALSE,FALSE,FALSE,0.125,FALSE,NA,FALSE,all_pairs_combn
N113,N134,1,1,small_or_isolated_candidate,small_or_isolated_candidate,786.2980108416446,FALSE,FALSE,FALSE,0.125,FALSE,NA,FALSE,all_pairs_combn
N121,N127,1,1,small_or_isolated_candidate,small_or_isolated_candidate,786.3568716653289,FALSE,FALSE,FALSE,0.125,FALSE,NA,FALSE,all_pairs_combn
N10,N146,1,1,small_or_isolated_candidate,small_or_isolated_candidate,786.3841885728224,FALSE,FALSE,FALSE,0.125,FALSE,NA,FALSE,all_pairs_combn
N123,N128,1,1,small_or_isolated_candidate,small_or_isolated_candidate,786.4781410909637,FALSE,FALSE,FALSE,0.125,FALSE,NA,FALSE,all_pairs_combn
N118,N32,1,1,small_or_isolated_candidate,small_or_isolated_candidate,786.7239320780004,FALSE,FALSE,FALSE,0.125,FALSE,NA,FALSE,all_pairs_combn
N34,N71,1,1,small_or_isolated_candidate,small_or_isolated_candidate,786.814205244886,FALSE,FALSE,FALSE,0.125,FALSE,NA,FALSE,all_pairs_combn
N122,N128,1,1,small_or_isolated_candidate,small_or_isolated_candidate,787.8210038023967,FALSE,FALSE,FALSE,0.125,FALSE,NA,FALSE,all_pairs_combn
N138,N21,1,1,small_or_isolated_candidate,small_or_isolated_candidate,787.9027925588006,FALSE,FALSE,FALSE,0.125,FALSE,NA,FALSE,all_pairs_combn
N122,N34,1,1,small_or_isolated_candidate,small_or_isolated_candidate,787.9392199396907,FALSE,FALSE,FALSE,0.125,FALSE,NA,FALSE,all_pairs_combn
N112,N22,1,1,small_or_isolated_candidate,small_or_isolated_candidate,787.9855367400148,FALSE,FALSE,FALSE,0.125,FALSE,NA,FALSE,all_pairs_combn
N127,N137,1,1,small_or_isolated_candidate,small_or_isolated_candidate,788.0719802369347,FALSE,FALSE,FALSE,0.125,FALSE,NA,FALSE,all_pairs_combn
N24,N292,1,1,small_or_isolated_candidate,small_or_isolated_candidate,788.0758439254488,FALSE,FALSE,FALSE,0.125,FALSE,NA,FALSE,all_pairs_combn
N120,N138,1,1,small_or_isolated_candidate,small_or_isolated_candidate,788.0947919081851,FALSE,FALSE,FALSE,0.125,FALSE,NA,FALSE,all_pairs_combn
N104,N294,1,1,small_or_isolated_candidate,small_or_isolated_candidate,788.192785148528,FALSE,FALSE,FALSE,0.125,FALSE,NA,FALSE,all_pairs_combn
N149,N21,1,1,small_or_isolated_candidate,small_or_isolated_candidate,788.417387848537,FALSE,FALSE,FALSE,0.125,FALSE,NA,FALSE,all_pairs_combn
N123,N127,1,1,small_or_isolated_candidate,small_or_isolated_candidate,788.5584207227112,FALSE,FALSE,FALSE,0.125,FALSE,NA,FALSE,all_pairs_combn
N123,N34,1,1,small_or_isolated_candidate,small_or_isolated_candidate,788.5872385784717,FALSE,FALSE,FALSE,0.125,FALSE,NA,FALSE,all_pairs_combn
N104,N146,1,1,small_or_isolated_candidate,small_or_isolated_candidate,788.6640298788424,FALSE,FALSE,FALSE,0.125,FALSE,NA,FALSE,all_pairs_combn
N113,N121,1,1,small_or_isolated_candidate,small_or_isolated_candidate,788.6864525824471,FALSE,FALSE,FALSE,0.125,FALSE,NA,FALSE,all_pairs_combn
N113,N117,1,1,small_or_isolated_candidate,small_or_isolated_candidate,789.2345954628287,FALSE,FALSE,FALSE,0.125,FALSE,NA,FALSE,all_pairs_combn
N135,N305,1,1,small_or_isolated_candidate,small_or_isolated_candidate,789.8495175383791,FALSE,FALSE,FALSE,0.125,FALSE,NA,FALSE,all_pairs_combn
N104,N149,1,1,small_or_isolated_candidate,small_or_isolated_candidate,789.8612910507833,FALSE,FALSE,FALSE,0.125,FALSE,NA,FALSE,all_pairs_combn
N122,N127,1,1,small_or_isolated_candidate,small_or_isolated_candidate,789.9075341727671,FALSE,FALSE,FALSE,0.125,FALSE,NA,FALSE,all_pairs_combn
N129,N18,1,1,small_or_isolated_candidate,small_or_isolated_candidate,790.2399004998047,FALSE,FALSE,FALSE,0.125,FALSE,NA,FALSE,all_pairs_combn
N112,N307,1,1,small_or_isolated_candidate,small_or_isolated_candidate,790.2562811582187,FALSE,FALSE,FALSE,0.125,FALSE,NA,FALSE,all_pairs_combn
N10,N142,1,1,small_or_isolated_candidate,small_or_isolated_candidate,790.703978013347,FALSE,FALSE,FALSE,0.125,FALSE,NA,FALSE,all_pairs_combn
N151,N211,1,1,small_or_isolated_candidate,small_or_isolated_candidate,790.8065881984339,FALSE,FALSE,FALSE,0.125,FALSE,NA,FALSE,all_pairs_combn
N111,N22,1,1,small_or_isolated_candidate,small_or_isolated_candidate,791.1022718071263,FALSE,FALSE,FALSE,0.125,FALSE,NA,FALSE,all_pairs_combn
N121,N34,1,1,small_or_isolated_candidate,small_or_isolated_candidate,791.2444395681958,FALSE,FALSE,FALSE,0.125,FALSE,NA,FALSE,all_pairs_combn
N113,N122,1,1,small_or_isolated_candidate,small_or_isolated_candidate,791.3036013713593,FALSE,FALSE,FALSE,0.125,FALSE,NA,FALSE,all_pairs_combn
N111,N307,1,1,small_or_isolated_candidate,small_or_isolated_candidate,791.4258007504579,FALSE,FALSE,FALSE,0.125,FALSE,NA,FALSE,all_pairs_combn
N113,N125,1,1,small_or_isolated_candidate,small_or_isolated_candidate,791.4302873651525,FALSE,FALSE,FALSE,0.125,FALSE,NA,FALSE,all_pairs_combn
N113,N123,1,1,small_or_isolated_candidate,small_or_isolated_candidate,791.6706563558449,FALSE,FALSE,FALSE,0.125,FALSE,NA,FALSE,all_pairs_combn
N144,N49,1,1,small_or_isolated_candidate,small_or_isolated_candidate,792.6252752719838,FALSE,FALSE,FALSE,0.125,FALSE,NA,FALSE,all_pairs_combn
N104,N143,1,1,small_or_isolated_candidate,small_or_isolated_candidate,792.9089988882721,FALSE,FALSE,FALSE,0.125,FALSE,NA,FALSE,all_pairs_combn
N113,N124,1,1,small_or_isolated_candidate,small_or_isolated_candidate,793.612135498803,FALSE,FALSE,FALSE,0.125,FALSE,NA,FALSE,all_pairs_combn
N10,N112,1,1,small_or_isolated_candidate,small_or_isolated_candidate,793.6907831783074,FALSE,FALSE,FALSE,0.125,FALSE,NA,FALSE,all_pairs_combn
N117,N32,1,1,small_or_isolated_candidate,small_or_isolated_candidate,794.3108841067858,FALSE,FALSE,FALSE,0.125,FALSE,NA,FALSE,all_pairs_combn
N118,N34,1,1,small_or_isolated_candidate,small_or_isolated_candidate,794.4538808810825,FALSE,FALSE,FALSE,0.125,FALSE,NA,FALSE,all_pairs_combn
N113,N118,1,1,small_or_isolated_candidate,small_or_isolated_candidate,794.5670204250489,FALSE,FALSE,FALSE,0.125,FALSE,NA,FALSE,all_pairs_combn
N143,N19,1,1,small_or_isolated_candidate,small_or_isolated_candidate,795.0340650795329,FALSE,FALSE,FALSE,0.125,FALSE,NA,FALSE,all_pairs_combn
N144,N50,1,1,small_or_isolated_candidate,small_or_isolated_candidate,795.3410915599112,FALSE,FALSE,FALSE,0.125,FALSE,NA,FALSE,all_pairs_combn
N129,N17,1,1,small_or_isolated_candidate,small_or_isolated_candidate,796.4169585857899,FALSE,FALSE,FALSE,0.125,FALSE,NA,FALSE,all_pairs_combn
N110,N152,1,1,small_or_isolated_candidate,small_or_isolated_candidate,796.6758560919358,FALSE,FALSE,FALSE,0.125,FALSE,NA,FALSE,all_pairs_combn
N10,N111,1,1,small_or_isolated_candidate,small_or_isolated_candidate,796.7279455117233,FALSE,FALSE,FALSE,0.125,FALSE,NA,FALSE,all_pairs_combn
N104,N124,1,1,small_or_isolated_candidate,small_or_isolated_candidate,796.822873190465,FALSE,FALSE,FALSE,0.125,FALSE,NA,FALSE,all_pairs_combn
N141,N96,1,1,small_or_isolated_candidate,small_or_isolated_candidate,798.0506398100583,FALSE,FALSE,FALSE,0.125,FALSE,NA,FALSE,all_pairs_combn
N211,N51,1,1,small_or_isolated_candidate,small_or_isolated_candidate,798.088658813482,FALSE,FALSE,FALSE,0.125,FALSE,NA,FALSE,all_pairs_combn
N305,N65,1,1,small_or_isolated_candidate,small_or_isolated_candidate,798.2297458573665,FALSE,FALSE,FALSE,0.125,FALSE,NA,FALSE,all_pairs_combn
N147,N19,1,1,small_or_isolated_candidate,small_or_isolated_candidate,798.2673160828359,FALSE,FALSE,FALSE,0.125,FALSE,NA,FALSE,all_pairs_combn
N136,N93,1,1,small_or_isolated_candidate,small_or_isolated_candidate,798.6214840739971,FALSE,FALSE,FALSE,0.125,FALSE,NA,FALSE,all_pairs_combn
N211,N52,1,1,small_or_isolated_candidate,small_or_isolated_candidate,799.0642930857047,FALSE,FALSE,FALSE,0.125,FALSE,NA,FALSE,all_pairs_combn
N125,N18,1,1,small_or_isolated_candidate,small_or_isolated_candidate,799.4420165587346,FALSE,FALSE,FALSE,0.125,FALSE,NA,FALSE,all_pairs_combn
N110,N153,1,1,small_or_isolated_candidate,small_or_isolated_candidate,799.6240350379186,FALSE,FALSE,FALSE,0.125,FALSE,NA,FALSE,all_pairs_combn
N124,N32,1,1,small_or_isolated_candidate,small_or_isolated_candidate,799.9541414858967,FALSE,FALSE,FALSE,0.125,FALSE,NA,FALSE,all_pairs_combn
N307,N62,1,1,small_or_isolated_candidate,small_or_isolated_candidate,800.259748324578,FALSE,FALSE,FALSE,0.125,FALSE,NA,FALSE,all_pairs_combn
N142,N151,1,1,small_or_isolated_candidate,small_or_isolated_candidate,800.525309476077,FALSE,FALSE,FALSE,0.125,FALSE,NA,FALSE,all_pairs_combn
N146,N151,1,1,small_or_isolated_candidate,small_or_isolated_candidate,800.9592181020549,FALSE,FALSE,FALSE,0.125,FALSE,NA,FALSE,all_pairs_combn
N144,N96,1,1,small_or_isolated_candidate,small_or_isolated_candidate,801.1313346733765,FALSE,FALSE,FALSE,0.125,FALSE,NA,FALSE,all_pairs_combn
N140,N96,1,1,small_or_isolated_candidate,small_or_isolated_candidate,801.2278521535494,FALSE,FALSE,FALSE,0.125,FALSE,NA,FALSE,all_pairs_combn
N134,N96,1,1,small_or_isolated_candidate,small_or_isolated_candidate,801.3236323066712,FALSE,FALSE,FALSE,0.125,FALSE,NA,FALSE,all_pairs_combn
N142,N20,1,1,small_or_isolated_candidate,small_or_isolated_candidate,801.468559527053,FALSE,FALSE,FALSE,0.125,FALSE,NA,FALSE,all_pairs_combn
N11,N133,1,1,small_or_isolated_candidate,small_or_isolated_candidate,801.4795430515231,FALSE,FALSE,FALSE,0.125,FALSE,NA,FALSE,all_pairs_combn
N111,N157,1,1,small_or_isolated_candidate,small_or_isolated_candidate,802.3419972083179,FALSE,FALSE,FALSE,0.125,FALSE,NA,FALSE,all_pairs_combn
N112,N157,1,1,small_or_isolated_candidate,small_or_isolated_candidate,802.5986109661135,FALSE,FALSE,FALSE,0.125,FALSE,NA,FALSE,all_pairs_combn
N138,N20,1,1,small_or_isolated_candidate,small_or_isolated_candidate,802.7040611401568,FALSE,FALSE,FALSE,0.125,FALSE,NA,FALSE,all_pairs_combn
N134,N32,1,1,small_or_isolated_candidate,small_or_isolated_candidate,803.3962173182522,FALSE,FALSE,FALSE,0.125,FALSE,NA,FALSE,all_pairs_combn
N307,N66,1,1,small_or_isolated_candidate,small_or_isolated_candidate,803.6845427395014,FALSE,FALSE,FALSE,0.125,FALSE,NA,FALSE,all_pairs_combn
N307,N63,1,1,small_or_isolated_candidate,small_or_isolated_candidate,804.6824930223987,FALSE,FALSE,FALSE,0.125,FALSE,NA,FALSE,all_pairs_combn
N150,N207,1,1,small_or_isolated_candidate,small_or_isolated_candidate,804.8582319578994,FALSE,FALSE,FALSE,0.125,FALSE,NA,FALSE,all_pairs_combn
N157,N207,1,1,small_or_isolated_candidate,small_or_isolated_candidate,805.1159673164778,FALSE,FALSE,FALSE,0.125,FALSE,NA,FALSE,all_pairs_combn
N137,N307,1,1,small_or_isolated_candidate,small_or_isolated_candidate,805.3957346857125,FALSE,FALSE,FALSE,0.125,FALSE,NA,FALSE,all_pairs_combn
N125,N17,1,1,small_or_isolated_candidate,small_or_isolated_candidate,805.3965060869479,FALSE,FALSE,FALSE,0.125,FALSE,NA,FALSE,all_pairs_combn
N157,N206,1,1,small_or_isolated_candidate,small_or_isolated_candidate,805.4759212716672,FALSE,FALSE,FALSE,0.125,FALSE,NA,FALSE,all_pairs_combn
N143,N49,1,1,small_or_isolated_candidate,small_or_isolated_candidate,805.4781054827355,FALSE,FALSE,FALSE,0.125,FALSE,NA,FALSE,all_pairs_combn
N137,N305,1,1,small_or_isolated_candidate,small_or_isolated_candidate,806.5257600141908,FALSE,FALSE,FALSE,0.125,FALSE,NA,FALSE,all_pairs_combn
N135,N150,1,1,small_or_isolated_candidate,small_or_isolated_candidate,806.6679123144892,FALSE,FALSE,FALSE,0.125,FALSE,NA,FALSE,all_pairs_combn
N117,N34,1,1,small_or_isolated_candidate,small_or_isolated_candidate,806.7769773203368,FALSE,FALSE,FALSE,0.125,FALSE,NA,FALSE,all_pairs_combn
N126,N30,1,1,small_or_isolated_candidate,small_or_isolated_candidate,806.9048036151152,FALSE,FALSE,FALSE,0.125,FALSE,NA,FALSE,all_pairs_combn
N126,N34,1,1,small_or_isolated_candidate,small_or_isolated_candidate,807.1245286429462,FALSE,FALSE,FALSE,0.125,FALSE,NA,FALSE,all_pairs_combn
N149,N20,1,1,small_or_isolated_candidate,small_or_isolated_candidate,807.1858436144857,FALSE,FALSE,FALSE,0.125,FALSE,NA,FALSE,all_pairs_combn
N143,N50,1,1,small_or_isolated_candidate,small_or_isolated_candidate,808.2114453704046,FALSE,FALSE,FALSE,0.125,FALSE,NA,FALSE,all_pairs_combn
N114,N142,1,1,small_or_isolated_candidate,small_or_isolated_candidate,808.2289569068435,FALSE,FALSE,FALSE,0.125,FALSE,NA,FALSE,all_pairs_combn
N32,N95,1,1,small_or_isolated_candidate,small_or_isolated_candidate,808.5365385899474,FALSE,FALSE,FALSE,0.125,FALSE,NA,FALSE,all_pairs_combn
N107,N125,1,1,small_or_isolated_candidate,small_or_isolated_candidate,808.9067071126581,FALSE,FALSE,FALSE,0.125,FALSE,NA,FALSE,all_pairs_combn
N211,N95,1,1,small_or_isolated_candidate,small_or_isolated_candidate,809.1709576879704,FALSE,FALSE,FALSE,0.125,FALSE,NA,FALSE,all_pairs_combn
N118,N300,1,1,small_or_isolated_candidate,small_or_isolated_candidate,809.3093156127749,FALSE,FALSE,FALSE,0.125,FALSE,NA,FALSE,all_pairs_combn
N144,N21,1,1,small_or_isolated_candidate,small_or_isolated_candidate,809.9416727651055,FALSE,FALSE,FALSE,0.125,FALSE,NA,FALSE,all_pairs_combn
N147,N69,1,1,small_or_isolated_candidate,small_or_isolated_candidate,810.1643749061553,FALSE,FALSE,FALSE,0.125,FALSE,NA,FALSE,all_pairs_combn
N119,N49,1,1,small_or_isolated_candidate,small_or_isolated_candidate,810.2428557330236,FALSE,FALSE,FALSE,0.125,FALSE,NA,FALSE,all_pairs_combn
N33,N71,1,1,small_or_isolated_candidate,small_or_isolated_candidate,810.3149751463227,FALSE,FALSE,FALSE,0.125,FALSE,NA,FALSE,all_pairs_combn
N125,N32,1,1,small_or_isolated_candidate,small_or_isolated_candidate,810.5514515481036,FALSE,FALSE,FALSE,0.125,FALSE,NA,FALSE,all_pairs_combn
N104,N145,1,1,small_or_isolated_candidate,small_or_isolated_candidate,811.0382605625821,FALSE,FALSE,FALSE,0.125,FALSE,NA,FALSE,all_pairs_combn
N132,N65,1,1,small_or_isolated_candidate,small_or_isolated_candidate,811.4572458223306,FALSE,FALSE,FALSE,0.125,FALSE,NA,FALSE,all_pairs_combn
N131,N211,1,1,small_or_isolated_candidate,small_or_isolated_candidate,812.335214246675,FALSE,FALSE,FALSE,0.125,FALSE,NA,FALSE,all_pairs_combn
N124,N96,1,1,small_or_isolated_candidate,small_or_isolated_candidate,812.4501140406778,FALSE,FALSE,FALSE,0.125,FALSE,NA,FALSE,all_pairs_combn
N11,N134,1,1,small_or_isolated_candidate,small_or_isolated_candidate,812.5565702101837,FALSE,FALSE,FALSE,0.125,FALSE,NA,FALSE,all_pairs_combn
N119,N50,1,1,small_or_isolated_candidate,small_or_isolated_candidate,812.7524096303422,FALSE,FALSE,FALSE,0.125,FALSE,NA,FALSE,all_pairs_combn
N211,N92,1,1,small_or_isolated_candidate,small_or_isolated_candidate,812.9324703385572,FALSE,FALSE,FALSE,0.125,FALSE,NA,FALSE,all_pairs_combn
N118,N51,1,1,small_or_isolated_candidate,small_or_isolated_candidate,812.9388388633768,FALSE,FALSE,FALSE,0.125,FALSE,NA,FALSE,all_pairs_combn
N211,N296,1,1,small_or_isolated_candidate,small_or_isolated_candidate,813.0980969914223,FALSE,FALSE,FALSE,0.125,FALSE,NA,FALSE,all_pairs_combn
N142,N207,1,1,small_or_isolated_candidate,small_or_isolated_candidate,813.1346191680549,FALSE,FALSE,FALSE,0.125,FALSE,NA,FALSE,all_pairs_combn
N118,N52,1,1,small_or_isolated_candidate,small_or_isolated_candidate,813.9282077575318,FALSE,FALSE,FALSE,0.125,FALSE,NA,FALSE,all_pairs_combn
N117,N300,1,1,small_or_isolated_candidate,small_or_isolated_candidate,814.1375601261525,FALSE,FALSE,FALSE,0.125,FALSE,NA,FALSE,all_pairs_combn
N146,N22,1,1,small_or_isolated_candidate,small_or_isolated_candidate,814.807954720305,FALSE,FALSE,FALSE,0.125,FALSE,NA,FALSE,all_pairs_combn
N69,N95,1,1,small_or_isolated_candidate,small_or_isolated_candidate,815.130459603017,FALSE,FALSE,FALSE,0.125,FALSE,NA,FALSE,all_pairs_combn
N137,N206,1,1,small_or_isolated_candidate,small_or_isolated_candidate,815.1931119333634,FALSE,FALSE,FALSE,0.125,FALSE,NA,FALSE,all_pairs_combn
N110,N133,1,1,small_or_isolated_candidate,small_or_isolated_candidate,815.9259132327795,FALSE,FALSE,FALSE,0.125,FALSE,NA,FALSE,all_pairs_combn
N149,N96,1,1,small_or_isolated_candidate,small_or_isolated_candidate,816.2363742185544,FALSE,FALSE,FALSE,0.125,FALSE,NA,FALSE,all_pairs_combn
N107,N129,1,1,small_or_isolated_candidate,small_or_isolated_candidate,816.2605583160321,FALSE,FALSE,FALSE,0.125,FALSE,NA,FALSE,all_pairs_combn
N146,N96,1,1,small_or_isolated_candidate,small_or_isolated_candidate,816.5373036703037,FALSE,FALSE,FALSE,0.125,FALSE,NA,FALSE,all_pairs_combn
N152,N206,1,1,small_or_isolated_candidate,small_or_isolated_candidate,816.7973810756267,FALSE,FALSE,FALSE,0.125,FALSE,NA,FALSE,all_pairs_combn
N126,N32,1,1,small_or_isolated_candidate,small_or_isolated_candidate,816.9605482474491,FALSE,FALSE,FALSE,0.125,FALSE,NA,FALSE,all_pairs_combn
N113,N138,1,1,small_or_isolated_candidate,small_or_isolated_candidate,817.0019418706812,FALSE,FALSE,FALSE,0.125,FALSE,NA,FALSE,all_pairs_combn
N305,N61,1,1,small_or_isolated_candidate,small_or_isolated_candidate,817.4975706518604,FALSE,FALSE,FALSE,0.125,FALSE,NA,FALSE,all_pairs_combn
N143,N96,1,1,small_or_isolated_candidate,small_or_isolated_candidate,817.7807932572645,FALSE,FALSE,FALSE,0.125,FALSE,NA,FALSE,all_pairs_combn
N137,N140,1,1,small_or_isolated_candidate,small_or_isolated_candidate,818.0023393772022,FALSE,FALSE,FALSE,0.125,FALSE,NA,FALSE,all_pairs_combn
N136,N182,1,1,small_or_isolated_candidate,small_or_isolated_candidate,818.4651727624499,FALSE,FALSE,FALSE,0.125,FALSE,NA,FALSE,all_pairs_combn
N119,N128,1,1,small_or_isolated_candidate,small_or_isolated_candidate,818.7897638343991,FALSE,FALSE,FALSE,0.125,FALSE,NA,FALSE,all_pairs_combn
N153,N206,1,1,small_or_isolated_candidate,small_or_isolated_candidate,819.0804243040315,FALSE,FALSE,FALSE,0.125,FALSE,NA,FALSE,all_pairs_combn
N131,N18,1,1,small_or_isolated_candidate,small_or_isolated_candidate,819.28004575882,FALSE,FALSE,FALSE,0.125,FALSE,NA,FALSE,all_pairs_combn
N144,N24,1,1,small_or_isolated_candidate,small_or_isolated_candidate,819.2979309740225,FALSE,FALSE,FALSE,0.125,FALSE,NA,FALSE,all_pairs_combn
N137,N141,1,1,small_or_isolated_candidate,small_or_isolated_candidate,819.3142429710571,FALSE,FALSE,FALSE,0.125,FALSE,NA,FALSE,all_pairs_combn
N32,N94,1,1,small_or_isolated_candidate,small_or_isolated_candidate,819.5651923408708,FALSE,FALSE,FALSE,0.125,FALSE,NA,FALSE,all_pairs_combn
N111,N36,1,1,small_or_isolated_candidate,small_or_isolated_candidate,819.6772583630113,FALSE,FALSE,FALSE,0.125,FALSE,NA,FALSE,all_pairs_combn
N294,N96,1,1,small_or_isolated_candidate,small_or_isolated_candidate,820.1709742896234,FALSE,FALSE,FALSE,0.125,FALSE,NA,FALSE,all_pairs_combn
N107,N308,1,1,small_or_isolated_candidate,small_or_isolated_candidate,820.2823158001428,FALSE,FALSE,FALSE,0.125,FALSE,NA,FALSE,all_pairs_combn
N128,N48,1,1,small_or_isolated_candidate,small_or_isolated_candidate,820.3225305075007,FALSE,FALSE,FALSE,0.125,FALSE,NA,FALSE,all_pairs_combn
N126,N49,1,1,small_or_isolated_candidate,small_or_isolated_candidate,820.7425108051224,FALSE,FALSE,FALSE,0.125,FALSE,NA,FALSE,all_pairs_combn
N128,N135,1,1,small_or_isolated_candidate,small_or_isolated_candidate,820.804297454328,FALSE,FALSE,FALSE,0.125,FALSE,NA,FALSE,all_pairs_combn
N119,N127,1,1,small_or_isolated_candidate,small_or_isolated_candidate,821.3542654130625,FALSE,FALSE,FALSE,0.125,FALSE,NA,FALSE,all_pairs_combn
N138,N19,1,1,small_or_isolated_candidate,small_or_isolated_candidate,821.4527738593139,FALSE,FALSE,FALSE,0.125,FALSE,NA,FALSE,all_pairs_combn
N112,N36,1,1,small_or_isolated_candidate,small_or_isolated_candidate,821.6165898499545,FALSE,FALSE,FALSE,0.125,FALSE,NA,FALSE,all_pairs_combn
N296,N30,1,1,small_or_isolated_candidate,small_or_isolated_candidate,821.6477980684854,FALSE,FALSE,FALSE,0.125,FALSE,NA,FALSE,all_pairs_combn
N127,N48,1,1,small_or_isolated_candidate,small_or_isolated_candidate,822.0190886173687,FALSE,FALSE,FALSE,0.125,FALSE,NA,FALSE,all_pairs_combn
N143,N21,1,1,small_or_isolated_candidate,small_or_isolated_candidate,822.0205060064499,FALSE,FALSE,FALSE,0.125,FALSE,NA,FALSE,all_pairs_combn
N147,N24,1,1,small_or_isolated_candidate,small_or_isolated_candidate,822.1925150604686,FALSE,FALSE,FALSE,0.125,FALSE,NA,FALSE,all_pairs_combn
N211,N94,1,1,small_or_isolated_candidate,small_or_isolated_candidate,822.9251756413249,FALSE,FALSE,FALSE,0.125,FALSE,NA,FALSE,all_pairs_combn
N126,N50,1,1,small_or_isolated_candidate,small_or_isolated_candidate,823.060529799108,FALSE,FALSE,FALSE,0.125,FALSE,NA,FALSE,all_pairs_combn
N142,N22,1,1,small_or_isolated_candidate,small_or_isolated_candidate,823.1304449918953,FALSE,FALSE,FALSE,0.125,FALSE,NA,FALSE,all_pairs_combn
N135,N259,1,1,small_or_isolated_candidate,small_or_isolated_candidate,823.2911203200265,FALSE,FALSE,FALSE,0.125,FALSE,NA,FALSE,all_pairs_combn
N127,N135,1,1,small_or_isolated_candidate,small_or_isolated_candidate,823.4996589135267,FALSE,FALSE,FALSE,0.125,FALSE,NA,FALSE,all_pairs_combn
N152,N207,1,1,small_or_isolated_candidate,small_or_isolated_candidate,823.7694636487063,FALSE,FALSE,FALSE,0.125,FALSE,NA,FALSE,all_pairs_combn
N114,N69,1,1,small_or_isolated_candidate,small_or_isolated_candidate,824.4970221015699,FALSE,FALSE,FALSE,0.125,FALSE,NA,FALSE,all_pairs_combn
N104,N125,1,1,small_or_isolated_candidate,small_or_isolated_candidate,824.640220467585,FALSE,FALSE,FALSE,0.125,FALSE,NA,FALSE,all_pairs_combn
N134,N34,1,1,small_or_isolated_candidate,small_or_isolated_candidate,824.7502725843914,FALSE,FALSE,FALSE,0.125,FALSE,NA,FALSE,all_pairs_combn
N118,N305,1,1,small_or_isolated_candidate,small_or_isolated_candidate,825.4572760941697,FALSE,FALSE,FALSE,0.125,FALSE,NA,FALSE,all_pairs_combn
N111,N152,1,1,small_or_isolated_candidate,small_or_isolated_candidate,825.576771558419,FALSE,FALSE,FALSE,0.125,FALSE,NA,FALSE,all_pairs_combn
N112,N152,1,1,small_or_isolated_candidate,small_or_isolated_candidate,825.7944718120224,FALSE,FALSE,FALSE,0.125,FALSE,NA,FALSE,all_pairs_combn
N124,N34,1,1,small_or_isolated_candidate,small_or_isolated_candidate,826.1629754236419,FALSE,FALSE,FALSE,0.125,FALSE,NA,FALSE,all_pairs_combn
N107,N142,1,1,small_or_isolated_candidate,small_or_isolated_candidate,826.8558756688251,FALSE,FALSE,FALSE,0.125,FALSE,NA,FALSE,all_pairs_combn
N153,N207,1,1,small_or_isolated_candidate,small_or_isolated_candidate,826.9587188449476,FALSE,FALSE,FALSE,0.125,FALSE,NA,FALSE,all_pairs_combn
N182,N296,1,1,small_or_isolated_candidate,small_or_isolated_candidate,827.0811539615894,FALSE,FALSE,FALSE,0.125,FALSE,NA,FALSE,all_pairs_combn
N143,N24,1,1,small_or_isolated_candidate,small_or_isolated_candidate,827.3810667088983,FALSE,FALSE,FALSE,0.125,FALSE,NA,FALSE,all_pairs_combn
N120,N296,1,1,small_or_isolated_candidate,small_or_isolated_candidate,827.4304696971628,FALSE,FALSE,FALSE,0.125,FALSE,NA,FALSE,all_pairs_combn
N131,N48,1,1,small_or_isolated_candidate,small_or_isolated_candidate,827.5939564621931,FALSE,FALSE,FALSE,0.125,FALSE,NA,FALSE,all_pairs_combn
N122,N33,1,1,small_or_isolated_candidate,small_or_isolated_candidate,827.9406675515098,FALSE,FALSE,FALSE,0.125,FALSE,NA,FALSE,all_pairs_combn
N144,N20,1,1,small_or_isolated_candidate,small_or_isolated_candidate,828.134807590602,FALSE,FALSE,FALSE,0.125,FALSE,NA,FALSE,all_pairs_combn
N131,N17,1,1,small_or_isolated_candidate,small_or_isolated_candidate,828.3119451918762,FALSE,FALSE,FALSE,0.125,FALSE,NA,FALSE,all_pairs_combn
N123,N33,1,1,small_or_isolated_candidate,small_or_isolated_candidate,828.6156428118752,FALSE,FALSE,FALSE,0.125,FALSE,NA,FALSE,all_pairs_combn
N134,N300,1,1,small_or_isolated_candidate,small_or_isolated_candidate,828.7060348374486,FALSE,FALSE,FALSE,0.125,FALSE,NA,FALSE,all_pairs_combn
N118,N33,1,1,small_or_isolated_candidate,small_or_isolated_candidate,828.7358405860755,FALSE,FALSE,FALSE,0.125,FALSE,NA,FALSE,all_pairs_combn
N111,N153,1,1,small_or_isolated_candidate,small_or_isolated_candidate,828.7542237358754,FALSE,FALSE,FALSE,0.125,FALSE,NA,FALSE,all_pairs_combn
N11,N124,1,1,small_or_isolated_candidate,small_or_isolated_candidate,828.7614811220433,FALSE,FALSE,FALSE,0.125,FALSE,NA,FALSE,all_pairs_combn
N69,N94,1,1,small_or_isolated_candidate,small_or_isolated_candidate,828.9197652612812,FALSE,FALSE,FALSE,0.125,FALSE,NA,FALSE,all_pairs_combn
N112,N153,1,1,small_or_isolated_candidate,small_or_isolated_candidate,828.9639722135569,FALSE,FALSE,FALSE,0.125,FALSE,NA,FALSE,all_pairs_combn
N137,N308,1,1,small_or_isolated_candidate,small_or_isolated_candidate,829.1475351068926,FALSE,FALSE,FALSE,0.125,FALSE,NA,FALSE,all_pairs_combn
N118,N304,1,1,small_or_isolated_candidate,small_or_isolated_candidate,829.5601641411369,FALSE,FALSE,FALSE,0.125,FALSE,NA,FALSE,all_pairs_combn
N111,N35,1,1,small_or_isolated_candidate,small_or_isolated_candidate,829.9216395954115,FALSE,FALSE,FALSE,0.125,FALSE,NA,FALSE,all_pairs_combn
N117,N51,1,1,small_or_isolated_candidate,small_or_isolated_candidate,830.1449693499667,FALSE,FALSE,FALSE,0.125,FALSE,NA,FALSE,all_pairs_combn
N126,N92,1,1,small_or_isolated_candidate,small_or_isolated_candidate,830.5098842118737,FALSE,FALSE,FALSE,0.125,FALSE,NA,FALSE,all_pairs_combn
N126,N95,1,1,small_or_isolated_candidate,small_or_isolated_candidate,830.8225397649135,FALSE,FALSE,FALSE,0.125,FALSE,NA,FALSE,all_pairs_combn
N117,N52,1,1,small_or_isolated_candidate,small_or_isolated_candidate,831.1350863948593,FALSE,FALSE,FALSE,0.125,FALSE,NA,FALSE,all_pairs_combn
N117,N305,1,1,small_or_isolated_candidate,small_or_isolated_candidate,831.176614629364,FALSE,FALSE,FALSE,0.125,FALSE,NA,FALSE,all_pairs_combn
N121,N33,1,1,small_or_isolated_candidate,small_or_isolated_candidate,831.2591218664521,FALSE,FALSE,FALSE,0.125,FALSE,NA,FALSE,all_pairs_combn
N69,N92,1,1,small_or_isolated_candidate,small_or_isolated_candidate,831.3500491517345,FALSE,FALSE,FALSE,0.125,FALSE,NA,FALSE,all_pairs_combn
N112,N35,1,1,small_or_isolated_candidate,small_or_isolated_candidate,831.7704400678912,FALSE,FALSE,FALSE,0.125,FALSE,NA,FALSE,all_pairs_combn
N129,N300,1,1,small_or_isolated_candidate,small_or_isolated_candidate,831.8613207929029,FALSE,FALSE,FALSE,0.125,FALSE,NA,FALSE,all_pairs_combn
N304,N65,1,1,small_or_isolated_candidate,small_or_isolated_candidate,832.0841593547685,FALSE,FALSE,FALSE,0.125,FALSE,NA,FALSE,all_pairs_combn
N157,N19,1,1,small_or_isolated_candidate,small_or_isolated_candidate,832.2051968599744,FALSE,FALSE,FALSE,0.125,FALSE,NA,FALSE,all_pairs_combn
N104,N129,1,1,small_or_isolated_candidate,small_or_isolated_candidate,833.0628792761536,FALSE,FALSE,FALSE,0.125,FALSE,NA,FALSE,all_pairs_combn
N111,N133,1,1,small_or_isolated_candidate,small_or_isolated_candidate,833.2359830179015,FALSE,FALSE,FALSE,0.125,FALSE,NA,FALSE,all_pairs_combn
N121,N135,1,1,small_or_isolated_candidate,small_or_isolated_candidate,833.3662067860586,FALSE,FALSE,FALSE,0.125,FALSE,NA,FALSE,all_pairs_combn
N300,N65,1,1,small_or_isolated_candidate,small_or_isolated_candidate,833.5099909868808,FALSE,FALSE,FALSE,0.125,FALSE,NA,FALSE,all_pairs_combn
N112,N133,1,1,small_or_isolated_candidate,small_or_isolated_candidate,833.8815132410587,FALSE,FALSE,FALSE,0.125,FALSE,NA,FALSE,all_pairs_combn
N32,N92,1,1,small_or_isolated_candidate,small_or_isolated_candidate,834.3043166083107,FALSE,FALSE,FALSE,0.125,FALSE,NA,FALSE,all_pairs_combn
N117,N304,1,1,small_or_isolated_candidate,small_or_isolated_candidate,834.5515078869629,FALSE,FALSE,FALSE,0.125,FALSE,NA,FALSE,all_pairs_combn
N122,N135,1,1,small_or_isolated_candidate,small_or_isolated_candidate,834.6854700111448,FALSE,FALSE,FALSE,0.125,FALSE,NA,FALSE,all_pairs_combn
N10,N296,1,1,small_or_isolated_candidate,small_or_isolated_candidate,834.7316211671064,FALSE,FALSE,FALSE,0.125,FALSE,NA,FALSE,all_pairs_combn
N119,N21,1,1,small_or_isolated_candidate,small_or_isolated_candidate,834.8514230207776,FALSE,FALSE,FALSE,0.125,FALSE,NA,FALSE,all_pairs_combn
N137,N294,1,1,small_or_isolated_candidate,small_or_isolated_candidate,834.85353850573,FALSE,FALSE,FALSE,0.125,FALSE,NA,FALSE,all_pairs_combn
N10,N149,1,1,small_or_isolated_candidate,small_or_isolated_candidate,834.9403650883941,FALSE,FALSE,FALSE,0.125,FALSE,NA,FALSE,all_pairs_combn
N128,N51,1,1,small_or_isolated_candidate,small_or_isolated_candidate,835.4267380329678,FALSE,FALSE,FALSE,0.125,FALSE,NA,FALSE,all_pairs_combn
N132,N61,1,1,small_or_isolated_candidate,small_or_isolated_candidate,835.505134316289,FALSE,FALSE,FALSE,0.125,FALSE,NA,FALSE,all_pairs_combn
N138,N93,1,1,small_or_isolated_candidate,small_or_isolated_candidate,835.5160918488114,FALSE,FALSE,FALSE,0.125,FALSE,NA,FALSE,all_pairs_combn
N119,N19,1,1,small_or_isolated_candidate,small_or_isolated_candidate,835.7218826082793,FALSE,FALSE,FALSE,0.125,FALSE,NA,FALSE,all_pairs_combn
N128,N52,1,1,small_or_isolated_candidate,small_or_isolated_candidate,835.84059224633,FALSE,FALSE,FALSE,0.125,FALSE,NA,FALSE,all_pairs_combn
N127,N51,1,1,small_or_isolated_candidate,small_or_isolated_candidate,835.9341470698084,FALSE,FALSE,FALSE,0.125,FALSE,NA,FALSE,all_pairs_combn
N123,N135,1,1,small_or_isolated_candidate,small_or_isolated_candidate,836.2287428758127,FALSE,FALSE,FALSE,0.125,FALSE,NA,FALSE,all_pairs_combn
N127,N52,1,1,small_or_isolated_candidate,small_or_isolated_candidate,836.3449602695395,FALSE,FALSE,FALSE,0.125,FALSE,NA,FALSE,all_pairs_combn
N129,N32,1,1,small_or_isolated_candidate,small_or_isolated_candidate,837.1225641412481,FALSE,FALSE,FALSE,0.125,FALSE,NA,FALSE,all_pairs_combn
N10,N292,1,1,small_or_isolated_candidate,small_or_isolated_candidate,837.2599008617074,FALSE,FALSE,FALSE,0.125,FALSE,NA,FALSE,all_pairs_combn
N138,N62,1,1,small_or_isolated_candidate,small_or_isolated_candidate,837.6270575655991,FALSE,FALSE,FALSE,0.125,FALSE,NA,FALSE,all_pairs_combn
N146,N65,1,1,small_or_isolated_candidate,small_or_isolated_candidate,837.6728572852974,FALSE,FALSE,FALSE,0.125,FALSE,NA,FALSE,all_pairs_combn
N138,N151,1,1,small_or_isolated_candidate,small_or_isolated_candidate,838.3534149608682,FALSE,FALSE,FALSE,0.125,FALSE,NA,FALSE,all_pairs_combn
N292,N92,1,1,small_or_isolated_candidate,small_or_isolated_candidate,838.4264992627316,FALSE,FALSE,FALSE,0.125,FALSE,NA,FALSE,all_pairs_combn
N152,N19,1,1,small_or_isolated_candidate,small_or_isolated_candidate,839.1467638790369,FALSE,FALSE,FALSE,0.125,FALSE,NA,FALSE,all_pairs_combn
N146,N61,1,1,small_or_isolated_candidate,small_or_isolated_candidate,839.454518060534,FALSE,FALSE,FALSE,0.125,FALSE,NA,FALSE,all_pairs_combn
N153,N19,1,1,small_or_isolated_candidate,small_or_isolated_candidate,839.6046729655653,FALSE,FALSE,FALSE,0.125,FALSE,NA,FALSE,all_pairs_combn
N146,N206,1,1,small_or_isolated_candidate,small_or_isolated_candidate,839.8294520392437,FALSE,FALSE,FALSE,0.125,FALSE,NA,FALSE,all_pairs_combn
N125,N96,1,1,small_or_isolated_candidate,small_or_isolated_candidate,840.0397496421491,FALSE,FALSE,FALSE,0.125,FALSE,NA,FALSE,all_pairs_combn
N157,N30,1,1,small_or_isolated_candidate,small_or_isolated_candidate,840.1189570705191,FALSE,FALSE,FALSE,0.125,FALSE,NA,FALSE,all_pairs_combn
N143,N20,1,1,small_or_isolated_candidate,small_or_isolated_candidate,840.3361813296704,FALSE,FALSE,FALSE,0.125,FALSE,NA,FALSE,all_pairs_combn
N119,N132,1,1,small_or_isolated_candidate,small_or_isolated_candidate,840.3885988427513,FALSE,FALSE,FALSE,0.125,FALSE,NA,FALSE,all_pairs_combn
N117,N33,1,1,small_or_isolated_candidate,small_or_isolated_candidate,840.6771883031915,FALSE,FALSE,FALSE,0.125,FALSE,NA,FALSE,all_pairs_combn
N137,N292,1,1,small_or_isolated_candidate,small_or_isolated_candidate,842.0722434896282,FALSE,FALSE,FALSE,0.125,FALSE,NA,FALSE,all_pairs_combn
N124,N300,1,1,small_or_isolated_candidate,small_or_isolated_candidate,842.5557585509413,FALSE,FALSE,FALSE,0.125,FALSE,NA,FALSE,all_pairs_combn
N126,N33,1,1,small_or_isolated_candidate,small_or_isolated_candidate,842.940022202057,FALSE,FALSE,FALSE,0.125,FALSE,NA,FALSE,all_pairs_combn
N145,N96,1,1,small_or_isolated_candidate,small_or_isolated_candidate,843.4761917157962,FALSE,FALSE,FALSE,0.125,FALSE,NA,FALSE,all_pairs_combn
N148,N30,1,1,small_or_isolated_candidate,small_or_isolated_candidate,843.5410545933325,FALSE,FALSE,FALSE,0.125,FALSE,NA,FALSE,all_pairs_combn
N125,N34,1,1,small_or_isolated_candidate,small_or_isolated_candidate,843.9801964605997,FALSE,FALSE,FALSE,0.125,FALSE,NA,FALSE,all_pairs_combn
N126,N94,1,1,small_or_isolated_candidate,small_or_isolated_candidate,844.029572913712,FALSE,FALSE,FALSE,0.125,FALSE,NA,FALSE,all_pairs_combn
N292,N61,1,1,small_or_isolated_candidate,small_or_isolated_candidate,844.5703490332489,FALSE,FALSE,FALSE,0.125,FALSE,NA,FALSE,all_pairs_combn
N292,N95,1,1,small_or_isolated_candidate,small_or_isolated_candidate,845.0142004227857,FALSE,FALSE,FALSE,0.125,FALSE,NA,FALSE,all_pairs_combn
N120,N136,1,1,small_or_isolated_candidate,small_or_isolated_candidate,845.4173307689169,FALSE,FALSE,FALSE,0.125,FALSE,NA,FALSE,all_pairs_combn
N148,N51,1,1,small_or_isolated_candidate,small_or_isolated_candidate,845.655351680931,FALSE,FALSE,FALSE,0.125,FALSE,NA,FALSE,all_pairs_combn
N114,N131,1,1,small_or_isolated_candidate,small_or_isolated_candidate,845.6963420508581,FALSE,FALSE,FALSE,0.125,FALSE,NA,FALSE,all_pairs_combn
N11,N129,1,1,small_or_isolated_candidate,small_or_isolated_candidate,845.8661236426201,FALSE,FALSE,FALSE,0.125,FALSE,NA,FALSE,all_pairs_combn
N147,N49,1,1,small_or_isolated_candidate,small_or_isolated_candidate,845.9776967209747,FALSE,FALSE,FALSE,0.125,FALSE,NA,FALSE,all_pairs_combn
N137,N145,1,1,small_or_isolated_candidate,small_or_isolated_candidate,846.0008584984646,FALSE,FALSE,FALSE,0.125,FALSE,NA,FALSE,all_pairs_combn
N128,N21,1,1,small_or_isolated_candidate,small_or_isolated_candidate,846.3977796718128,FALSE,FALSE,FALSE,0.125,FALSE,NA,FALSE,all_pairs_combn
N148,N52,1,1,small_or_isolated_candidate,small_or_isolated_candidate,846.5586160474993,FALSE,FALSE,FALSE,0.125,FALSE,NA,FALSE,all_pairs_combn
N127,N21,1,1,small_or_isolated_candidate,small_or_isolated_candidate,846.5865251990361,FALSE,FALSE,FALSE,0.125,FALSE,NA,FALSE,all_pairs_combn
N157,N24,1,1,small_or_isolated_candidate,small_or_isolated_candidate,846.871439055529,FALSE,FALSE,FALSE,0.125,FALSE,NA,FALSE,all_pairs_combn
N206,N69,1,1,small_or_isolated_candidate,small_or_isolated_candidate,847.0510547727862,FALSE,FALSE,FALSE,0.125,FALSE,NA,FALSE,all_pairs_combn
N134,N305,1,1,small_or_isolated_candidate,small_or_isolated_candidate,847.1576536039738,FALSE,FALSE,FALSE,0.125,FALSE,NA,FALSE,all_pairs_combn
N292,N62,1,1,small_or_isolated_candidate,small_or_isolated_candidate,847.8963839894675,FALSE,FALSE,FALSE,0.125,FALSE,NA,FALSE,all_pairs_combn
N292,N65,1,1,small_or_isolated_candidate,small_or_isolated_candidate,848.3423779339435,FALSE,FALSE,FALSE,0.125,FALSE,NA,FALSE,all_pairs_combn
N148,N19,1,1,small_or_isolated_candidate,small_or_isolated_candidate,848.6782070972143,FALSE,FALSE,FALSE,0.125,FALSE,NA,FALSE,all_pairs_combn
N147,N50,1,1,small_or_isolated_candidate,small_or_isolated_candidate,848.8668432846104,FALSE,FALSE,FALSE,0.125,FALSE,NA,FALSE,all_pairs_combn
N134,N304,1,1,small_or_isolated_candidate,small_or_isolated_candidate,849.3627158579804,FALSE,FALSE,FALSE,0.125,FALSE,NA,FALSE,all_pairs_combn
N129,N96,1,1,small_or_isolated_candidate,small_or_isolated_candidate,849.3840600714195,FALSE,FALSE,FALSE,0.125,FALSE,NA,FALSE,all_pairs_combn
N150,N34,1,1,small_or_isolated_candidate,small_or_isolated_candidate,850.1850806335738,FALSE,FALSE,FALSE,0.125,FALSE,NA,FALSE,all_pairs_combn
N126,N21,1,1,small_or_isolated_candidate,small_or_isolated_candidate,850.6322225856811,FALSE,FALSE,FALSE,0.125,FALSE,NA,FALSE,all_pairs_combn
N152,N30,1,1,small_or_isolated_candidate,small_or_isolated_candidate,850.655431771761,FALSE,FALSE,FALSE,0.125,FALSE,NA,FALSE,all_pairs_combn
N138,N66,1,1,small_or_isolated_candidate,small_or_isolated_candidate,850.828405523898,FALSE,FALSE,FALSE,0.125,FALSE,NA,FALSE,all_pairs_combn
N304,N61,1,1,small_or_isolated_candidate,small_or_isolated_candidate,851.1413259571467,FALSE,FALSE,FALSE,0.125,FALSE,NA,FALSE,all_pairs_combn
N110,N305,1,1,small_or_isolated_candidate,small_or_isolated_candidate,851.5107071637126,FALSE,FALSE,FALSE,0.125,FALSE,NA,FALSE,all_pairs_combn
N138,N63,1,1,small_or_isolated_candidate,small_or_isolated_candidate,851.539686126813,FALSE,FALSE,FALSE,0.125,FALSE,NA,FALSE,all_pairs_combn
N138,N61,1,1,small_or_isolated_candidate,small_or_isolated_candidate,851.6344139934722,FALSE,FALSE,FALSE,0.125,FALSE,NA,FALSE,all_pairs_combn
N153,N30,1,1,small_or_isolated_candidate,small_or_isolated_candidate,851.6693876458919,FALSE,FALSE,FALSE,0.125,FALSE,NA,FALSE,all_pairs_combn
N119,N20,1,1,small_or_isolated_candidate,small_or_isolated_candidate,851.7277050802102,FALSE,FALSE,FALSE,0.125,FALSE,NA,FALSE,all_pairs_combn
N107,N307,1,1,small_or_isolated_candidate,small_or_isolated_candidate,851.7807161281721,FALSE,FALSE,FALSE,0.125,FALSE,NA,FALSE,all_pairs_combn
N300,N61,1,1,small_or_isolated_candidate,small_or_isolated_candidate,851.8606248846914,FALSE,FALSE,FALSE,0.125,FALSE,NA,FALSE,all_pairs_combn
N152,N24,1,1,small_or_isolated_candidate,small_or_isolated_candidate,852.1272446688388,FALSE,FALSE,FALSE,0.125,FALSE,NA,FALSE,all_pairs_combn
N153,N24,1,1,small_or_isolated_candidate,small_or_isolated_candidate,852.3274288627327,FALSE,FALSE,FALSE,0.125,FALSE,NA,FALSE,all_pairs_combn
N129,N305,1,1,small_or_isolated_candidate,small_or_isolated_candidate,852.6070393088175,FALSE,FALSE,FALSE,0.125,FALSE,NA,FALSE,all_pairs_combn
N129,N304,1,1,small_or_isolated_candidate,small_or_isolated_candidate,852.8623898969948,FALSE,FALSE,FALSE,0.125,FALSE,NA,FALSE,all_pairs_combn
N157,N51,1,1,small_or_isolated_candidate,small_or_isolated_candidate,852.8861466895825,FALSE,FALSE,FALSE,0.125,FALSE,NA,FALSE,all_pairs_combn
N113,N114,1,1,small_or_isolated_candidate,small_or_isolated_candidate,852.9222676467203,FALSE,FALSE,FALSE,0.125,FALSE,NA,FALSE,all_pairs_combn
N207,N259,1,1,small_or_isolated_candidate,small_or_isolated_candidate,853.3342067052165,FALSE,FALSE,FALSE,0.125,FALSE,NA,FALSE,all_pairs_combn
N114,N136,1,1,small_or_isolated_candidate,small_or_isolated_candidate,853.5606020014263,FALSE,FALSE,FALSE,0.125,FALSE,NA,FALSE,all_pairs_combn
N157,N52,1,1,small_or_isolated_candidate,small_or_isolated_candidate,853.7432386539119,FALSE,FALSE,FALSE,0.125,FALSE,NA,FALSE,all_pairs_combn
N147,N21,1,1,small_or_isolated_candidate,small_or_isolated_candidate,854.2057200662949,FALSE,FALSE,FALSE,0.125,FALSE,NA,FALSE,all_pairs_combn
N11,N125,1,1,small_or_isolated_candidate,small_or_isolated_candidate,854.6073773048716,FALSE,FALSE,FALSE,0.125,FALSE,NA,FALSE,all_pairs_combn
N146,N62,1,1,small_or_isolated_candidate,small_or_isolated_candidate,854.8928981530007,FALSE,FALSE,FALSE,0.125,FALSE,NA,FALSE,all_pairs_combn
N125,N300,1,1,small_or_isolated_candidate,small_or_isolated_candidate,855.2514480133239,FALSE,FALSE,FALSE,0.125,FALSE,NA,FALSE,all_pairs_combn
N107,N147,1,1,small_or_isolated_candidate,small_or_isolated_candidate,855.9759815112964,FALSE,FALSE,FALSE,0.125,FALSE,NA,FALSE,all_pairs_combn
N104,N308,1,1,small_or_isolated_candidate,small_or_isolated_candidate,856.1757193944289,FALSE,FALSE,FALSE,0.125,FALSE,NA,FALSE,all_pairs_combn
N211,N49,1,1,small_or_isolated_candidate,small_or_isolated_candidate,856.2042274291641,FALSE,FALSE,FALSE,0.125,FALSE,NA,FALSE,all_pairs_combn
N292,N94,1,1,small_or_isolated_candidate,small_or_isolated_candidate,856.9109331214863,FALSE,FALSE,FALSE,0.125,FALSE,NA,FALSE,all_pairs_combn
N211,N30,1,1,small_or_isolated_candidate,small_or_isolated_candidate,857.1064731660027,FALSE,FALSE,FALSE,0.125,FALSE,NA,FALSE,all_pairs_combn
N134,N33,1,1,small_or_isolated_candidate,small_or_isolated_candidate,857.8855611373766,FALSE,FALSE,FALSE,0.125,FALSE,NA,FALSE,all_pairs_combn
N211,N50,1,1,small_or_isolated_candidate,small_or_isolated_candidate,858.2590386853466,FALSE,FALSE,FALSE,0.125,FALSE,NA,FALSE,all_pairs_combn
N104,N142,1,1,small_or_isolated_candidate,small_or_isolated_candidate,858.4309338310308,FALSE,FALSE,FALSE,0.125,FALSE,NA,FALSE,all_pairs_combn
N124,N33,1,1,small_or_isolated_candidate,small_or_isolated_candidate,858.8317715789042,FALSE,FALSE,FALSE,0.125,FALSE,NA,FALSE,all_pairs_combn
N292,N66,1,1,small_or_isolated_candidate,small_or_isolated_candidate,858.8578480629637,FALSE,FALSE,FALSE,0.125,FALSE,NA,FALSE,all_pairs_combn
N22,N292,1,1,small_or_isolated_candidate,small_or_isolated_candidate,859.2057986943815,FALSE,FALSE,FALSE,0.125,FALSE,NA,FALSE,all_pairs_combn
N292,N63,1,1,small_or_isolated_candidate,small_or_isolated_candidate,859.7124723438708,FALSE,FALSE,FALSE,0.125,FALSE,NA,FALSE,all_pairs_combn
N141,N182,1,1,small_or_isolated_candidate,small_or_isolated_candidate,860.6459407883779,FALSE,FALSE,FALSE,0.125,FALSE,NA,FALSE,all_pairs_combn
N110,N300,1,1,small_or_isolated_candidate,small_or_isolated_candidate,860.9283397663929,FALSE,FALSE,FALSE,0.125,FALSE,NA,FALSE,all_pairs_combn
N119,N92,1,1,small_or_isolated_candidate,small_or_isolated_candidate,861.0881442629969,FALSE,FALSE,FALSE,0.125,FALSE,NA,FALSE,all_pairs_combn
N118,N95,1,1,small_or_isolated_candidate,small_or_isolated_candidate,861.171298976011,FALSE,FALSE,FALSE,0.125,FALSE,NA,FALSE,all_pairs_combn
N124,N305,1,1,small_or_isolated_candidate,small_or_isolated_candidate,861.4062785318918,FALSE,FALSE,FALSE,0.125,FALSE,NA,FALSE,all_pairs_combn
N149,N22,1,1,small_or_isolated_candidate,small_or_isolated_candidate,861.4439293050095,FALSE,FALSE,FALSE,0.125,FALSE,NA,FALSE,all_pairs_combn
N134,N51,1,1,small_or_isolated_candidate,small_or_isolated_candidate,862.103124677256,FALSE,FALSE,FALSE,0.125,FALSE,NA,FALSE,all_pairs_combn
N140,N182,1,1,small_or_isolated_candidate,small_or_isolated_candidate,862.4178681084242,FALSE,FALSE,FALSE,0.125,FALSE,NA,FALSE,all_pairs_combn
N141,N92,1,1,small_or_isolated_candidate,small_or_isolated_candidate,862.4721911863758,FALSE,FALSE,FALSE,0.125,FALSE,NA,FALSE,all_pairs_combn
N211,N300,1,1,small_or_isolated_candidate,small_or_isolated_candidate,862.4845516693315,FALSE,FALSE,FALSE,0.125,FALSE,NA,FALSE,all_pairs_combn
N111,N207,1,1,small_or_isolated_candidate,small_or_isolated_candidate,862.5288218907435,FALSE,FALSE,FALSE,0.125,FALSE,NA,FALSE,all_pairs_combn
N118,N92,1,1,small_or_isolated_candidate,small_or_isolated_candidate,862.7580260786386,FALSE,FALSE,FALSE,0.125,FALSE,NA,FALSE,all_pairs_combn
N138,N65,1,1,small_or_isolated_candidate,small_or_isolated_candidate,863.0071578571866,FALSE,FALSE,FALSE,0.125,FALSE,NA,FALSE,all_pairs_combn
N134,N52,1,1,small_or_isolated_candidate,small_or_isolated_candidate,863.0938656254473,FALSE,FALSE,FALSE,0.125,FALSE,NA,FALSE,all_pairs_combn
N124,N304,1,1,small_or_isolated_candidate,small_or_isolated_candidate,863.278524513822,FALSE,FALSE,FALSE,0.125,FALSE,NA,FALSE,all_pairs_combn
N142,N206,1,1,small_or_isolated_candidate,small_or_isolated_candidate,863.3401319330408,FALSE,FALSE,FALSE,0.125,FALSE,NA,FALSE,all_pairs_combn
N148,N69,1,1,small_or_isolated_candidate,small_or_isolated_candidate,863.3650706256363,FALSE,FALSE,FALSE,0.125,FALSE,NA,FALSE,all_pairs_combn
N118,N30,1,1,small_or_isolated_candidate,small_or_isolated_candidate,863.4791912819732,FALSE,FALSE,FALSE,0.125,FALSE,NA,FALSE,all_pairs_combn
N119,N137,1,1,small_or_isolated_candidate,small_or_isolated_candidate,863.5468672588598,FALSE,FALSE,FALSE,0.125,FALSE,NA,FALSE,all_pairs_combn
N146,N66,1,1,small_or_isolated_candidate,small_or_isolated_candidate,863.9242557493287,FALSE,FALSE,FALSE,0.125,FALSE,NA,FALSE,all_pairs_combn
N119,N95,1,1,small_or_isolated_candidate,small_or_isolated_candidate,864.3117071077896,FALSE,FALSE,FALSE,0.125,FALSE,NA,FALSE,all_pairs_combn
N128,N20,1,1,small_or_isolated_candidate,small_or_isolated_candidate,864.7706604195516,FALSE,FALSE,FALSE,0.125,FALSE,NA,FALSE,all_pairs_combn
N11,N131,1,1,small_or_isolated_candidate,small_or_isolated_candidate,864.8090650613732,FALSE,FALSE,FALSE,0.125,FALSE,NA,FALSE,all_pairs_combn
N296,N51,1,1,small_or_isolated_candidate,small_or_isolated_candidate,864.8445781788674,FALSE,FALSE,FALSE,0.125,FALSE,NA,FALSE,all_pairs_combn
N146,N63,1,1,small_or_isolated_candidate,small_or_isolated_candidate,864.8515058802499,FALSE,FALSE,FALSE,0.125,FALSE,NA,FALSE,all_pairs_combn
N127,N20,1,1,small_or_isolated_candidate,small_or_isolated_candidate,864.9315382942058,FALSE,FALSE,FALSE,0.125,FALSE,NA,FALSE,all_pairs_combn
N140,N92,1,1,small_or_isolated_candidate,small_or_isolated_candidate,865.2295955129904,FALSE,FALSE,FALSE,0.125,FALSE,NA,FALSE,all_pairs_combn
N112,N207,1,1,small_or_isolated_candidate,small_or_isolated_candidate,865.4928278427174,FALSE,FALSE,FALSE,0.125,FALSE,NA,FALSE,all_pairs_combn
N296,N52,1,1,small_or_isolated_candidate,small_or_isolated_candidate,865.5180657518247,FALSE,FALSE,FALSE,0.125,FALSE,NA,FALSE,all_pairs_combn
N32,N48,1,1,small_or_isolated_candidate,small_or_isolated_candidate,865.9593114616089,FALSE,FALSE,FALSE,0.125,FALSE,NA,FALSE,all_pairs_combn
N152,N51,1,1,small_or_isolated_candidate,small_or_isolated_candidate,866.1263008454944,FALSE,FALSE,FALSE,0.125,FALSE,NA,FALSE,all_pairs_combn
N142,N69,1,1,small_or_isolated_candidate,small_or_isolated_candidate,866.2815499300068,FALSE,FALSE,FALSE,0.125,FALSE,NA,FALSE,all_pairs_combn
N126,N20,1,1,small_or_isolated_candidate,small_or_isolated_candidate,866.2978673271787,FALSE,FALSE,FALSE,0.125,FALSE,NA,FALSE,all_pairs_combn
N142,N65,1,1,small_or_isolated_candidate,small_or_isolated_candidate,866.9297493130273,FALSE,FALSE,FALSE,0.125,FALSE,NA,FALSE,all_pairs_combn
N152,N52,1,1,small_or_isolated_candidate,small_or_isolated_candidate,866.9706704561187,FALSE,FALSE,FALSE,0.125,FALSE,NA,FALSE,all_pairs_combn
N129,N34,1,1,small_or_isolated_candidate,small_or_isolated_candidate,867.0716914668101,FALSE,FALSE,FALSE,0.125,FALSE,NA,FALSE,all_pairs_combn
N153,N51,1,1,small_or_isolated_candidate,small_or_isolated_candidate,867.56789726622,FALSE,FALSE,FALSE,0.125,FALSE,NA,FALSE,all_pairs_combn
N138,N24,1,1,small_or_isolated_candidate,small_or_isolated_candidate,867.6577464761228,FALSE,FALSE,FALSE,0.125,FALSE,NA,FALSE,all_pairs_combn
N305,N62,1,1,small_or_isolated_candidate,small_or_isolated_candidate,868.1739740976818,FALSE,FALSE,FALSE,0.125,FALSE,NA,FALSE,all_pairs_combn
N153,N52,1,1,small_or_isolated_candidate,small_or_isolated_candidate,868.4101788559046,FALSE,FALSE,FALSE,0.125,FALSE,NA,FALSE,all_pairs_combn
N148,N24,1,1,small_or_isolated_candidate,small_or_isolated_candidate,868.9890083982106,FALSE,FALSE,FALSE,0.125,FALSE,NA,FALSE,all_pairs_combn
N305,N66,1,1,small_or_isolated_candidate,small_or_isolated_candidate,869.5123013778019,FALSE,FALSE,FALSE,0.125,FALSE,NA,FALSE,all_pairs_combn
N122,N32,1,1,small_or_isolated_candidate,small_or_isolated_candidate,869.5883072303643,FALSE,FALSE,FALSE,0.125,FALSE,NA,FALSE,all_pairs_combn
N113,N211,1,1,small_or_isolated_candidate,small_or_isolated_candidate,870.1772662007311,FALSE,FALSE,FALSE,0.125,FALSE,NA,FALSE,all_pairs_combn
N126,N19,1,1,small_or_isolated_candidate,small_or_isolated_candidate,870.3298439449735,FALSE,FALSE,FALSE,0.125,FALSE,NA,FALSE,all_pairs_combn
N305,N63,1,1,small_or_isolated_candidate,small_or_isolated_candidate,870.4981365633358,FALSE,FALSE,FALSE,0.125,FALSE,NA,FALSE,all_pairs_combn
N10,N144,1,1,small_or_isolated_candidate,small_or_isolated_candidate,870.6594134083593,FALSE,FALSE,FALSE,0.125,FALSE,NA,FALSE,all_pairs_combn
N123,N32,1,1,small_or_isolated_candidate,small_or_isolated_candidate,870.9738688600262,FALSE,FALSE,FALSE,0.125,FALSE,NA,FALSE,all_pairs_combn
N142,N61,1,1,small_or_isolated_candidate,small_or_isolated_candidate,871.925211901269,FALSE,FALSE,FALSE,0.125,FALSE,NA,FALSE,all_pairs_combn
N123,N71,1,1,small_or_isolated_candidate,small_or_isolated_candidate,872.5370204199857,FALSE,FALSE,FALSE,0.125,FALSE,NA,FALSE,all_pairs_combn
N149,N61,1,1,small_or_isolated_candidate,small_or_isolated_candidate,872.6426420219448,FALSE,FALSE,FALSE,0.125,FALSE,NA,FALSE,all_pairs_combn
N36,N96,1,1,small_or_isolated_candidate,small_or_isolated_candidate,872.7414953966093,FALSE,FALSE,FALSE,0.125,FALSE,NA,FALSE,all_pairs_combn
N35,N96,1,1,small_or_isolated_candidate,small_or_isolated_candidate,872.8764612760114,FALSE,FALSE,FALSE,0.125,FALSE,NA,FALSE,all_pairs_combn
N149,N65,1,1,small_or_isolated_candidate,small_or_isolated_candidate,872.9033321356131,FALSE,FALSE,FALSE,0.125,FALSE,NA,FALSE,all_pairs_combn
N121,N32,1,1,small_or_isolated_candidate,small_or_isolated_candidate,873.1442895318345,FALSE,FALSE,FALSE,0.125,FALSE,NA,FALSE,all_pairs_combn
N118,N49,1,1,small_or_isolated_candidate,small_or_isolated_candidate,873.2890713242841,FALSE,FALSE,FALSE,0.125,FALSE,NA,FALSE,all_pairs_combn
N147,N20,1,1,small_or_isolated_candidate,small_or_isolated_candidate,873.5641979063843,FALSE,FALSE,FALSE,0.125,FALSE,NA,FALSE,all_pairs_combn
N110,N304,1,1,small_or_isolated_candidate,small_or_isolated_candidate,873.6300807107731,FALSE,FALSE,FALSE,0.125,FALSE,NA,FALSE,all_pairs_combn
N122,N71,1,1,small_or_isolated_candidate,small_or_isolated_candidate,874.491703908746,FALSE,FALSE,FALSE,0.125,FALSE,NA,FALSE,all_pairs_combn
N118,N94,1,1,small_or_isolated_candidate,small_or_isolated_candidate,874.6660298188579,FALSE,FALSE,FALSE,0.125,FALSE,NA,FALSE,all_pairs_combn
N119,N24,1,1,small_or_isolated_candidate,small_or_isolated_candidate,874.7629658752024,FALSE,FALSE,FALSE,0.125,FALSE,NA,FALSE,all_pairs_combn
N150,N182,1,1,small_or_isolated_candidate,small_or_isolated_candidate,874.8839386336793,FALSE,FALSE,FALSE,0.125,FALSE,NA,FALSE,all_pairs_combn
N121,N71,1,1,small_or_isolated_candidate,small_or_isolated_candidate,875.1891914950402,FALSE,FALSE,FALSE,0.125,FALSE,NA,FALSE,all_pairs_combn
N125,N305,1,1,small_or_isolated_candidate,small_or_isolated_candidate,875.2718286958486,FALSE,FALSE,FALSE,0.125,FALSE,NA,FALSE,all_pairs_combn
N118,N50,1,1,small_or_isolated_candidate,small_or_isolated_candidate,875.5315802444597,FALSE,FALSE,FALSE,0.125,FALSE,NA,FALSE,all_pairs_combn
N211,N305,1,1,small_or_isolated_candidate,small_or_isolated_candidate,875.6527819043732,FALSE,FALSE,FALSE,0.125,FALSE,NA,FALSE,all_pairs_combn
N125,N33,1,1,small_or_isolated_candidate,small_or_isolated_candidate,875.9954216871289,FALSE,FALSE,FALSE,0.125,FALSE,NA,FALSE,all_pairs_combn
N125,N304,1,1,small_or_isolated_candidate,small_or_isolated_candidate,876.1533123639173,FALSE,FALSE,FALSE,0.125,FALSE,NA,FALSE,all_pairs_combn
N294,N92,1,1,small_or_isolated_candidate,small_or_isolated_candidate,876.4877357946435,FALSE,FALSE,FALSE,0.125,FALSE,NA,FALSE,all_pairs_combn
N120,N141,1,1,small_or_isolated_candidate,small_or_isolated_candidate,876.9647462732614,FALSE,FALSE,FALSE,0.125,FALSE,NA,FALSE,all_pairs_combn
N119,N94,1,1,small_or_isolated_candidate,small_or_isolated_candidate,876.9847007930067,FALSE,FALSE,FALSE,0.125,FALSE,NA,FALSE,all_pairs_combn
N128,N49,1,1,small_or_isolated_candidate,small_or_isolated_candidate,877.3330906715554,FALSE,FALSE,FALSE,0.125,FALSE,NA,FALSE,all_pairs_combn
N22,N296,1,1,small_or_isolated_candidate,small_or_isolated_candidate,877.3949386053339,FALSE,FALSE,FALSE,0.125,FALSE,NA,FALSE,all_pairs_combn
N124,N51,1,1,small_or_isolated_candidate,small_or_isolated_candidate,877.5782885586867,FALSE,FALSE,FALSE,0.125,FALSE,NA,FALSE,all_pairs_combn
N127,N49,1,1,small_or_isolated_candidate,small_or_isolated_candidate,877.6807760953187,FALSE,FALSE,FALSE,0.125,FALSE,NA,FALSE,all_pairs_combn
N136,N34,1,1,small_or_isolated_candidate,small_or_isolated_candidate,877.9351580761509,FALSE,FALSE,FALSE,0.125,FALSE,NA,FALSE,all_pairs_combn
N141,N95,1,1,small_or_isolated_candidate,small_or_isolated_candidate,878.3837756346129,FALSE,FALSE,FALSE,0.125,FALSE,NA,FALSE,all_pairs_combn
N120,N140,1,1,small_or_isolated_candidate,small_or_isolated_candidate,878.5450172649329,FALSE,FALSE,FALSE,0.125,FALSE,NA,FALSE,all_pairs_combn
N124,N52,1,1,small_or_isolated_candidate,small_or_isolated_candidate,878.5685306298413,FALSE,FALSE,FALSE,0.125,FALSE,NA,FALSE,all_pairs_combn
N10,N147,1,1,small_or_isolated_candidate,small_or_isolated_candidate,878.970726173358,FALSE,FALSE,FALSE,0.125,FALSE,NA,FALSE,all_pairs_combn
N10,N143,1,1,small_or_isolated_candidate,small_or_isolated_candidate,879.3677070875466,FALSE,FALSE,FALSE,0.125,FALSE,NA,FALSE,all_pairs_combn
N117,N95,1,1,small_or_isolated_candidate,small_or_isolated_candidate,879.4928088468116,FALSE,FALSE,FALSE,0.125,FALSE,NA,FALSE,all_pairs_combn
N259,N71,1,1,small_or_isolated_candidate,small_or_isolated_candidate,879.5880058941096,FALSE,FALSE,FALSE,0.125,FALSE,NA,FALSE,all_pairs_combn
N259,N34,1,1,small_or_isolated_candidate,small_or_isolated_candidate,879.6580922776277,FALSE,FALSE,FALSE,0.125,FALSE,NA,FALSE,all_pairs_combn
N121,N182,1,1,small_or_isolated_candidate,small_or_isolated_candidate,879.7488042229609,FALSE,FALSE,FALSE,0.125,FALSE,NA,FALSE,all_pairs_combn
N122,N182,1,1,small_or_isolated_candidate,small_or_isolated_candidate,879.7743641356917,FALSE,FALSE,FALSE,0.125,FALSE,NA,FALSE,all_pairs_combn
N117,N30,1,1,small_or_isolated_candidate,small_or_isolated_candidate,879.8409870939943,FALSE,FALSE,FALSE,0.125,FALSE,NA,FALSE,all_pairs_combn
N128,N50,1,1,small_or_isolated_candidate,small_or_isolated_candidate,880.0760134899762,FALSE,FALSE,FALSE,0.125,FALSE,NA,FALSE,all_pairs_combn
N127,N50,1,1,small_or_isolated_candidate,small_or_isolated_candidate,880.4196914689687,FALSE,FALSE,FALSE,0.125,FALSE,NA,FALSE,all_pairs_combn
N117,N92,1,1,small_or_isolated_candidate,small_or_isolated_candidate,881.1547527885771,FALSE,FALSE,FALSE,0.125,FALSE,NA,FALSE,all_pairs_combn
N140,N95,1,1,small_or_isolated_candidate,small_or_isolated_candidate,881.248775355588,FALSE,FALSE,FALSE,0.125,FALSE,NA,FALSE,all_pairs_combn
N123,N182,1,1,small_or_isolated_candidate,small_or_isolated_candidate,882.0828124137113,FALSE,FALSE,FALSE,0.125,FALSE,NA,FALSE,all_pairs_combn
N211,N304,1,1,small_or_isolated_candidate,small_or_isolated_candidate,882.1482801944741,FALSE,FALSE,FALSE,0.125,FALSE,NA,FALSE,all_pairs_combn
N149,N62,1,1,small_or_isolated_candidate,small_or_isolated_candidate,883.5171637050385,FALSE,FALSE,FALSE,0.125,FALSE,NA,FALSE,all_pairs_combn
N212,N69,1,1,small_or_isolated_candidate,small_or_isolated_candidate,885.0486574191074,FALSE,FALSE,FALSE,0.125,FALSE,NA,FALSE,all_pairs_combn
N119,N34,1,1,small_or_isolated_candidate,small_or_isolated_candidate,885.1349714101204,FALSE,FALSE,FALSE,0.125,FALSE,NA,FALSE,all_pairs_combn
N104,N147,1,1,small_or_isolated_candidate,small_or_isolated_candidate,885.2707212250845,FALSE,FALSE,FALSE,0.125,FALSE,NA,FALSE,all_pairs_combn
N212,N30,1,1,small_or_isolated_candidate,small_or_isolated_candidate,886.4818082842652,FALSE,FALSE,FALSE,0.125,FALSE,NA,FALSE,all_pairs_combn
N141,N94,1,1,small_or_isolated_candidate,small_or_isolated_candidate,887.1671228846126,FALSE,FALSE,FALSE,0.125,FALSE,NA,FALSE,all_pairs_combn
N142,N96,1,1,small_or_isolated_candidate,small_or_isolated_candidate,887.4093388316339,FALSE,FALSE,FALSE,0.125,FALSE,NA,FALSE,all_pairs_combn
N104,N307,1,1,small_or_isolated_candidate,small_or_isolated_candidate,887.6459402978556,FALSE,FALSE,FALSE,0.125,FALSE,NA,FALSE,all_pairs_combn
N308,N96,1,1,small_or_isolated_candidate,small_or_isolated_candidate,888.7873482875648,FALSE,FALSE,FALSE,0.125,FALSE,NA,FALSE,all_pairs_combn
N19,N212,1,1,small_or_isolated_candidate,small_or_isolated_candidate,889.4997900670897,FALSE,FALSE,FALSE,0.125,FALSE,NA,FALSE,all_pairs_combn
N212,N51,1,1,small_or_isolated_candidate,small_or_isolated_candidate,889.6242241626906,FALSE,FALSE,FALSE,0.125,FALSE,NA,FALSE,all_pairs_combn
N140,N94,1,1,small_or_isolated_candidate,small_or_isolated_candidate,889.9865418563264,FALSE,FALSE,FALSE,0.125,FALSE,NA,FALSE,all_pairs_combn
N150,N33,1,1,small_or_isolated_candidate,small_or_isolated_candidate,890.3445701497607,FALSE,FALSE,FALSE,0.125,FALSE,NA,FALSE,all_pairs_combn
N212,N52,1,1,small_or_isolated_candidate,small_or_isolated_candidate,890.5246993965052,FALSE,FALSE,FALSE,0.125,FALSE,NA,FALSE,all_pairs_combn
N207,N32,1,1,small_or_isolated_candidate,small_or_isolated_candidate,890.6092785388524,FALSE,FALSE,FALSE,0.125,FALSE,NA,FALSE,all_pairs_combn
N117,N49,1,1,small_or_isolated_candidate,small_or_isolated_candidate,890.6574698393065,FALSE,FALSE,FALSE,0.125,FALSE,NA,FALSE,all_pairs_combn
N144,N61,1,1,small_or_isolated_candidate,small_or_isolated_candidate,890.981361887024,FALSE,FALSE,FALSE,0.125,FALSE,NA,FALSE,all_pairs_combn
N129,N137,1,1,small_or_isolated_candidate,small_or_isolated_candidate,890.9858691898988,FALSE,FALSE,FALSE,0.125,FALSE,NA,FALSE,all_pairs_combn
N113,N18,1,1,small_or_isolated_candidate,small_or_isolated_candidate,891.0959198604892,FALSE,FALSE,FALSE,0.125,FALSE,NA,FALSE,all_pairs_combn
N21,N211,1,1,small_or_isolated_candidate,small_or_isolated_candidate,891.9178815585094,FALSE,FALSE,FALSE,0.125,FALSE,NA,FALSE,all_pairs_combn
N117,N50,1,1,small_or_isolated_candidate,small_or_isolated_candidate,892.9142905643484,FALSE,FALSE,FALSE,0.125,FALSE,NA,FALSE,all_pairs_combn
N117,N94,1,1,small_or_isolated_candidate,small_or_isolated_candidate,892.999045701437,FALSE,FALSE,FALSE,0.125,FALSE,NA,FALSE,all_pairs_combn
N149,N66,1,1,small_or_isolated_candidate,small_or_isolated_candidate,893.3264128882487,FALSE,FALSE,FALSE,0.125,FALSE,NA,FALSE,all_pairs_combn
N144,N65,1,1,small_or_isolated_candidate,small_or_isolated_candidate,893.4359881010764,FALSE,FALSE,FALSE,0.125,FALSE,NA,FALSE,all_pairs_combn
N132,N66,1,1,small_or_isolated_candidate,small_or_isolated_candidate,893.5376969353633,FALSE,FALSE,FALSE,0.125,FALSE,NA,FALSE,all_pairs_combn
N142,N62,1,1,small_or_isolated_candidate,small_or_isolated_candidate,893.999401140714,FALSE,FALSE,FALSE,0.125,FALSE,NA,FALSE,all_pairs_combn
N145,N92,1,1,small_or_isolated_candidate,small_or_isolated_candidate,894.010845648407,FALSE,FALSE,FALSE,0.125,FALSE,NA,FALSE,all_pairs_combn
N149,N63,1,1,small_or_isolated_candidate,small_or_isolated_candidate,894.2285362997989,FALSE,FALSE,FALSE,0.125,FALSE,NA,FALSE,all_pairs_combn
N294,N95,1,1,small_or_isolated_candidate,small_or_isolated_candidate,894.3360473341627,FALSE,FALSE,FALSE,0.125,FALSE,NA,FALSE,all_pairs_combn
N132,N63,1,1,small_or_isolated_candidate,small_or_isolated_candidate,894.4812981232385,FALSE,FALSE,FALSE,0.125,FALSE,NA,FALSE,all_pairs_combn
N144,N22,1,1,small_or_isolated_candidate,small_or_isolated_candidate,894.804074798124,FALSE,FALSE,FALSE,0.125,FALSE,NA,FALSE,all_pairs_combn
N132,N62,1,1,small_or_isolated_candidate,small_or_isolated_candidate,894.892818002492,FALSE,FALSE,FALSE,0.125,FALSE,NA,FALSE,all_pairs_combn
N144,N92,1,1,small_or_isolated_candidate,small_or_isolated_candidate,895.1462944162079,FALSE,FALSE,FALSE,0.125,FALSE,NA,FALSE,all_pairs_combn
N114,N122,1,1,small_or_isolated_candidate,small_or_isolated_candidate,895.2066152481972,FALSE,FALSE,FALSE,0.125,FALSE,NA,FALSE,all_pairs_combn
N150,N71,1,1,small_or_isolated_candidate,small_or_isolated_candidate,895.6108796074839,FALSE,FALSE,FALSE,0.125,FALSE,NA,FALSE,all_pairs_combn
N114,N121,1,1,small_or_isolated_candidate,small_or_isolated_candidate,896.0394982645009,FALSE,FALSE,FALSE,0.125,FALSE,NA,FALSE,all_pairs_combn
N144,N62,1,1,small_or_isolated_candidate,small_or_isolated_candidate,896.9770473430422,FALSE,FALSE,FALSE,0.125,FALSE,NA,FALSE,all_pairs_combn
N104,N36,1,1,small_or_isolated_candidate,small_or_isolated_candidate,897.3859726901999,FALSE,FALSE,FALSE,0.125,FALSE,NA,FALSE,all_pairs_combn
N131,N206,1,1,small_or_isolated_candidate,small_or_isolated_candidate,897.3906323502489,FALSE,FALSE,FALSE,0.125,FALSE,NA,FALSE,all_pairs_combn
N114,N123,1,1,small_or_isolated_candidate,small_or_isolated_candidate,897.8515016270717,FALSE,FALSE,FALSE,0.125,FALSE,NA,FALSE,all_pairs_combn
N104,N35,1,1,small_or_isolated_candidate,small_or_isolated_candidate,898.2341282923965,FALSE,FALSE,FALSE,0.125,FALSE,NA,FALSE,all_pairs_combn
N146,N92,1,1,small_or_isolated_candidate,small_or_isolated_candidate,899.4458133207157,FALSE,FALSE,FALSE,0.125,FALSE,NA,FALSE,all_pairs_combn
N129,N33,1,1,small_or_isolated_candidate,small_or_isolated_candidate,899.5241386025888,FALSE,FALSE,FALSE,0.125,FALSE,NA,FALSE,all_pairs_combn
N113,N48,1,1,small_or_isolated_candidate,small_or_isolated_candidate,900.042475275301,FALSE,FALSE,FALSE,0.125,FALSE,NA,FALSE,all_pairs_combn
N113,N17,1,1,small_or_isolated_candidate,small_or_isolated_candidate,900.1115997035192,FALSE,FALSE,FALSE,0.125,FALSE,NA,FALSE,all_pairs_combn
N300,N62,1,1,small_or_isolated_candidate,small_or_isolated_candidate,900.7037891854641,FALSE,FALSE,FALSE,0.125,FALSE,NA,FALSE,all_pairs_combn
N110,N36,1,1,small_or_isolated_candidate,small_or_isolated_candidate,900.8858646066934,FALSE,FALSE,FALSE,0.125,FALSE,NA,FALSE,all_pairs_combn
N304,N62,1,1,small_or_isolated_candidate,small_or_isolated_candidate,901.3227772447822,FALSE,FALSE,FALSE,0.125,FALSE,NA,FALSE,all_pairs_combn
N126,N128,1,1,small_or_isolated_candidate,small_or_isolated_candidate,901.3632476265808,FALSE,FALSE,FALSE,0.125,FALSE,NA,FALSE,all_pairs_combn
N129,N51,1,1,small_or_isolated_candidate,small_or_isolated_candidate,901.5306811784869,FALSE,FALSE,FALSE,0.125,FALSE,NA,FALSE,all_pairs_combn
N142,N66,1,1,small_or_isolated_candidate,small_or_isolated_candidate,901.8589359441771,FALSE,FALSE,FALSE,0.125,FALSE,NA,FALSE,all_pairs_combn
N144,N95,1,1,small_or_isolated_candidate,small_or_isolated_candidate,901.991704645992,FALSE,FALSE,FALSE,0.125,FALSE,NA,FALSE,all_pairs_combn
N120,N150,1,1,small_or_isolated_candidate,small_or_isolated_candidate,902.164355558298,FALSE,FALSE,FALSE,0.125,FALSE,NA,FALSE,all_pairs_combn
N294,N94,1,1,small_or_isolated_candidate,small_or_isolated_candidate,902.2517628156198,FALSE,FALSE,FALSE,0.125,FALSE,NA,FALSE,all_pairs_combn
N211,N93,1,1,small_or_isolated_candidate,small_or_isolated_candidate,902.346534889056,FALSE,FALSE,FALSE,0.125,FALSE,NA,FALSE,all_pairs_combn
N129,N52,1,1,small_or_isolated_candidate,small_or_isolated_candidate,902.5234544486805,FALSE,FALSE,FALSE,0.125,FALSE,NA,FALSE,all_pairs_combn
N300,N66,1,1,small_or_isolated_candidate,small_or_isolated_candidate,902.5624343521314,FALSE,FALSE,FALSE,0.125,FALSE,NA,FALSE,all_pairs_combn
N304,N66,1,1,small_or_isolated_candidate,small_or_isolated_candidate,902.8126879202276,FALSE,FALSE,FALSE,0.125,FALSE,NA,FALSE,all_pairs_combn
N113,N206,1,1,small_or_isolated_candidate,small_or_isolated_candidate,902.8150349377993,FALSE,FALSE,FALSE,0.125,FALSE,NA,FALSE,all_pairs_combn
N142,N63,1,1,small_or_isolated_candidate,small_or_isolated_candidate,902.8158142454246,FALSE,FALSE,FALSE,0.125,FALSE,NA,FALSE,all_pairs_combn
N141,N69,1,1,small_or_isolated_candidate,small_or_isolated_candidate,902.9781007687315,FALSE,FALSE,FALSE,0.125,FALSE,NA,FALSE,all_pairs_combn
N119,N32,1,1,small_or_isolated_candidate,small_or_isolated_candidate,903.2183533973309,FALSE,FALSE,FALSE,0.125,FALSE,NA,FALSE,all_pairs_combn
N300,N63,1,1,small_or_isolated_candidate,small_or_isolated_candidate,903.5529538914277,FALSE,FALSE,FALSE,0.125,FALSE,NA,FALSE,all_pairs_combn
N143,N61,1,1,small_or_isolated_candidate,small_or_isolated_candidate,903.7085985714014,FALSE,FALSE,FALSE,0.125,FALSE,NA,FALSE,all_pairs_combn
N304,N63,1,1,small_or_isolated_candidate,small_or_isolated_candidate,903.7999664104896,FALSE,FALSE,FALSE,0.125,FALSE,NA,FALSE,all_pairs_combn
N126,N127,1,1,small_or_isolated_candidate,small_or_isolated_candidate,903.8821381878599,FALSE,FALSE,FALSE,0.125,FALSE,NA,FALSE,all_pairs_combn
N21,N296,1,1,small_or_isolated_candidate,small_or_isolated_candidate,903.988091200353,FALSE,FALSE,FALSE,0.125,FALSE,NA,FALSE,all_pairs_combn
N143,N22,1,1,small_or_isolated_candidate,small_or_isolated_candidate,904.1679131928225,FALSE,FALSE,FALSE,0.125,FALSE,NA,FALSE,all_pairs_combn
N32,N93,1,1,small_or_isolated_candidate,small_or_isolated_candidate,904.7955880997055,FALSE,FALSE,FALSE,0.125,FALSE,NA,FALSE,all_pairs_combn
N118,N21,1,1,small_or_isolated_candidate,small_or_isolated_candidate,904.9206623114854,FALSE,FALSE,FALSE,0.125,FALSE,NA,FALSE,all_pairs_combn
N136,N206,1,1,small_or_isolated_candidate,small_or_isolated_candidate,904.9737979285674,FALSE,FALSE,FALSE,0.125,FALSE,NA,FALSE,all_pairs_combn
N149,N92,1,1,small_or_isolated_candidate,small_or_isolated_candidate,905.0236556064978,FALSE,FALSE,FALSE,0.125,FALSE,NA,FALSE,all_pairs_combn
N132,N137,1,1,small_or_isolated_candidate,small_or_isolated_candidate,905.1359611014396,FALSE,FALSE,FALSE,0.125,FALSE,NA,FALSE,all_pairs_combn
N125,N51,1,1,small_or_isolated_candidate,small_or_isolated_candidate,905.1972380985084,FALSE,FALSE,FALSE,0.125,FALSE,NA,FALSE,all_pairs_combn
N143,N65,1,1,small_or_isolated_candidate,small_or_isolated_candidate,905.7436672179194,FALSE,FALSE,FALSE,0.125,FALSE,NA,FALSE,all_pairs_combn
N119,N62,1,1,small_or_isolated_candidate,small_or_isolated_candidate,905.7834399169994,FALSE,FALSE,FALSE,0.125,FALSE,NA,FALSE,all_pairs_combn
N114,N150,1,1,small_or_isolated_candidate,small_or_isolated_candidate,905.8650101010537,FALSE,FALSE,FALSE,0.125,FALSE,NA,FALSE,all_pairs_combn
N20,N211,1,1,small_or_isolated_candidate,small_or_isolated_candidate,905.9505930119345,FALSE,FALSE,FALSE,0.125,FALSE,NA,FALSE,all_pairs_combn
N125,N52,1,1,small_or_isolated_candidate,small_or_isolated_candidate,906.1880947392838,FALSE,FALSE,FALSE,0.125,FALSE,NA,FALSE,all_pairs_combn
N10,N138,1,1,small_or_isolated_candidate,small_or_isolated_candidate,907.0654675240263,FALSE,FALSE,FALSE,0.125,FALSE,NA,FALSE,all_pairs_combn
N207,N48,1,1,small_or_isolated_candidate,small_or_isolated_candidate,907.1727685192491,FALSE,FALSE,FALSE,0.125,FALSE,NA,FALSE,all_pairs_combn
N10,N157,1,1,small_or_isolated_candidate,small_or_isolated_candidate,907.2352662734685,FALSE,FALSE,FALSE,0.125,FALSE,NA,FALSE,all_pairs_combn
N144,N66,1,1,small_or_isolated_candidate,small_or_isolated_candidate,907.5606500974407,FALSE,FALSE,FALSE,0.125,FALSE,NA,FALSE,all_pairs_combn
N140,N69,1,1,small_or_isolated_candidate,small_or_isolated_candidate,907.5925704612566,FALSE,FALSE,FALSE,0.125,FALSE,NA,FALSE,all_pairs_combn
N182,N259,1,1,small_or_isolated_candidate,small_or_isolated_candidate,907.7115113422491,FALSE,FALSE,FALSE,0.125,FALSE,NA,FALSE,all_pairs_combn
N126,N62,1,1,small_or_isolated_candidate,small_or_isolated_candidate,908.3417504092378,FALSE,FALSE,FALSE,0.125,FALSE,NA,FALSE,all_pairs_combn
N110,N296,1,1,small_or_isolated_candidate,small_or_isolated_candidate,908.4099817260009,FALSE,FALSE,FALSE,0.125,FALSE,NA,FALSE,all_pairs_combn
N144,N63,1,1,small_or_isolated_candidate,small_or_isolated_candidate,908.4324569424931,FALSE,FALSE,FALSE,0.125,FALSE,NA,FALSE,all_pairs_combn
N212,N24,1,1,small_or_isolated_candidate,small_or_isolated_candidate,908.6079210832243,FALSE,FALSE,FALSE,0.125,FALSE,NA,FALSE,all_pairs_combn
N148,N49,1,1,small_or_isolated_candidate,small_or_isolated_candidate,908.7517000298045,FALSE,FALSE,FALSE,0.125,FALSE,NA,FALSE,all_pairs_combn
N119,N61,1,1,small_or_isolated_candidate,small_or_isolated_candidate,908.9259319630232,FALSE,FALSE,FALSE,0.125,FALSE,NA,FALSE,all_pairs_combn
N120,N121,1,1,small_or_isolated_candidate,small_or_isolated_candidate,909.1459175090984,FALSE,FALSE,FALSE,0.125,FALSE,NA,FALSE,all_pairs_combn
N120,N122,1,1,small_or_isolated_candidate,small_or_isolated_candidate,909.2911994708862,FALSE,FALSE,FALSE,0.125,FALSE,NA,FALSE,all_pairs_combn
N147,N22,1,1,small_or_isolated_candidate,small_or_isolated_candidate,909.3412195086624,FALSE,FALSE,FALSE,0.125,FALSE,NA,FALSE,all_pairs_combn
N110,N35,1,1,small_or_isolated_candidate,small_or_isolated_candidate,909.7079108056946,FALSE,FALSE,FALSE,0.125,FALSE,NA,FALSE,all_pairs_combn
N146,N95,1,1,small_or_isolated_candidate,small_or_isolated_candidate,910.2081040191464,FALSE,FALSE,FALSE,0.125,FALSE,NA,FALSE,all_pairs_combn
N35,N95,1,1,small_or_isolated_candidate,small_or_isolated_candidate,910.5341023741578,FALSE,FALSE,FALSE,0.125,FALSE,NA,FALSE,all_pairs_combn
N143,N62,1,1,small_or_isolated_candidate,small_or_isolated_candidate,910.5646091635566,FALSE,FALSE,FALSE,0.125,FALSE,NA,FALSE,all_pairs_combn
N136,N151,1,1,small_or_isolated_candidate,small_or_isolated_candidate,910.6310778839577,FALSE,FALSE,FALSE,0.125,FALSE,NA,FALSE,all_pairs_combn
N134,N95,1,1,small_or_isolated_candidate,small_or_isolated_candidate,910.6329806118576,FALSE,FALSE,FALSE,0.125,FALSE,NA,FALSE,all_pairs_combn
N134,N30,1,1,small_or_isolated_candidate,small_or_isolated_candidate,910.9356082633825,FALSE,FALSE,FALSE,0.125,FALSE,NA,FALSE,all_pairs_combn
N143,N92,1,1,small_or_isolated_candidate,small_or_isolated_candidate,911.4930153481121,FALSE,FALSE,FALSE,0.125,FALSE,NA,FALSE,all_pairs_combn
N120,N123,1,1,small_or_isolated_candidate,small_or_isolated_candidate,911.5421063023729,FALSE,FALSE,FALSE,0.125,FALSE,NA,FALSE,all_pairs_combn
N151,N296,1,1,small_or_isolated_candidate,small_or_isolated_candidate,911.6133197725295,FALSE,FALSE,FALSE,0.125,FALSE,NA,FALSE,all_pairs_combn
N148,N50,1,1,small_or_isolated_candidate,small_or_isolated_candidate,911.6734402390276,FALSE,FALSE,FALSE,0.125,FALSE,NA,FALSE,all_pairs_combn
N147,N96,1,1,small_or_isolated_candidate,small_or_isolated_candidate,912.3030542448291,FALSE,FALSE,FALSE,0.125,FALSE,NA,FALSE,all_pairs_combn
N134,N92,1,1,small_or_isolated_candidate,small_or_isolated_candidate,912.5997906836337,FALSE,FALSE,FALSE,0.125,FALSE,NA,FALSE,all_pairs_combn
N10,N152,1,1,small_or_isolated_candidate,small_or_isolated_candidate,912.9758128637606,FALSE,FALSE,FALSE,0.125,FALSE,NA,FALSE,all_pairs_combn
N145,N95,1,1,small_or_isolated_candidate,small_or_isolated_candidate,913.1437291920876,FALSE,FALSE,FALSE,0.125,FALSE,NA,FALSE,all_pairs_combn
N10,N153,1,1,small_or_isolated_candidate,small_or_isolated_candidate,913.2454653560478,FALSE,FALSE,FALSE,0.125,FALSE,NA,FALSE,all_pairs_combn
N126,N24,1,1,small_or_isolated_candidate,small_or_isolated_candidate,913.3752210345322,FALSE,FALSE,FALSE,0.125,FALSE,NA,FALSE,all_pairs_combn
N36,N95,1,1,small_or_isolated_candidate,small_or_isolated_candidate,913.7082515796152,FALSE,FALSE,FALSE,0.125,FALSE,NA,FALSE,all_pairs_combn
N149,N95,1,1,small_or_isolated_candidate,small_or_isolated_candidate,913.8181090351824,FALSE,FALSE,FALSE,0.125,FALSE,NA,FALSE,all_pairs_combn
N144,N94,1,1,small_or_isolated_candidate,small_or_isolated_candidate,913.828378131291,FALSE,FALSE,FALSE,0.125,FALSE,NA,FALSE,all_pairs_combn
N148,N21,1,1,small_or_isolated_candidate,small_or_isolated_candidate,914.482013969966,FALSE,FALSE,FALSE,0.125,FALSE,NA,FALSE,all_pairs_combn
N157,N49,1,1,small_or_isolated_candidate,small_or_isolated_candidate,914.6473223911481,FALSE,FALSE,FALSE,0.125,FALSE,NA,FALSE,all_pairs_combn
N182,N294,1,1,small_or_isolated_candidate,small_or_isolated_candidate,914.8081953928223,FALSE,FALSE,FALSE,0.125,FALSE,NA,FALSE,all_pairs_combn
N128,N65,1,1,small_or_isolated_candidate,small_or_isolated_candidate,914.8554181898179,FALSE,FALSE,FALSE,0.125,FALSE,NA,FALSE,all_pairs_combn
N127,N65,1,1,small_or_isolated_candidate,small_or_isolated_candidate,914.8789334497508,FALSE,FALSE,FALSE,0.125,FALSE,NA,FALSE,all_pairs_combn
N128,N138,1,1,small_or_isolated_candidate,small_or_isolated_candidate,914.964429126274,FALSE,FALSE,FALSE,0.125,FALSE,NA,FALSE,all_pairs_combn
N157,N21,1,1,small_or_isolated_candidate,small_or_isolated_candidate,915.0135904459617,FALSE,FALSE,FALSE,0.125,FALSE,NA,FALSE,all_pairs_combn
N119,N65,1,1,small_or_isolated_candidate,small_or_isolated_candidate,915.4435629482884,FALSE,FALSE,FALSE,0.125,FALSE,NA,FALSE,all_pairs_combn
N112,N305,1,1,small_or_isolated_candidate,small_or_isolated_candidate,916.6041734681158,FALSE,FALSE,FALSE,0.125,FALSE,NA,FALSE,all_pairs_combn
N126,N93,1,1,small_or_isolated_candidate,small_or_isolated_candidate,917.2344608936414,FALSE,FALSE,FALSE,0.125,FALSE,NA,FALSE,all_pairs_combn
N127,N138,1,1,small_or_isolated_candidate,small_or_isolated_candidate,917.3518082786858,FALSE,FALSE,FALSE,0.125,FALSE,NA,FALSE,all_pairs_combn
N125,N137,1,1,small_or_isolated_candidate,small_or_isolated_candidate,917.3834590767643,FALSE,FALSE,FALSE,0.125,FALSE,NA,FALSE,all_pairs_combn
N157,N50,1,1,small_or_isolated_candidate,small_or_isolated_candidate,917.6236554322483,FALSE,FALSE,FALSE,0.125,FALSE,NA,FALSE,all_pairs_combn
N136,N33,1,1,small_or_isolated_candidate,small_or_isolated_candidate,917.6290085515762,FALSE,FALSE,FALSE,0.125,FALSE,NA,FALSE,all_pairs_combn
N119,N66,1,1,small_or_isolated_candidate,small_or_isolated_candidate,917.6781487868749,FALSE,FALSE,FALSE,0.125,FALSE,NA,FALSE,all_pairs_combn
N126,N132,1,1,small_or_isolated_candidate,small_or_isolated_candidate,917.8402413585055,FALSE,FALSE,FALSE,0.125,FALSE,NA,FALSE,all_pairs_combn
N111,N305,1,1,small_or_isolated_candidate,small_or_isolated_candidate,917.9172361878665,FALSE,FALSE,FALSE,0.125,FALSE,NA,FALSE,all_pairs_combn
N292,N93,1,1,small_or_isolated_candidate,small_or_isolated_candidate,918.125679864166,FALSE,FALSE,FALSE,0.125,FALSE,NA,FALSE,all_pairs_combn
N143,N95,1,1,small_or_isolated_candidate,small_or_isolated_candidate,918.4699099777014,FALSE,FALSE,FALSE,0.125,FALSE,NA,FALSE,all_pairs_combn
N119,N63,1,1,small_or_isolated_candidate,small_or_isolated_candidate,918.483483556626,FALSE,FALSE,FALSE,0.125,FALSE,NA,FALSE,all_pairs_combn
N126,N61,1,1,small_or_isolated_candidate,small_or_isolated_candidate,918.5157557603026,FALSE,FALSE,FALSE,0.125,FALSE,NA,FALSE,all_pairs_combn
N35,N94,1,1,small_or_isolated_candidate,small_or_isolated_candidate,918.6530514153953,FALSE,FALSE,FALSE,0.125,FALSE,NA,FALSE,all_pairs_combn
N69,N93,1,1,small_or_isolated_candidate,small_or_isolated_candidate,919.20745003127,FALSE,FALSE,FALSE,0.125,FALSE,NA,FALSE,all_pairs_combn
N296,N49,1,1,small_or_isolated_candidate,small_or_isolated_candidate,919.3633187253636,FALSE,FALSE,FALSE,0.125,FALSE,NA,FALSE,all_pairs_combn
N138,N22,1,1,small_or_isolated_candidate,small_or_isolated_candidate,919.4848981638982,FALSE,FALSE,FALSE,0.125,FALSE,NA,FALSE,all_pairs_combn
N259,N33,1,1,small_or_isolated_candidate,small_or_isolated_candidate,920.1059930360657,FALSE,FALSE,FALSE,0.125,FALSE,NA,FALSE,all_pairs_combn
N132,N138,1,1,small_or_isolated_candidate,small_or_isolated_candidate,920.1279692049071,FALSE,FALSE,FALSE,0.125,FALSE,NA,FALSE,all_pairs_combn
N118,N20,1,1,small_or_isolated_candidate,small_or_isolated_candidate,920.1473006490942,FALSE,FALSE,FALSE,0.125,FALSE,NA,FALSE,all_pairs_combn
N307,N96,1,1,small_or_isolated_candidate,small_or_isolated_candidate,920.2321162173947,FALSE,FALSE,FALSE,0.125,FALSE,NA,FALSE,all_pairs_combn
N145,N94,1,1,small_or_isolated_candidate,small_or_isolated_candidate,920.429149575818,FALSE,FALSE,FALSE,0.125,FALSE,NA,FALSE,all_pairs_combn
N146,N94,1,1,small_or_isolated_candidate,small_or_isolated_candidate,920.9084387720945,FALSE,FALSE,FALSE,0.125,FALSE,NA,FALSE,all_pairs_combn
N143,N66,1,1,small_or_isolated_candidate,small_or_isolated_candidate,921.0221345832214,FALSE,FALSE,FALSE,0.125,FALSE,NA,FALSE,all_pairs_combn
N110,N207,1,1,small_or_isolated_candidate,small_or_isolated_candidate,921.0925380002957,FALSE,FALSE,FALSE,0.125,FALSE,NA,FALSE,all_pairs_combn
N126,N66,1,1,small_or_isolated_candidate,small_or_isolated_candidate,921.1261664658864,FALSE,FALSE,FALSE,0.125,FALSE,NA,FALSE,all_pairs_combn
N10,N119,1,1,small_or_isolated_candidate,small_or_isolated_candidate,921.6014075522935,FALSE,FALSE,FALSE,0.125,FALSE,NA,FALSE,all_pairs_combn
N132,N135,1,1,small_or_isolated_candidate,small_or_isolated_candidate,921.7730724100394,FALSE,FALSE,FALSE,0.125,FALSE,NA,FALSE,all_pairs_combn
N119,N33,1,1,small_or_isolated_candidate,small_or_isolated_candidate,921.807108209181,FALSE,FALSE,FALSE,0.125,FALSE,NA,FALSE,all_pairs_combn
N126,N63,1,1,small_or_isolated_candidate,small_or_isolated_candidate,921.8715944530481,FALSE,FALSE,FALSE,0.125,FALSE,NA,FALSE,all_pairs_combn
N124,N95,1,1,small_or_isolated_candidate,small_or_isolated_candidate,921.8902979071157,FALSE,FALSE,FALSE,0.125,FALSE,NA,FALSE,all_pairs_combn
N143,N63,1,1,small_or_isolated_candidate,small_or_isolated_candidate,921.8993225897162,FALSE,FALSE,FALSE,0.125,FALSE,NA,FALSE,all_pairs_combn
N117,N21,1,1,small_or_isolated_candidate,small_or_isolated_candidate,921.9259930455763,FALSE,FALSE,FALSE,0.125,FALSE,NA,FALSE,all_pairs_combn
N36,N94,1,1,small_or_isolated_candidate,small_or_isolated_candidate,922.1842170209175,FALSE,FALSE,FALSE,0.125,FALSE,NA,FALSE,all_pairs_combn
N296,N50,1,1,small_or_isolated_candidate,small_or_isolated_candidate,922.347959364714,FALSE,FALSE,FALSE,0.125,FALSE,NA,FALSE,all_pairs_combn
N134,N49,1,1,small_or_isolated_candidate,small_or_isolated_candidate,922.7565505715801,FALSE,FALSE,FALSE,0.125,FALSE,NA,FALSE,all_pairs_combn
N112,N300,1,1,small_or_isolated_candidate,small_or_isolated_candidate,922.9325452273158,FALSE,FALSE,FALSE,0.125,FALSE,NA,FALSE,all_pairs_combn
N20,N296,1,1,small_or_isolated_candidate,small_or_isolated_candidate,923.9964565484005,FALSE,FALSE,FALSE,0.125,FALSE,NA,FALSE,all_pairs_combn
N111,N300,1,1,small_or_isolated_candidate,small_or_isolated_candidate,924.0964807601732,FALSE,FALSE,FALSE,0.125,FALSE,NA,FALSE,all_pairs_combn
N141,N93,1,1,small_or_isolated_candidate,small_or_isolated_candidate,924.1507357365767,FALSE,FALSE,FALSE,0.125,FALSE,NA,FALSE,all_pairs_combn
N134,N94,1,1,small_or_isolated_candidate,small_or_isolated_candidate,924.1817867181692,FALSE,FALSE,FALSE,0.125,FALSE,NA,FALSE,all_pairs_combn
N124,N92,1,1,small_or_isolated_candidate,small_or_isolated_candidate,924.2398409559146,FALSE,FALSE,FALSE,0.125,FALSE,NA,FALSE,all_pairs_combn
N133,N69,1,1,small_or_isolated_candidate,small_or_isolated_candidate,924.8181403220553,FALSE,FALSE,FALSE,0.125,FALSE,NA,FALSE,all_pairs_combn
N134,N50,1,1,small_or_isolated_candidate,small_or_isolated_candidate,925.0255472109611,FALSE,FALSE,FALSE,0.125,FALSE,NA,FALSE,all_pairs_combn
N149,N94,1,1,small_or_isolated_candidate,small_or_isolated_candidate,925.1213183150893,FALSE,FALSE,FALSE,0.125,FALSE,NA,FALSE,all_pairs_combn
N107,N36,1,1,small_or_isolated_candidate,small_or_isolated_candidate,925.1765141238322,FALSE,FALSE,FALSE,0.125,FALSE,NA,FALSE,all_pairs_combn
N133,N19,1,1,small_or_isolated_candidate,small_or_isolated_candidate,925.5318447651177,FALSE,FALSE,FALSE,0.125,FALSE,NA,FALSE,all_pairs_combn
N152,N21,1,1,small_or_isolated_candidate,small_or_isolated_candidate,926.4675535990575,FALSE,FALSE,FALSE,0.125,FALSE,NA,FALSE,all_pairs_combn
N140,N93,1,1,small_or_isolated_candidate,small_or_isolated_candidate,926.6245965822351,FALSE,FALSE,FALSE,0.125,FALSE,NA,FALSE,all_pairs_combn
N107,N35,1,1,small_or_isolated_candidate,small_or_isolated_candidate,926.765213908486,FALSE,FALSE,FALSE,0.125,FALSE,NA,FALSE,all_pairs_combn
N34,N51,1,1,small_or_isolated_candidate,small_or_isolated_candidate,926.8713856708313,FALSE,FALSE,FALSE,0.125,FALSE,NA,FALSE,all_pairs_combn
N124,N30,1,1,small_or_isolated_candidate,small_or_isolated_candidate,926.8760828677224,FALSE,FALSE,FALSE,0.125,FALSE,NA,FALSE,all_pairs_combn
N133,N30,1,1,small_or_isolated_candidate,small_or_isolated_candidate,926.9687509462752,FALSE,FALSE,FALSE,0.125,FALSE,NA,FALSE,all_pairs_combn
N134,N137,1,1,small_or_isolated_candidate,small_or_isolated_candidate,927.0402363279402,FALSE,FALSE,FALSE,0.125,FALSE,NA,FALSE,all_pairs_combn
N34,N52,1,1,small_or_isolated_candidate,small_or_isolated_candidate,927.3785982616539,FALSE,FALSE,FALSE,0.125,FALSE,NA,FALSE,all_pairs_combn
N10,N148,1,1,small_or_isolated_candidate,small_or_isolated_candidate,927.3804627329591,FALSE,FALSE,FALSE,0.125,FALSE,NA,FALSE,all_pairs_combn
N152,N49,1,1,small_or_isolated_candidate,small_or_isolated_candidate,927.4659124144432,FALSE,FALSE,FALSE,0.125,FALSE,NA,FALSE,all_pairs_combn
N153,N21,1,1,small_or_isolated_candidate,small_or_isolated_candidate,927.6214633095278,FALSE,FALSE,FALSE,0.125,FALSE,NA,FALSE,all_pairs_combn
N126,N65,1,1,small_or_isolated_candidate,small_or_isolated_candidate,928.0967779604252,FALSE,FALSE,FALSE,0.125,FALSE,NA,FALSE,all_pairs_combn
N107,N148,1,1,small_or_isolated_candidate,small_or_isolated_candidate,928.2118249443155,FALSE,FALSE,FALSE,0.125,FALSE,NA,FALSE,all_pairs_combn
N153,N49,1,1,small_or_isolated_candidate,small_or_isolated_candidate,928.8367073888837,FALSE,FALSE,FALSE,0.125,FALSE,NA,FALSE,all_pairs_combn
N124,N137,1,1,small_or_isolated_candidate,small_or_isolated_candidate,929.0385505750746,FALSE,FALSE,FALSE,0.125,FALSE,NA,FALSE,all_pairs_combn
N120,N294,1,1,small_or_isolated_candidate,small_or_isolated_candidate,929.1627346527596,FALSE,FALSE,FALSE,0.125,FALSE,NA,FALSE,all_pairs_combn
N118,N19,1,1,small_or_isolated_candidate,small_or_isolated_candidate,929.63348435442,FALSE,FALSE,FALSE,0.125,FALSE,NA,FALSE,all_pairs_combn
N292,N34,1,1,small_or_isolated_candidate,small_or_isolated_candidate,930.0365702775027,FALSE,FALSE,FALSE,0.125,FALSE,NA,FALSE,all_pairs_combn
N143,N94,1,1,small_or_isolated_candidate,small_or_isolated_candidate,930.2740479548228,FALSE,FALSE,FALSE,0.125,FALSE,NA,FALSE,all_pairs_combn
N152,N50,1,1,small_or_isolated_candidate,small_or_isolated_candidate,930.4518118199293,FALSE,FALSE,FALSE,0.125,FALSE,NA,FALSE,all_pairs_combn
N153,N50,1,1,small_or_isolated_candidate,small_or_isolated_candidate,931.8239855214663,FALSE,FALSE,FALSE,0.125,FALSE,NA,FALSE,all_pairs_combn
N141,N207,1,1,small_or_isolated_candidate,small_or_isolated_candidate,932.6542295186815,FALSE,FALSE,FALSE,0.125,FALSE,NA,FALSE,all_pairs_combn
N19,N211,1,1,small_or_isolated_candidate,small_or_isolated_candidate,932.7787685815752,FALSE,FALSE,FALSE,0.125,FALSE,NA,FALSE,all_pairs_combn
N294,N93,1,1,small_or_isolated_candidate,small_or_isolated_candidate,932.9049764016961,FALSE,FALSE,FALSE,0.125,FALSE,NA,FALSE,all_pairs_combn
N211,N62,1,1,small_or_isolated_candidate,small_or_isolated_candidate,932.9453582029776,FALSE,FALSE,FALSE,0.125,FALSE,NA,FALSE,all_pairs_combn
N133,N51,1,1,small_or_isolated_candidate,small_or_isolated_candidate,933.1377084273258,FALSE,FALSE,FALSE,0.125,FALSE,NA,FALSE,all_pairs_combn
N34,N62,1,1,small_or_isolated_candidate,small_or_isolated_candidate,933.4053484006794,FALSE,FALSE,FALSE,0.125,FALSE,NA,FALSE,all_pairs_combn
N120,N259,1,1,small_or_isolated_candidate,small_or_isolated_candidate,933.5569140206408,FALSE,FALSE,FALSE,0.125,FALSE,NA,FALSE,all_pairs_combn
N133,N52,1,1,small_or_isolated_candidate,small_or_isolated_candidate,934.0269689584005,FALSE,FALSE,FALSE,0.125,FALSE,NA,FALSE,all_pairs_combn
N111,N31,1,1,small_or_isolated_candidate,small_or_isolated_candidate,934.0462906542144,FALSE,FALSE,FALSE,0.125,FALSE,NA,FALSE,all_pairs_combn
N148,N20,1,1,small_or_isolated_candidate,small_or_isolated_candidate,934.0777661005848,FALSE,FALSE,FALSE,0.125,FALSE,NA,FALSE,all_pairs_combn
N150,N32,1,1,small_or_isolated_candidate,small_or_isolated_candidate,934.3765205594075,FALSE,FALSE,FALSE,0.125,FALSE,NA,FALSE,all_pairs_combn
N157,N20,1,1,small_or_isolated_candidate,small_or_isolated_candidate,934.9693635247446,FALSE,FALSE,FALSE,0.125,FALSE,NA,FALSE,all_pairs_combn
N124,N94,1,1,small_or_isolated_candidate,small_or_isolated_candidate,935.4887260820552,FALSE,FALSE,FALSE,0.125,FALSE,NA,FALSE,all_pairs_combn
N11,N113,1,1,small_or_isolated_candidate,small_or_isolated_candidate,935.9556659115959,FALSE,FALSE,FALSE,0.125,FALSE,NA,FALSE,all_pairs_combn
N112,N31,1,1,small_or_isolated_candidate,small_or_isolated_candidate,936.2976955186526,FALSE,FALSE,FALSE,0.125,FALSE,NA,FALSE,all_pairs_combn
N140,N207,1,1,small_or_isolated_candidate,small_or_isolated_candidate,936.3119000637208,FALSE,FALSE,FALSE,0.125,FALSE,NA,FALSE,all_pairs_combn
N308,N92,1,1,small_or_isolated_candidate,small_or_isolated_candidate,936.4160299380394,FALSE,FALSE,FALSE,0.125,FALSE,NA,FALSE,all_pairs_combn
N112,N304,1,1,small_or_isolated_candidate,small_or_isolated_candidate,936.8464539288977,FALSE,FALSE,FALSE,0.125,FALSE,NA,FALSE,all_pairs_combn
N128,N61,1,1,small_or_isolated_candidate,small_or_isolated_candidate,936.9212397710745,FALSE,FALSE,FALSE,0.125,FALSE,NA,FALSE,all_pairs_combn
N127,N61,1,1,small_or_isolated_candidate,small_or_isolated_candidate,937.0213175756759,FALSE,FALSE,FALSE,0.125,FALSE,NA,FALSE,all_pairs_combn
N126,N137,1,1,small_or_isolated_candidate,small_or_isolated_candidate,937.2389014741528,FALSE,FALSE,FALSE,0.125,FALSE,NA,FALSE,all_pairs_combn
N117,N20,1,1,small_or_isolated_candidate,small_or_isolated_candidate,937.2547535308706,FALSE,FALSE,FALSE,0.125,FALSE,NA,FALSE,all_pairs_combn
N111,N304,1,1,small_or_isolated_candidate,small_or_isolated_candidate,938.0663691907057,FALSE,FALSE,FALSE,0.125,FALSE,NA,FALSE,all_pairs_combn
N124,N49,1,1,small_or_isolated_candidate,small_or_isolated_candidate,938.1069134858969,FALSE,FALSE,FALSE,0.125,FALSE,NA,FALSE,all_pairs_combn
N147,N65,1,1,small_or_isolated_candidate,small_or_isolated_candidate,939.3731239167515,FALSE,FALSE,FALSE,0.125,FALSE,NA,FALSE,all_pairs_combn
N35,N92,1,1,small_or_isolated_candidate,small_or_isolated_candidate,939.6281915269494,FALSE,FALSE,FALSE,0.125,FALSE,NA,FALSE,all_pairs_combn
N124,N50,1,1,small_or_isolated_candidate,small_or_isolated_candidate,940.36389514938,FALSE,FALSE,FALSE,0.125,FALSE,NA,FALSE,all_pairs_combn
N117,N137,1,1,small_or_isolated_candidate,small_or_isolated_candidate,940.5153683853105,FALSE,FALSE,FALSE,0.125,FALSE,NA,FALSE,all_pairs_combn
N119,N22,1,1,small_or_isolated_candidate,small_or_isolated_candidate,940.9952367755624,FALSE,FALSE,FALSE,0.125,FALSE,NA,FALSE,all_pairs_combn
N136,N137,1,1,small_or_isolated_candidate,small_or_isolated_candidate,941.42140528981,FALSE,FALSE,FALSE,0.125,FALSE,NA,FALSE,all_pairs_combn
N147,N61,1,1,small_or_isolated_candidate,small_or_isolated_candidate,941.7979411573131,FALSE,FALSE,FALSE,0.125,FALSE,NA,FALSE,all_pairs_combn
N133,N24,1,1,small_or_isolated_candidate,small_or_isolated_candidate,942.4481312189881,FALSE,FALSE,FALSE,0.125,FALSE,NA,FALSE,all_pairs_combn
N36,N92,1,1,small_or_isolated_candidate,small_or_isolated_candidate,942.5419751788334,FALSE,FALSE,FALSE,0.125,FALSE,NA,FALSE,all_pairs_combn
N157,N22,1,1,small_or_isolated_candidate,small_or_isolated_candidate,942.6432315750149,FALSE,FALSE,FALSE,0.125,FALSE,NA,FALSE,all_pairs_combn
N122,N206,1,1,small_or_isolated_candidate,small_or_isolated_candidate,944.4692971346815,FALSE,FALSE,FALSE,0.125,FALSE,NA,FALSE,all_pairs_combn
N117,N19,1,1,small_or_isolated_candidate,small_or_isolated_candidate,944.8148257382666,FALSE,FALSE,FALSE,0.125,FALSE,NA,FALSE,all_pairs_combn
N119,N93,1,1,small_or_isolated_candidate,small_or_isolated_candidate,944.9618045576235,FALSE,FALSE,FALSE,0.125,FALSE,NA,FALSE,all_pairs_combn
N157,N69,1,1,small_or_isolated_candidate,small_or_isolated_candidate,945.067798485604,FALSE,FALSE,FALSE,0.125,FALSE,NA,FALSE,all_pairs_combn
N121,N206,1,1,small_or_isolated_candidate,small_or_isolated_candidate,945.3958824106735,FALSE,FALSE,FALSE,0.125,FALSE,NA,FALSE,all_pairs_combn
N34,N50,1,1,small_or_isolated_candidate,small_or_isolated_candidate,946.3016814492263,FALSE,FALSE,FALSE,0.125,FALSE,NA,FALSE,all_pairs_combn
N34,N49,1,1,small_or_isolated_candidate,small_or_isolated_candidate,946.4790390052297,FALSE,FALSE,FALSE,0.125,FALSE,NA,FALSE,all_pairs_combn
N152,N20,1,1,small_or_isolated_candidate,small_or_isolated_candidate,946.4885680416445,FALSE,FALSE,FALSE,0.125,FALSE,NA,FALSE,all_pairs_combn
N145,N93,1,1,small_or_isolated_candidate,small_or_isolated_candidate,946.5244427180495,FALSE,FALSE,FALSE,0.125,FALSE,NA,FALSE,all_pairs_combn
N211,N66,1,1,small_or_isolated_candidate,small_or_isolated_candidate,946.6633147687646,FALSE,FALSE,FALSE,0.125,FALSE,NA,FALSE,all_pairs_combn
N114,N259,1,1,small_or_isolated_candidate,small_or_isolated_candidate,946.9131009670558,FALSE,FALSE,FALSE,0.125,FALSE,NA,FALSE,all_pairs_combn
N123,N206,1,1,small_or_isolated_candidate,small_or_isolated_candidate,947.1425511568058,FALSE,FALSE,FALSE,0.125,FALSE,NA,FALSE,all_pairs_combn
N129,N30,1,1,small_or_isolated_candidate,small_or_isolated_candidate,947.2110602120113,FALSE,FALSE,FALSE,0.125,FALSE,NA,FALSE,all_pairs_combn
N211,N63,1,1,small_or_isolated_candidate,small_or_isolated_candidate,947.3256680764208,FALSE,FALSE,FALSE,0.125,FALSE,NA,FALSE,all_pairs_combn
N182,N69,1,1,small_or_isolated_candidate,small_or_isolated_candidate,947.3691202021367,FALSE,FALSE,FALSE,0.125,FALSE,NA,FALSE,all_pairs_combn
N153,N20,1,1,small_or_isolated_candidate,small_or_isolated_candidate,947.6517442565555,FALSE,FALSE,FALSE,0.125,FALSE,NA,FALSE,all_pairs_combn
N34,N63,1,1,small_or_isolated_candidate,small_or_isolated_candidate,948.0771858837659,FALSE,FALSE,FALSE,0.125,FALSE,NA,FALSE,all_pairs_combn
N34,N66,1,1,small_or_isolated_candidate,small_or_isolated_candidate,948.1261708413186,FALSE,FALSE,FALSE,0.125,FALSE,NA,FALSE,all_pairs_combn
N136,N32,1,1,small_or_isolated_candidate,small_or_isolated_candidate,948.5167529605919,FALSE,FALSE,FALSE,0.125,FALSE,NA,FALSE,all_pairs_combn
N152,N22,1,1,small_or_isolated_candidate,small_or_isolated_candidate,949.2003993942049,FALSE,FALSE,FALSE,0.125,FALSE,NA,FALSE,all_pairs_combn
N211,N36,1,1,small_or_isolated_candidate,small_or_isolated_candidate,949.2182197661284,FALSE,FALSE,FALSE,0.125,FALSE,NA,FALSE,all_pairs_combn
N125,N95,1,1,small_or_isolated_candidate,small_or_isolated_candidate,949.5429799231748,FALSE,FALSE,FALSE,0.125,FALSE,NA,FALSE,all_pairs_combn
N153,N22,1,1,small_or_isolated_candidate,small_or_isolated_candidate,949.5923524138051,FALSE,FALSE,FALSE,0.125,FALSE,NA,FALSE,all_pairs_combn
N118,N93,1,1,small_or_isolated_candidate,small_or_isolated_candidate,950.8898220674574,FALSE,FALSE,FALSE,0.125,FALSE,NA,FALSE,all_pairs_combn
N118,N137,1,1,small_or_isolated_candidate,small_or_isolated_candidate,951.2688729755993,FALSE,FALSE,FALSE,0.125,FALSE,NA,FALSE,all_pairs_combn
N211,N61,1,1,small_or_isolated_candidate,small_or_isolated_candidate,951.566628972603,FALSE,FALSE,FALSE,0.125,FALSE,NA,FALSE,all_pairs_combn
N125,N92,1,1,small_or_isolated_candidate,small_or_isolated_candidate,952.0893330452263,FALSE,FALSE,FALSE,0.125,FALSE,NA,FALSE,all_pairs_combn
N136,N71,1,1,small_or_isolated_candidate,small_or_isolated_candidate,952.1925581460004,FALSE,FALSE,FALSE,0.125,FALSE,NA,FALSE,all_pairs_combn
N212,N49,1,1,small_or_isolated_candidate,small_or_isolated_candidate,952.6470494340709,FALSE,FALSE,FALSE,0.125,FALSE,NA,FALSE,all_pairs_combn
N67,N69,1,1,small_or_isolated_candidate,small_or_isolated_candidate,953.1507994970276,FALSE,FALSE,FALSE,0.125,FALSE,NA,FALSE,all_pairs_combn
N114,N141,1,1,small_or_isolated_candidate,small_or_isolated_candidate,953.3558625988084,FALSE,FALSE,FALSE,0.125,FALSE,NA,FALSE,all_pairs_combn
N125,N30,1,1,small_or_isolated_candidate,small_or_isolated_candidate,953.6666921682571,FALSE,FALSE,FALSE,0.125,FALSE,NA,FALSE,all_pairs_combn
N134,N21,1,1,small_or_isolated_candidate,small_or_isolated_candidate,953.6888373659568,FALSE,FALSE,FALSE,0.125,FALSE,NA,FALSE,all_pairs_combn
N145,N182,1,1,small_or_isolated_candidate,small_or_isolated_candidate,953.7049329292958,FALSE,FALSE,FALSE,0.125,FALSE,NA,FALSE,all_pairs_combn
N141,N151,1,1,small_or_isolated_candidate,small_or_isolated_candidate,954.4485499965151,FALSE,FALSE,FALSE,0.125,FALSE,NA,FALSE,all_pairs_combn
N131,N19,1,1,small_or_isolated_candidate,small_or_isolated_candidate,954.7991467647065,FALSE,FALSE,FALSE,0.125,FALSE,NA,FALSE,all_pairs_combn
N212,N50,1,1,small_or_isolated_candidate,small_or_isolated_candidate,955.5735964474037,FALSE,FALSE,FALSE,0.125,FALSE,NA,FALSE,all_pairs_combn
N114,N140,1,1,small_or_isolated_candidate,small_or_isolated_candidate,955.9925784321599,FALSE,FALSE,FALSE,0.125,FALSE,NA,FALSE,all_pairs_combn
N112,N296,1,1,small_or_isolated_candidate,small_or_isolated_candidate,956.0199752080716,FALSE,FALSE,FALSE,0.125,FALSE,NA,FALSE,all_pairs_combn
N131,N24,1,1,small_or_isolated_candidate,small_or_isolated_candidate,956.1235716753454,FALSE,FALSE,FALSE,0.125,FALSE,NA,FALSE,all_pairs_combn
N140,N151,1,1,small_or_isolated_candidate,small_or_isolated_candidate,956.1834329148878,FALSE,FALSE,FALSE,0.125,FALSE,NA,FALSE,all_pairs_combn
N308,N95,1,1,small_or_isolated_candidate,small_or_isolated_candidate,956.2028468853875,FALSE,FALSE,FALSE,0.125,FALSE,NA,FALSE,all_pairs_combn
N118,N128,1,1,small_or_isolated_candidate,small_or_isolated_candidate,956.30418561003,FALSE,FALSE,FALSE,0.125,FALSE,NA,FALSE,all_pairs_combn
N10,N126,1,1,small_or_isolated_candidate,small_or_isolated_candidate,956.3576133279083,FALSE,FALSE,FALSE,0.125,FALSE,NA,FALSE,all_pairs_combn
N111,N296,1,1,small_or_isolated_candidate,small_or_isolated_candidate,956.5331124053571,FALSE,FALSE,FALSE,0.125,FALSE,NA,FALSE,all_pairs_combn
N150,N206,1,1,small_or_isolated_candidate,small_or_isolated_candidate,956.7278403659911,FALSE,FALSE,FALSE,0.125,FALSE,NA,FALSE,all_pairs_combn
N118,N62,1,1,small_or_isolated_candidate,small_or_isolated_candidate,957.5715735901408,FALSE,FALSE,FALSE,0.125,FALSE,NA,FALSE,all_pairs_combn
N104,N148,1,1,small_or_isolated_candidate,small_or_isolated_candidate,957.6818315167594,FALSE,FALSE,FALSE,0.125,FALSE,NA,FALSE,all_pairs_combn
N21,N212,1,1,small_or_isolated_candidate,small_or_isolated_candidate,957.9094470458926,FALSE,FALSE,FALSE,0.125,FALSE,NA,FALSE,all_pairs_combn
N147,N62,1,1,small_or_isolated_candidate,small_or_isolated_candidate,958.1311072754388,FALSE,FALSE,FALSE,0.125,FALSE,NA,FALSE,all_pairs_combn
N129,N95,1,1,small_or_isolated_candidate,small_or_isolated_candidate,958.6104851668846,FALSE,FALSE,FALSE,0.125,FALSE,NA,FALSE,all_pairs_combn
N118,N127,1,1,small_or_isolated_candidate,small_or_isolated_candidate,958.8628453154224,FALSE,FALSE,FALSE,0.125,FALSE,NA,FALSE,all_pairs_combn
N107,N305,1,1,small_or_isolated_candidate,small_or_isolated_candidate,959.3867164894726,FALSE,FALSE,FALSE,0.125,FALSE,NA,FALSE,all_pairs_combn
N110,N132,1,1,small_or_isolated_candidate,small_or_isolated_candidate,959.3989397070753,FALSE,FALSE,FALSE,0.125,FALSE,NA,FALSE,all_pairs_combn
N148,N22,1,1,small_or_isolated_candidate,small_or_isolated_candidate,959.816690858504,FALSE,FALSE,FALSE,0.125,FALSE,NA,FALSE,all_pairs_combn
N129,N92,1,1,small_or_isolated_candidate,small_or_isolated_candidate,960.3225094388118,FALSE,FALSE,FALSE,0.125,FALSE,NA,FALSE,all_pairs_combn
N182,N307,1,1,small_or_isolated_candidate,small_or_isolated_candidate,960.454640044103,FALSE,FALSE,FALSE,0.125,FALSE,NA,FALSE,all_pairs_combn
N117,N128,1,1,small_or_isolated_candidate,small_or_isolated_candidate,960.5196698711718,FALSE,FALSE,FALSE,0.125,FALSE,NA,FALSE,all_pairs_combn
N18,N69,1,1,small_or_isolated_candidate,small_or_isolated_candidate,962.1974756670188,FALSE,FALSE,FALSE,0.125,FALSE,NA,FALSE,all_pairs_combn
N129,N49,1,1,small_or_isolated_candidate,small_or_isolated_candidate,962.7791399207857,FALSE,FALSE,FALSE,0.125,FALSE,NA,FALSE,all_pairs_combn
N117,N127,1,1,small_or_isolated_candidate,small_or_isolated_candidate,963.1016766398378,FALSE,FALSE,FALSE,0.125,FALSE,NA,FALSE,all_pairs_combn
N308,N94,1,1,small_or_isolated_candidate,small_or_isolated_candidate,963.1506140468729,FALSE,FALSE,FALSE,0.125,FALSE,NA,FALSE,all_pairs_combn
N125,N94,1,1,small_or_isolated_candidate,small_or_isolated_candidate,963.1672716248416,FALSE,FALSE,FALSE,0.125,FALSE,NA,FALSE,all_pairs_combn
N131,N207,1,1,small_or_isolated_candidate,small_or_isolated_candidate,963.7482799410541,FALSE,FALSE,FALSE,0.125,FALSE,NA,FALSE,all_pairs_combn
N17,N69,1,1,small_or_isolated_candidate,small_or_isolated_candidate,964.382680328379,FALSE,FALSE,FALSE,0.125,FALSE,NA,FALSE,all_pairs_combn
N211,N65,1,1,small_or_isolated_candidate,small_or_isolated_candidate,964.7090315901783,FALSE,FALSE,FALSE,0.125,FALSE,NA,FALSE,all_pairs_combn
N33,N51,1,1,small_or_isolated_candidate,small_or_isolated_candidate,964.7564481341901,FALSE,FALSE,FALSE,0.125,FALSE,NA,FALSE,all_pairs_combn
N142,N92,1,1,small_or_isolated_candidate,small_or_isolated_candidate,964.8562681438849,FALSE,FALSE,FALSE,0.125,FALSE,NA,FALSE,all_pairs_combn
N129,N50,1,1,small_or_isolated_candidate,small_or_isolated_candidate,965.1044973508875,FALSE,FALSE,FALSE,0.125,FALSE,NA,FALSE,all_pairs_combn
N33,N52,1,1,small_or_isolated_candidate,small_or_isolated_candidate,965.2499583230891,FALSE,FALSE,FALSE,0.125,FALSE,NA,FALSE,all_pairs_combn
N125,N49,1,1,small_or_isolated_candidate,small_or_isolated_candidate,965.8690120983217,FALSE,FALSE,FALSE,0.125,FALSE,NA,FALSE,all_pairs_combn
N107,N157,1,1,small_or_isolated_candidate,small_or_isolated_candidate,966.4895362051577,FALSE,FALSE,FALSE,0.125,FALSE,NA,FALSE,all_pairs_combn
N120,N145,1,1,small_or_isolated_candidate,small_or_isolated_candidate,966.5986995085907,FALSE,FALSE,FALSE,0.125,FALSE,NA,FALSE,all_pairs_combn
N294,N69,1,1,small_or_isolated_candidate,small_or_isolated_candidate,966.7919174776182,FALSE,FALSE,FALSE,0.125,FALSE,NA,FALSE,all_pairs_combn
N150,N151,1,1,small_or_isolated_candidate,small_or_isolated_candidate,966.8194989694398,FALSE,FALSE,FALSE,0.125,FALSE,NA,FALSE,all_pairs_combn
N147,N66,1,1,small_or_isolated_candidate,small_or_isolated_candidate,967.0546186304399,FALSE,FALSE,FALSE,0.125,FALSE,NA,FALSE,all_pairs_combn
N10,N212,1,1,small_or_isolated_candidate,small_or_isolated_candidate,967.490805357541,FALSE,FALSE,FALSE,0.125,FALSE,NA,FALSE,all_pairs_combn
N182,N308,1,1,small_or_isolated_candidate,small_or_isolated_candidate,967.5538349234986,FALSE,FALSE,FALSE,0.125,FALSE,NA,FALSE,all_pairs_combn
N33,N62,1,1,small_or_isolated_candidate,small_or_isolated_candidate,967.787392830162,FALSE,FALSE,FALSE,0.125,FALSE,NA,FALSE,all_pairs_combn
N147,N63,1,1,small_or_isolated_candidate,small_or_isolated_candidate,967.9852646699272,FALSE,FALSE,FALSE,0.125,FALSE,NA,FALSE,all_pairs_combn
N307,N92,1,1,small_or_isolated_candidate,small_or_isolated_candidate,968.0677443192632,FALSE,FALSE,FALSE,0.125,FALSE,NA,FALSE,all_pairs_combn
N125,N50,1,1,small_or_isolated_candidate,small_or_isolated_candidate,968.1386264732195,FALSE,FALSE,FALSE,0.125,FALSE,NA,FALSE,all_pairs_combn
N292,N33,1,1,small_or_isolated_candidate,small_or_isolated_candidate,968.2256114764504,FALSE,FALSE,FALSE,0.125,FALSE,NA,FALSE,all_pairs_combn
N134,N20,1,1,small_or_isolated_candidate,small_or_isolated_candidate,969.1150450893865,FALSE,FALSE,FALSE,0.125,FALSE,NA,FALSE,all_pairs_combn
N124,N21,1,1,small_or_isolated_candidate,small_or_isolated_candidate,969.3055955836007,FALSE,FALSE,FALSE,0.125,FALSE,NA,FALSE,all_pairs_combn
N117,N93,1,1,small_or_isolated_candidate,small_or_isolated_candidate,969.3247535807166,FALSE,FALSE,FALSE,0.125,FALSE,NA,FALSE,all_pairs_combn
N292,N32,1,1,small_or_isolated_candidate,small_or_isolated_candidate,969.3827621123148,FALSE,FALSE,FALSE,0.125,FALSE,NA,FALSE,all_pairs_combn
N211,N35,1,1,small_or_isolated_candidate,small_or_isolated_candidate,969.5583444762377,FALSE,FALSE,FALSE,0.125,FALSE,NA,FALSE,all_pairs_combn
N152,N69,1,1,small_or_isolated_candidate,small_or_isolated_candidate,969.9686584736867,FALSE,FALSE,FALSE,0.125,FALSE,NA,FALSE,all_pairs_combn
N120,N307,1,1,small_or_isolated_candidate,small_or_isolated_candidate,970.0397394352296,FALSE,FALSE,FALSE,0.125,FALSE,NA,FALSE,all_pairs_combn
N122,N151,1,1,small_or_isolated_candidate,small_or_isolated_candidate,970.0723444947002,FALSE,FALSE,FALSE,0.125,FALSE,NA,FALSE,all_pairs_combn
N121,N151,1,1,small_or_isolated_candidate,small_or_isolated_candidate,970.148919287902,FALSE,FALSE,FALSE,0.125,FALSE,NA,FALSE,all_pairs_combn
N118,N61,1,1,small_or_isolated_candidate,small_or_isolated_candidate,970.4804875400067,FALSE,FALSE,FALSE,0.125,FALSE,NA,FALSE,all_pairs_combn
N118,N66,1,1,small_or_isolated_candidate,small_or_isolated_candidate,970.6879584475139,FALSE,FALSE,FALSE,0.125,FALSE,NA,FALSE,all_pairs_combn
N107,N212,1,1,small_or_isolated_candidate,small_or_isolated_candidate,971.2006186521149,FALSE,FALSE,FALSE,0.125,FALSE,NA,FALSE,all_pairs_combn
N118,N63,1,1,small_or_isolated_candidate,small_or_isolated_candidate,971.4068947021706,FALSE,FALSE,FALSE,0.125,FALSE,NA,FALSE,all_pairs_combn
N126,N22,1,1,small_or_isolated_candidate,small_or_isolated_candidate,971.9546001718629,FALSE,FALSE,FALSE,0.125,FALSE,NA,FALSE,all_pairs_combn
N129,N94,1,1,small_or_isolated_candidate,small_or_isolated_candidate,972.1284173782553,FALSE,FALSE,FALSE,0.125,FALSE,NA,FALSE,all_pairs_combn
N146,N93,1,1,small_or_isolated_candidate,small_or_isolated_candidate,972.2065113554376,FALSE,FALSE,FALSE,0.125,FALSE,NA,FALSE,all_pairs_combn
N123,N151,1,1,small_or_isolated_candidate,small_or_isolated_candidate,972.4280555840369,FALSE,FALSE,FALSE,0.125,FALSE,NA,FALSE,all_pairs_combn
N259,N32,1,1,small_or_isolated_candidate,small_or_isolated_candidate,973.3002532976647,FALSE,FALSE,FALSE,0.125,FALSE,NA,FALSE,all_pairs_combn
N118,N24,1,1,small_or_isolated_candidate,small_or_isolated_candidate,973.402648675043,FALSE,FALSE,FALSE,0.125,FALSE,NA,FALSE,all_pairs_combn
N153,N69,1,1,small_or_isolated_candidate,small_or_isolated_candidate,973.6941043520111,FALSE,FALSE,FALSE,0.125,FALSE,NA,FALSE,all_pairs_combn
N128,N134,1,1,small_or_isolated_candidate,small_or_isolated_candidate,973.9643864345079,FALSE,FALSE,FALSE,0.125,FALSE,NA,FALSE,all_pairs_combn
N144,N93,1,1,small_or_isolated_candidate,small_or_isolated_candidate,974.3653136572688,FALSE,FALSE,FALSE,0.125,FALSE,NA,FALSE,all_pairs_combn
N134,N19,1,1,small_or_isolated_candidate,small_or_isolated_candidate,974.5093623849237,FALSE,FALSE,FALSE,0.125,FALSE,NA,FALSE,all_pairs_combn
N128,N129,1,1,small_or_isolated_candidate,small_or_isolated_candidate,974.9457880723895,FALSE,FALSE,FALSE,0.125,FALSE,NA,FALSE,all_pairs_combn
N117,N62,1,1,small_or_isolated_candidate,small_or_isolated_candidate,975.4529380932129,FALSE,FALSE,FALSE,0.125,FALSE,NA,FALSE,all_pairs_combn
N135,N48,1,1,small_or_isolated_candidate,small_or_isolated_candidate,975.8967175107225,FALSE,FALSE,FALSE,0.125,FALSE,NA,FALSE,all_pairs_combn
N118,N132,1,1,small_or_isolated_candidate,small_or_isolated_candidate,976.0393825128943,FALSE,FALSE,FALSE,0.125,FALSE,NA,FALSE,all_pairs_combn
N127,N134,1,1,small_or_isolated_candidate,small_or_isolated_candidate,976.5825734435164,FALSE,FALSE,FALSE,0.125,FALSE,NA,FALSE,all_pairs_combn
N51,N69,1,1,small_or_isolated_candidate,small_or_isolated_candidate,976.5956630909864,FALSE,FALSE,FALSE,0.125,FALSE,NA,FALSE,all_pairs_combn
N142,N95,1,1,small_or_isolated_candidate,small_or_isolated_candidate,977.3611412502731,FALSE,FALSE,FALSE,0.125,FALSE,NA,FALSE,all_pairs_combn
N52,N69,1,1,small_or_isolated_candidate,small_or_isolated_candidate,977.444764437588,FALSE,FALSE,FALSE,0.125,FALSE,NA,FALSE,all_pairs_combn
N20,N212,1,1,small_or_isolated_candidate,small_or_isolated_candidate,977.5493876310245,FALSE,FALSE,FALSE,0.125,FALSE,NA,FALSE,all_pairs_combn
N127,N129,1,1,small_or_isolated_candidate,small_or_isolated_candidate,977.617426769894,FALSE,FALSE,FALSE,0.125,FALSE,NA,FALSE,all_pairs_combn
N107,N300,1,1,small_or_isolated_candidate,small_or_isolated_candidate,978.3051753313,FALSE,FALSE,FALSE,0.125,FALSE,NA,FALSE,all_pairs_combn
N120,N308,1,1,small_or_isolated_candidate,small_or_isolated_candidate,978.4282948813185,FALSE,FALSE,FALSE,0.125,FALSE,NA,FALSE,all_pairs_combn
N144,N34,1,1,small_or_isolated_candidate,small_or_isolated_candidate,979.6678157540489,FALSE,FALSE,FALSE,0.125,FALSE,NA,FALSE,all_pairs_combn
N211,N24,1,1,small_or_isolated_candidate,small_or_isolated_candidate,979.7960007272235,FALSE,FALSE,FALSE,0.125,FALSE,NA,FALSE,all_pairs_combn
N118,N65,1,1,small_or_isolated_candidate,small_or_isolated_candidate,981.1486974462107,FALSE,FALSE,FALSE,0.125,FALSE,NA,FALSE,all_pairs_combn
N149,N93,1,1,small_or_isolated_candidate,small_or_isolated_candidate,981.2139768656733,FALSE,FALSE,FALSE,0.125,FALSE,NA,FALSE,all_pairs_combn
N33,N63,1,1,small_or_isolated_candidate,small_or_isolated_candidate,982.326028888776,FALSE,FALSE,FALSE,0.125,FALSE,NA,FALSE,all_pairs_combn
N33,N66,1,1,small_or_isolated_candidate,small_or_isolated_candidate,982.3978375822202,FALSE,FALSE,FALSE,0.125,FALSE,NA,FALSE,all_pairs_combn
N117,N132,1,1,small_or_isolated_candidate,small_or_isolated_candidate,982.5134452822167,FALSE,FALSE,FALSE,0.125,FALSE,NA,FALSE,all_pairs_combn
N33,N50,1,1,small_or_isolated_candidate,small_or_isolated_candidate,983.0910963181179,FALSE,FALSE,FALSE,0.125,FALSE,NA,FALSE,all_pairs_combn
N33,N49,1,1,small_or_isolated_candidate,small_or_isolated_candidate,983.3229946146245,FALSE,FALSE,FALSE,0.125,FALSE,NA,FALSE,all_pairs_combn
N114,N296,1,1,small_or_isolated_candidate,small_or_isolated_candidate,983.4685137902909,FALSE,FALSE,FALSE,0.125,FALSE,NA,FALSE,all_pairs_combn
N296,N65,1,1,small_or_isolated_candidate,small_or_isolated_candidate,984.0442567116227,FALSE,FALSE,FALSE,0.125,FALSE,NA,FALSE,all_pairs_combn
N124,N20,1,1,small_or_isolated_candidate,small_or_isolated_candidate,984.6652948475069,FALSE,FALSE,FALSE,0.125,FALSE,NA,FALSE,all_pairs_combn
N148,N96,1,1,small_or_isolated_candidate,small_or_isolated_candidate,984.8302858793867,FALSE,FALSE,FALSE,0.125,FALSE,NA,FALSE,all_pairs_combn
N107,N152,1,1,small_or_isolated_candidate,small_or_isolated_candidate,986.439889433885,FALSE,FALSE,FALSE,0.125,FALSE,NA,FALSE,all_pairs_combn
N308,N93,1,1,small_or_isolated_candidate,small_or_isolated_candidate,986.6706008823438,FALSE,FALSE,FALSE,0.125,FALSE,NA,FALSE,all_pairs_combn
N107,N304,1,1,small_or_isolated_candidate,small_or_isolated_candidate,986.8360687972861,FALSE,FALSE,FALSE,0.125,FALSE,NA,FALSE,all_pairs_combn
N124,N128,1,1,small_or_isolated_candidate,small_or_isolated_candidate,987.4458242064446,FALSE,FALSE,FALSE,0.125,FALSE,NA,FALSE,all_pairs_combn
N142,N94,1,1,small_or_isolated_candidate,small_or_isolated_candidate,987.4782951289793,FALSE,FALSE,FALSE,0.125,FALSE,NA,FALSE,all_pairs_combn
N307,N95,1,1,small_or_isolated_candidate,small_or_isolated_candidate,987.8469044401073,FALSE,FALSE,FALSE,0.125,FALSE,NA,FALSE,all_pairs_combn
N117,N61,1,1,small_or_isolated_candidate,small_or_isolated_candidate,987.9635203718809,FALSE,FALSE,FALSE,0.125,FALSE,NA,FALSE,all_pairs_combn
N117,N24,1,1,small_or_isolated_candidate,small_or_isolated_candidate,988.1149768265736,FALSE,FALSE,FALSE,0.125,FALSE,NA,FALSE,all_pairs_combn
N117,N66,1,1,small_or_isolated_candidate,small_or_isolated_candidate,988.5292000248326,FALSE,FALSE,FALSE,0.125,FALSE,NA,FALSE,all_pairs_combn
N120,N69,1,1,small_or_isolated_candidate,small_or_isolated_candidate,988.8859667226019,FALSE,FALSE,FALSE,0.125,FALSE,NA,FALSE,all_pairs_combn
N107,N153,1,1,small_or_isolated_candidate,small_or_isolated_candidate,988.9982552168439,FALSE,FALSE,FALSE,0.125,FALSE,NA,FALSE,all_pairs_combn
N131,N30,1,1,small_or_isolated_candidate,small_or_isolated_candidate,989.2173128962422,FALSE,FALSE,FALSE,0.125,FALSE,NA,FALSE,all_pairs_combn
N117,N63,1,1,small_or_isolated_candidate,small_or_isolated_candidate,989.2515541857532,FALSE,FALSE,FALSE,0.125,FALSE,NA,FALSE,all_pairs_combn
N124,N127,1,1,small_or_isolated_candidate,small_or_isolated_candidate,990.0746313507997,FALSE,FALSE,FALSE,0.125,FALSE,NA,FALSE,all_pairs_combn
N143,N93,1,1,small_or_isolated_candidate,small_or_isolated_candidate,990.4904527674823,FALSE,FALSE,FALSE,0.125,FALSE,NA,FALSE,all_pairs_combn
N124,N19,1,1,small_or_isolated_candidate,small_or_isolated_candidate,990.7666797389095,FALSE,FALSE,FALSE,0.125,FALSE,NA,FALSE,all_pairs_combn
N113,N207,1,1,small_or_isolated_candidate,small_or_isolated_candidate,991.229244190568,FALSE,FALSE,FALSE,0.125,FALSE,NA,FALSE,all_pairs_combn
N129,N21,1,1,small_or_isolated_candidate,small_or_isolated_candidate,992.2668032953571,FALSE,FALSE,FALSE,0.125,FALSE,NA,FALSE,all_pairs_combn
N35,N93,1,1,small_or_isolated_candidate,small_or_isolated_candidate,992.4122544396765,FALSE,FALSE,FALSE,0.125,FALSE,NA,FALSE,all_pairs_combn
N128,N66,1,1,small_or_isolated_candidate,small_or_isolated_candidate,992.4352226556302,FALSE,FALSE,FALSE,0.125,FALSE,NA,FALSE,all_pairs_combn
N128,N62,1,1,small_or_isolated_candidate,small_or_isolated_candidate,992.5158224173995,FALSE,FALSE,FALSE,0.125,FALSE,NA,FALSE,all_pairs_combn
N127,N66,1,1,small_or_isolated_candidate,small_or_isolated_candidate,992.6320811543793,FALSE,FALSE,FALSE,0.125,FALSE,NA,FALSE,all_pairs_combn
N127,N62,1,1,small_or_isolated_candidate,small_or_isolated_candidate,992.7569557778731,FALSE,FALSE,FALSE,0.125,FALSE,NA,FALSE,all_pairs_combn
N137,N150,1,1,small_or_isolated_candidate,small_or_isolated_candidate,993.1209972119036,FALSE,FALSE,FALSE,0.125,FALSE,NA,FALSE,all_pairs_combn
N128,N63,1,1,small_or_isolated_candidate,small_or_isolated_candidate,993.4022635608932,FALSE,FALSE,FALSE,0.125,FALSE,NA,FALSE,all_pairs_combn
N127,N63,1,1,small_or_isolated_candidate,small_or_isolated_candidate,993.598408685233,FALSE,FALSE,FALSE,0.125,FALSE,NA,FALSE,all_pairs_combn
N307,N94,1,1,small_or_isolated_candidate,small_or_isolated_candidate,994.8009533904793,FALSE,FALSE,FALSE,0.125,FALSE,NA,FALSE,all_pairs_combn
N143,N34,1,1,small_or_isolated_candidate,small_or_isolated_candidate,995.2989070294731,FALSE,FALSE,FALSE,0.125,FALSE,NA,FALSE,all_pairs_combn
N137,N207,1,1,small_or_isolated_candidate,small_or_isolated_candidate,995.7366769120276,FALSE,FALSE,FALSE,0.125,FALSE,NA,FALSE,all_pairs_combn
N104,N305,1,1,small_or_isolated_candidate,small_or_isolated_candidate,995.7491382786134,FALSE,FALSE,FALSE,0.125,FALSE,NA,FALSE,all_pairs_combn
N133,N49,1,1,small_or_isolated_candidate,small_or_isolated_candidate,995.8578344570781,FALSE,FALSE,FALSE,0.125,FALSE,NA,FALSE,all_pairs_combn
N34,N61,1,1,small_or_isolated_candidate,small_or_isolated_candidate,996.1190453262984,FALSE,FALSE,FALSE,0.125,FALSE,NA,FALSE,all_pairs_combn
N125,N21,1,1,small_or_isolated_candidate,small_or_isolated_candidate,996.7296497267301,FALSE,FALSE,FALSE,0.125,FALSE,NA,FALSE,all_pairs_combn
N110,N131,1,1,small_or_isolated_candidate,small_or_isolated_candidate,997.1101145875738,FALSE,FALSE,FALSE,0.125,FALSE,NA,FALSE,all_pairs_combn
N182,N300,1,1,small_or_isolated_candidate,small_or_isolated_candidate,997.2165028517969,FALSE,FALSE,FALSE,0.125,FALSE,NA,FALSE,all_pairs_combn
N36,N93,1,1,small_or_isolated_candidate,small_or_isolated_candidate,997.4796158004676,FALSE,FALSE,FALSE,0.125,FALSE,NA,FALSE,all_pairs_combn
N104,N157,1,1,small_or_isolated_candidate,small_or_isolated_candidate,997.5901243946053,FALSE,FALSE,FALSE,0.125,FALSE,NA,FALSE,all_pairs_combn
N138,N71,1,1,small_or_isolated_candidate,small_or_isolated_candidate,998.0767847017343,FALSE,FALSE,FALSE,0.125,FALSE,NA,FALSE,all_pairs_combn
N137,N259,1,1,small_or_isolated_candidate,small_or_isolated_candidate,998.1949568733979,FALSE,FALSE,FALSE,0.125,FALSE,NA,FALSE,all_pairs_combn
N147,N92,1,1,small_or_isolated_candidate,small_or_isolated_candidate,998.3685992469232,FALSE,FALSE,FALSE,0.125,FALSE,NA,FALSE,all_pairs_combn
N117,N65,1,1,small_or_isolated_candidate,small_or_isolated_candidate,998.4300919013903,FALSE,FALSE,FALSE,0.125,FALSE,NA,FALSE,all_pairs_combn
N206,N259,1,1,small_or_isolated_candidate,small_or_isolated_candidate,998.4323104801784,FALSE,FALSE,FALSE,0.125,FALSE,NA,FALSE,all_pairs_combn
N296,N61,1,1,small_or_isolated_candidate,small_or_isolated_candidate,998.6034957700333,FALSE,FALSE,FALSE,0.125,FALSE,NA,FALSE,all_pairs_combn
N133,N50,1,1,small_or_isolated_candidate,small_or_isolated_candidate,998.8008503503538,FALSE,FALSE,FALSE,0.125,FALSE,NA,FALSE,all_pairs_combn
N125,N128,1,1,small_or_isolated_candidate,small_or_isolated_candidate,999.0244157908298,FALSE,FALSE,FALSE,0.125,FALSE,NA,FALSE,all_pairs_combn
N132,N134,1,1,small_or_isolated_candidate,small_or_isolated_candidate,999.5766963095648,FALSE,FALSE,FALSE,0.125,FALSE,NA,FALSE,all_pairs_combn
N133,N21,1,1,small_or_isolated_candidate,small_or_isolated_candidate,999.6320109116479,FALSE,FALSE,FALSE,0.125,FALSE,NA,FALSE,all_pairs_combn
N148,N65,1,1,small_or_isolated_candidate,small_or_isolated_candidate,999.7501965865448,FALSE,FALSE,FALSE,0.125,FALSE,NA,FALSE,all_pairs_combn
N157,N65,1,1,small_or_isolated_candidate,small_or_isolated_candidate,999.9782391265867,FALSE,FALSE,FALSE,0.125,FALSE,NA,FALSE,all_pairs_combn
N151,N259,1,1,small_or_isolated_candidate,small_or_isolated_candidate,1000.4060714149103,FALSE,FALSE,FALSE,0.125,FALSE,NA,FALSE,all_pairs_combn
N104,N212,1,1,small_or_isolated_candidate,small_or_isolated_candidate,1000.411601615999,FALSE,FALSE,FALSE,0.125,FALSE,NA,FALSE,all_pairs_combn
N212,N22,1,1,small_or_isolated_candidate,small_or_isolated_candidate,1000.5763446771566,FALSE,FALSE,FALSE,0.125,FALSE,NA,FALSE,all_pairs_combn
N134,N93,1,1,small_or_isolated_candidate,small_or_isolated_candidate,1000.9511803544742,FALSE,FALSE,FALSE,0.125,FALSE,NA,FALSE,all_pairs_combn
N207,N294,1,1,small_or_isolated_candidate,small_or_isolated_candidate,1001.2226481569503,FALSE,FALSE,FALSE,0.125,FALSE,NA,FALSE,all_pairs_combn
N120,N300,1,1,small_or_isolated_candidate,small_or_isolated_candidate,1001.3946968705774,FALSE,FALSE,FALSE,0.125,FALSE,NA,FALSE,all_pairs_combn
N125,N127,1,1,small_or_isolated_candidate,small_or_isolated_candidate,1001.6814533322531,FALSE,FALSE,FALSE,0.125,FALSE,NA,FALSE,all_pairs_combn
N110,N128,1,1,small_or_isolated_candidate,small_or_isolated_candidate,1001.7515780437737,FALSE,FALSE,FALSE,0.125,FALSE,NA,FALSE,all_pairs_combn
N10,N133,1,1,small_or_isolated_candidate,small_or_isolated_candidate,1002.1359633861489,FALSE,FALSE,FALSE,0.125,FALSE,NA,FALSE,all_pairs_combn
N110,N127,1,1,small_or_isolated_candidate,small_or_isolated_candidate,1003.3951904849984,FALSE,FALSE,FALSE,0.125,FALSE,NA,FALSE,all_pairs_combn
N21,N34,1,1,small_or_isolated_candidate,small_or_isolated_candidate,1003.4323987332648,FALSE,FALSE,FALSE,0.125,FALSE,NA,FALSE,all_pairs_combn
N148,N61,1,1,small_or_isolated_candidate,small_or_isolated_candidate,1003.5200023079111,FALSE,FALSE,FALSE,0.125,FALSE,NA,FALSE,all_pairs_combn
N20,N34,1,1,small_or_isolated_candidate,small_or_isolated_candidate,1003.5358166471515,FALSE,FALSE,FALSE,0.125,FALSE,NA,FALSE,all_pairs_combn
N138,N36,1,1,small_or_isolated_candidate,small_or_isolated_candidate,1004.228121332519,FALSE,FALSE,FALSE,0.125,FALSE,NA,FALSE,all_pairs_combn
N151,N69,1,1,small_or_isolated_candidate,small_or_isolated_candidate,1004.5806510735835,FALSE,FALSE,FALSE,0.125,FALSE,NA,FALSE,all_pairs_combn
N11,N69,1,1,small_or_isolated_candidate,small_or_isolated_candidate,1004.7491110995054,FALSE,FALSE,FALSE,0.125,FALSE,NA,FALSE,all_pairs_combn
N129,N132,1,1,small_or_isolated_candidate,small_or_isolated_candidate,1006.527522803865,FALSE,FALSE,FALSE,0.125,FALSE,NA,FALSE,all_pairs_combn
N157,N61,1,1,small_or_isolated_candidate,small_or_isolated_candidate,1006.553810139061,FALSE,FALSE,FALSE,0.125,FALSE,NA,FALSE,all_pairs_combn
N17,N34,1,1,small_or_isolated_candidate,small_or_isolated_candidate,1006.6925103160833,FALSE,FALSE,FALSE,0.125,FALSE,NA,FALSE,all_pairs_combn
N129,N19,1,1,small_or_isolated_candidate,small_or_isolated_candidate,1006.7317336604913,FALSE,FALSE,FALSE,0.125,FALSE,NA,FALSE,all_pairs_combn
N134,N62,1,1,small_or_isolated_candidate,small_or_isolated_candidate,1007.9256931342551,FALSE,FALSE,FALSE,0.125,FALSE,NA,FALSE,all_pairs_combn
N129,N20,1,1,small_or_isolated_candidate,small_or_isolated_candidate,1008.0727007492768,FALSE,FALSE,FALSE,0.125,FALSE,NA,FALSE,all_pairs_combn
N151,N294,1,1,small_or_isolated_candidate,small_or_isolated_candidate,1008.144832408241,FALSE,FALSE,FALSE,0.125,FALSE,NA,FALSE,all_pairs_combn
N141,N206,1,1,small_or_isolated_candidate,small_or_isolated_candidate,1008.1665597605728,FALSE,FALSE,FALSE,0.125,FALSE,NA,FALSE,all_pairs_combn
N147,N95,1,1,small_or_isolated_candidate,small_or_isolated_candidate,1008.18313677265,FALSE,FALSE,FALSE,0.125,FALSE,NA,FALSE,all_pairs_combn
N137,N138,1,1,small_or_isolated_candidate,small_or_isolated_candidate,1008.2460699277507,FALSE,FALSE,FALSE,0.125,FALSE,NA,FALSE,all_pairs_combn
N18,N34,1,1,small_or_isolated_candidate,small_or_isolated_candidate,1008.7511500750356,FALSE,FALSE,FALSE,0.125,FALSE,NA,FALSE,all_pairs_combn
N144,N32,1,1,small_or_isolated_candidate,small_or_isolated_candidate,1010.4244181747481,FALSE,FALSE,FALSE,0.125,FALSE,NA,FALSE,all_pairs_combn
N140,N206,1,1,small_or_isolated_candidate,small_or_isolated_candidate,1010.8284265419783,FALSE,FALSE,FALSE,0.125,FALSE,NA,FALSE,all_pairs_combn
N128,N211,1,1,small_or_isolated_candidate,small_or_isolated_candidate,1011.0077773460555,FALSE,FALSE,FALSE,0.125,FALSE,NA,FALSE,all_pairs_combn
N152,N65,1,1,small_or_isolated_candidate,small_or_isolated_candidate,1011.2420440939604,FALSE,FALSE,FALSE,0.125,FALSE,NA,FALSE,all_pairs_combn
N111,N68,1,1,small_or_isolated_candidate,small_or_isolated_candidate,1011.4059578676702,FALSE,FALSE,FALSE,0.125,FALSE,NA,FALSE,all_pairs_combn
N211,N31,1,1,small_or_isolated_candidate,small_or_isolated_candidate,1011.9368380257971,FALSE,FALSE,FALSE,0.125,FALSE,NA,FALSE,all_pairs_combn
N125,N20,1,1,small_or_isolated_candidate,small_or_isolated_candidate,1012.1852354103671,FALSE,FALSE,FALSE,0.125,FALSE,NA,FALSE,all_pairs_combn
N153,N65,1,1,small_or_isolated_candidate,small_or_isolated_candidate,1012.3617166466344,FALSE,FALSE,FALSE,0.125,FALSE,NA,FALSE,all_pairs_combn
N124,N93,1,1,small_or_isolated_candidate,small_or_isolated_candidate,1012.8262442684228,FALSE,FALSE,FALSE,0.125,FALSE,NA,FALSE,all_pairs_combn
N127,N211,1,1,small_or_isolated_candidate,small_or_isolated_candidate,1013.4884863858947,FALSE,FALSE,FALSE,0.125,FALSE,NA,FALSE,all_pairs_combn
N112,N68,1,1,small_or_isolated_candidate,small_or_isolated_candidate,1013.6441722074237,FALSE,FALSE,FALSE,0.125,FALSE,NA,FALSE,all_pairs_combn
N124,N132,1,1,small_or_isolated_candidate,small_or_isolated_candidate,1014.0946891111125,FALSE,FALSE,FALSE,0.125,FALSE,NA,FALSE,all_pairs_combn
N104,N300,1,1,small_or_isolated_candidate,small_or_isolated_candidate,1014.4551600897728,FALSE,FALSE,FALSE,0.125,FALSE,NA,FALSE,all_pairs_combn
N31,N96,1,1,small_or_isolated_candidate,small_or_isolated_candidate,1014.8744742542368,FALSE,FALSE,FALSE,0.125,FALSE,NA,FALSE,all_pairs_combn
N114,N294,1,1,small_or_isolated_candidate,small_or_isolated_candidate,1015.3239341362942,FALSE,FALSE,FALSE,0.125,FALSE,NA,FALSE,all_pairs_combn
N10,N118,1,1,small_or_isolated_candidate,small_or_isolated_candidate,1015.6046865149959,FALSE,FALSE,FALSE,0.125,FALSE,NA,FALSE,all_pairs_combn
N145,N69,1,1,small_or_isolated_candidate,small_or_isolated_candidate,1015.8307089119725,FALSE,FALSE,FALSE,0.125,FALSE,NA,FALSE,all_pairs_combn
N125,N19,1,1,small_or_isolated_candidate,small_or_isolated_candidate,1016.2801709442156,FALSE,FALSE,FALSE,0.125,FALSE,NA,FALSE,all_pairs_combn
N207,N34,1,1,small_or_isolated_candidate,small_or_isolated_candidate,1017.0039422285699,FALSE,FALSE,FALSE,0.125,FALSE,NA,FALSE,all_pairs_combn
N134,N24,1,1,small_or_isolated_candidate,small_or_isolated_candidate,1017.2096371047912,FALSE,FALSE,FALSE,0.125,FALSE,NA,FALSE,all_pairs_combn
N144,N33,1,1,small_or_isolated_candidate,small_or_isolated_candidate,1017.4119743044114,FALSE,FALSE,FALSE,0.125,FALSE,NA,FALSE,all_pairs_combn
N182,N304,1,1,small_or_isolated_candidate,small_or_isolated_candidate,1017.7246770966193,FALSE,FALSE,FALSE,0.125,FALSE,NA,FALSE,all_pairs_combn
N104,N152,1,1,small_or_isolated_candidate,small_or_isolated_candidate,1017.8294868560613,FALSE,FALSE,FALSE,0.125,FALSE,NA,FALSE,all_pairs_combn
N10,N211,1,1,small_or_isolated_candidate,small_or_isolated_candidate,1018.154608103704,FALSE,FALSE,FALSE,0.125,FALSE,NA,FALSE,all_pairs_combn
N307,N93,1,1,small_or_isolated_candidate,small_or_isolated_candidate,1018.2238029051699,FALSE,FALSE,FALSE,0.125,FALSE,NA,FALSE,all_pairs_combn
N152,N61,1,1,small_or_isolated_candidate,small_or_isolated_candidate,1018.5332299096643,FALSE,FALSE,FALSE,0.125,FALSE,NA,FALSE,all_pairs_combn
N10,N131,1,1,small_or_isolated_candidate,small_or_isolated_candidate,1019.0175000853375,FALSE,FALSE,FALSE,0.125,FALSE,NA,FALSE,all_pairs_combn
N147,N94,1,1,small_or_isolated_candidate,small_or_isolated_candidate,1019.1910945249882,FALSE,FALSE,FALSE,0.125,FALSE,NA,FALSE,all_pairs_combn
N133,N20,1,1,small_or_isolated_candidate,small_or_isolated_candidate,1019.3889158762535,FALSE,FALSE,FALSE,0.125,FALSE,NA,FALSE,all_pairs_combn
N110,N31,1,1,small_or_isolated_candidate,small_or_isolated_candidate,1019.6336659004896,FALSE,FALSE,FALSE,0.125,FALSE,NA,FALSE,all_pairs_combn
N153,N61,1,1,small_or_isolated_candidate,small_or_isolated_candidate,1019.7659722604883,FALSE,FALSE,FALSE,0.125,FALSE,NA,FALSE,all_pairs_combn
N134,N61,1,1,small_or_isolated_candidate,small_or_isolated_candidate,1020.1554945556969,FALSE,FALSE,FALSE,0.125,FALSE,NA,FALSE,all_pairs_combn
N107,N133,1,1,small_or_isolated_candidate,small_or_isolated_candidate,1020.2527629366051,FALSE,FALSE,FALSE,0.125,FALSE,NA,FALSE,all_pairs_combn
N104,N153,1,1,small_or_isolated_candidate,small_or_isolated_candidate,1020.4384448099224,FALSE,FALSE,FALSE,0.125,FALSE,NA,FALSE,all_pairs_combn
N131,N51,1,1,small_or_isolated_candidate,small_or_isolated_candidate,1020.8740504764136,FALSE,FALSE,FALSE,0.125,FALSE,NA,FALSE,all_pairs_combn
N134,N66,1,1,small_or_isolated_candidate,small_or_isolated_candidate,1020.9786098419814,FALSE,FALSE,FALSE,0.125,FALSE,NA,FALSE,all_pairs_combn
N120,N304,1,1,small_or_isolated_candidate,small_or_isolated_candidate,1021.5943823764698,FALSE,FALSE,FALSE,0.125,FALSE,NA,FALSE,all_pairs_combn
N131,N52,1,1,small_or_isolated_candidate,small_or_isolated_candidate,1021.6326170859753,FALSE,FALSE,FALSE,0.125,FALSE,NA,FALSE,all_pairs_combn
N134,N63,1,1,small_or_isolated_candidate,small_or_isolated_candidate,1021.7029886037355,FALSE,FALSE,FALSE,0.125,FALSE,NA,FALSE,all_pairs_combn
N113,N24,1,1,small_or_isolated_candidate,small_or_isolated_candidate,1022.0176645002966,FALSE,FALSE,FALSE,0.125,FALSE,NA,FALSE,all_pairs_combn
N49,N69,1,1,small_or_isolated_candidate,small_or_isolated_candidate,1022.0716357660491,FALSE,FALSE,FALSE,0.125,FALSE,NA,FALSE,all_pairs_combn
N138,N35,1,1,small_or_isolated_candidate,small_or_isolated_candidate,1022.3971197092219,FALSE,FALSE,FALSE,0.125,FALSE,NA,FALSE,all_pairs_combn
N148,N62,1,1,small_or_isolated_candidate,small_or_isolated_candidate,1022.4746007416029,FALSE,FALSE,FALSE,0.125,FALSE,NA,FALSE,all_pairs_combn
N113,N19,1,1,small_or_isolated_candidate,small_or_isolated_candidate,1022.5377861034066,FALSE,FALSE,FALSE,0.125,FALSE,NA,FALSE,all_pairs_combn
N124,N62,1,1,small_or_isolated_candidate,small_or_isolated_candidate,1022.7237747383696,FALSE,FALSE,FALSE,0.125,FALSE,NA,FALSE,all_pairs_combn
N104,N304,1,1,small_or_isolated_candidate,small_or_isolated_candidate,1023.0971709990524,FALSE,FALSE,FALSE,0.125,FALSE,NA,FALSE,all_pairs_combn
N132,N211,1,1,small_or_isolated_candidate,small_or_isolated_candidate,1023.15929944046,FALSE,FALSE,FALSE,0.125,FALSE,NA,FALSE,all_pairs_combn
N50,N69,1,1,small_or_isolated_candidate,small_or_isolated_candidate,1023.2702527767173,FALSE,FALSE,FALSE,0.125,FALSE,NA,FALSE,all_pairs_combn
N149,N34,1,1,small_or_isolated_candidate,small_or_isolated_candidate,1023.955181873536,FALSE,FALSE,FALSE,0.125,FALSE,NA,FALSE,all_pairs_combn
N143,N32,1,1,small_or_isolated_candidate,small_or_isolated_candidate,1024.060161401259,FALSE,FALSE,FALSE,0.125,FALSE,NA,FALSE,all_pairs_combn
N157,N96,1,1,small_or_isolated_candidate,small_or_isolated_candidate,1026.1176927036106,FALSE,FALSE,FALSE,0.125,FALSE,NA,FALSE,all_pairs_combn
N34,N65,1,1,small_or_isolated_candidate,small_or_isolated_candidate,1026.4414259323007,FALSE,FALSE,FALSE,0.125,FALSE,NA,FALSE,all_pairs_combn
N32,N71,1,1,small_or_isolated_candidate,small_or_isolated_candidate,1026.5575202449606,FALSE,FALSE,FALSE,0.125,FALSE,NA,FALSE,all_pairs_combn
N118,N36,1,1,small_or_isolated_candidate,small_or_isolated_candidate,1026.9611635622598,FALSE,FALSE,FALSE,0.125,FALSE,NA,FALSE,all_pairs_combn
N212,N96,1,1,small_or_isolated_candidate,small_or_isolated_candidate,1027.32067293192,FALSE,FALSE,FALSE,0.125,FALSE,NA,FALSE,all_pairs_combn
N125,N132,1,1,small_or_isolated_candidate,small_or_isolated_candidate,1028.7312065416284,FALSE,FALSE,FALSE,0.125,FALSE,NA,FALSE,all_pairs_combn
N305,N96,1,1,small_or_isolated_candidate,small_or_isolated_candidate,1028.7506299722959,FALSE,FALSE,FALSE,0.125,FALSE,NA,FALSE,all_pairs_combn
N211,N22,1,1,small_or_isolated_candidate,small_or_isolated_candidate,1029.3628698399734,FALSE,FALSE,FALSE,0.125,FALSE,NA,FALSE,all_pairs_combn
N11,N34,1,1,small_or_isolated_candidate,small_or_isolated_candidate,1029.5943317779434,FALSE,FALSE,FALSE,0.125,FALSE,NA,FALSE,all_pairs_combn
N111,N131,1,1,small_or_isolated_candidate,small_or_isolated_candidate,1030.1656218585242,FALSE,FALSE,FALSE,0.125,FALSE,NA,FALSE,all_pairs_combn
N112,N131,1,1,small_or_isolated_candidate,small_or_isolated_candidate,1030.2600171399286,FALSE,FALSE,FALSE,0.125,FALSE,NA,FALSE,all_pairs_combn
N118,N22,1,1,small_or_isolated_candidate,small_or_isolated_candidate,1030.3432047252193,FALSE,FALSE,FALSE,0.125,FALSE,NA,FALSE,all_pairs_combn
N137,N211,1,1,small_or_isolated_candidate,small_or_isolated_candidate,1030.3577856991578,FALSE,FALSE,FALSE,0.125,FALSE,NA,FALSE,all_pairs_combn
N182,N48,1,1,small_or_isolated_candidate,small_or_isolated_candidate,1030.4310529754769,FALSE,FALSE,FALSE,0.125,FALSE,NA,FALSE,all_pairs_combn
N134,N65,1,1,small_or_isolated_candidate,small_or_isolated_candidate,1030.4484284328712,FALSE,FALSE,FALSE,0.125,FALSE,NA,FALSE,all_pairs_combn
N30,N34,1,1,small_or_isolated_candidate,small_or_isolated_candidate,1030.6454087007303,FALSE,FALSE,FALSE,0.125,FALSE,NA,FALSE,all_pairs_combn
N10,N117,1,1,small_or_isolated_candidate,small_or_isolated_candidate,1030.8223570654477,FALSE,FALSE,FALSE,0.125,FALSE,NA,FALSE,all_pairs_combn
N148,N66,1,1,small_or_isolated_candidate,small_or_isolated_candidate,1030.9592485210012,FALSE,FALSE,FALSE,0.125,FALSE,NA,FALSE,all_pairs_combn
N121,N137,1,1,small_or_isolated_candidate,small_or_isolated_candidate,1031.0601181207423,FALSE,FALSE,FALSE,0.125,FALSE,NA,FALSE,all_pairs_combn
N112,N132,1,1,small_or_isolated_candidate,small_or_isolated_candidate,1031.1554870997293,FALSE,FALSE,FALSE,0.125,FALSE,NA,FALSE,all_pairs_combn
N33,N61,1,1,small_or_isolated_candidate,small_or_isolated_candidate,1031.3090515007739,FALSE,FALSE,FALSE,0.125,FALSE,NA,FALSE,all_pairs_combn
N157,N62,1,1,small_or_isolated_candidate,small_or_isolated_candidate,1031.394413008382,FALSE,FALSE,FALSE,0.125,FALSE,NA,FALSE,all_pairs_combn
N148,N63,1,1,small_or_isolated_candidate,small_or_isolated_candidate,1031.9018432229905,FALSE,FALSE,FALSE,0.125,FALSE,NA,FALSE,all_pairs_combn
N111,N132,1,1,small_or_isolated_candidate,small_or_isolated_candidate,1032.795515359113,FALSE,FALSE,FALSE,0.125,FALSE,NA,FALSE,all_pairs_combn
N143,N33,1,1,small_or_isolated_candidate,small_or_isolated_candidate,1032.9415377768496,FALSE,FALSE,FALSE,0.125,FALSE,NA,FALSE,all_pairs_combn
N122,N137,1,1,small_or_isolated_candidate,small_or_isolated_candidate,1033.0344725696655,FALSE,FALSE,FALSE,0.125,FALSE,NA,FALSE,all_pairs_combn
N124,N24,1,1,small_or_isolated_candidate,small_or_isolated_candidate,1033.5251539094418,FALSE,FALSE,FALSE,0.125,FALSE,NA,FALSE,all_pairs_combn
N142,N93,1,1,small_or_isolated_candidate,small_or_isolated_candidate,1034.0240103492395,FALSE,FALSE,FALSE,0.125,FALSE,NA,FALSE,all_pairs_combn
N123,N137,1,1,small_or_isolated_candidate,small_or_isolated_candidate,1034.052118402781,FALSE,FALSE,FALSE,0.125,FALSE,NA,FALSE,all_pairs_combn
N117,N36,1,1,small_or_isolated_candidate,small_or_isolated_candidate,1034.9388702192998,FALSE,FALSE,FALSE,0.125,FALSE,NA,FALSE,all_pairs_combn
N124,N61,1,1,small_or_isolated_candidate,small_or_isolated_candidate,1035.407823552242,FALSE,FALSE,FALSE,0.125,FALSE,NA,FALSE,all_pairs_combn
N124,N66,1,1,small_or_isolated_candidate,small_or_isolated_candidate,1035.8319246174015,FALSE,FALSE,FALSE,0.125,FALSE,NA,FALSE,all_pairs_combn
N182,N305,1,1,small_or_isolated_candidate,small_or_isolated_candidate,1036.001998356006,FALSE,FALSE,FALSE,0.125,FALSE,NA,FALSE,all_pairs_combn
N133,N22,1,1,small_or_isolated_candidate,small_or_isolated_candidate,1036.3850102003469,FALSE,FALSE,FALSE,0.125,FALSE,NA,FALSE,all_pairs_combn
N124,N63,1,1,small_or_isolated_candidate,small_or_isolated_candidate,1036.5517241781542,FALSE,FALSE,FALSE,0.125,FALSE,NA,FALSE,all_pairs_combn
N206,N296,1,1,small_or_isolated_candidate,small_or_isolated_candidate,1037.4267291141823,FALSE,FALSE,FALSE,0.125,FALSE,NA,FALSE,all_pairs_combn
N207,N33,1,1,small_or_isolated_candidate,small_or_isolated_candidate,1037.8142807924037,FALSE,FALSE,FALSE,0.125,FALSE,NA,FALSE,all_pairs_combn
N104,N31,1,1,small_or_isolated_candidate,small_or_isolated_candidate,1037.980573986834,FALSE,FALSE,FALSE,0.125,FALSE,NA,FALSE,all_pairs_combn
N157,N66,1,1,small_or_isolated_candidate,small_or_isolated_candidate,1038.7846499778875,FALSE,FALSE,FALSE,0.125,FALSE,NA,FALSE,all_pairs_combn
N107,N132,1,1,small_or_isolated_candidate,small_or_isolated_candidate,1039.2473249974344,FALSE,FALSE,FALSE,0.125,FALSE,NA,FALSE,all_pairs_combn
N296,N62,1,1,small_or_isolated_candidate,small_or_isolated_candidate,1039.6826028091623,FALSE,FALSE,FALSE,0.125,FALSE,NA,FALSE,all_pairs_combn
N157,N63,1,1,small_or_isolated_candidate,small_or_isolated_candidate,1039.751078578593,FALSE,FALSE,FALSE,0.125,FALSE,NA,FALSE,all_pairs_combn
N20,N33,1,1,small_or_isolated_candidate,small_or_isolated_candidate,1040.132797505153,FALSE,FALSE,FALSE,0.125,FALSE,NA,FALSE,all_pairs_combn
N21,N33,1,1,small_or_isolated_candidate,small_or_isolated_candidate,1040.3772144706797,FALSE,FALSE,FALSE,0.125,FALSE,NA,FALSE,all_pairs_combn
N125,N93,1,1,small_or_isolated_candidate,small_or_isolated_candidate,1040.7812810909625,FALSE,FALSE,FALSE,0.125,FALSE,NA,FALSE,all_pairs_combn
N120,N305,1,1,small_or_isolated_candidate,small_or_isolated_candidate,1041.0364206052434,FALSE,FALSE,FALSE,0.125,FALSE,NA,FALSE,all_pairs_combn
N124,N36,1,1,small_or_isolated_candidate,small_or_isolated_candidate,1041.2323375334238,FALSE,FALSE,FALSE,0.125,FALSE,NA,FALSE,all_pairs_combn
N114,N48,1,1,small_or_isolated_candidate,small_or_isolated_candidate,1042.6086727214727,FALSE,FALSE,FALSE,0.125,FALSE,NA,FALSE,all_pairs_combn
N212,N65,1,1,small_or_isolated_candidate,small_or_isolated_candidate,1043.1779943137228,FALSE,FALSE,FALSE,0.125,FALSE,NA,FALSE,all_pairs_combn
N296,N66,1,1,small_or_isolated_candidate,small_or_isolated_candidate,1043.5759348943054,FALSE,FALSE,FALSE,0.125,FALSE,NA,FALSE,all_pairs_combn
N134,N36,1,1,small_or_isolated_candidate,small_or_isolated_candidate,1044.5268335870883,FALSE,FALSE,FALSE,0.125,FALSE,NA,FALSE,all_pairs_combn
N296,N63,1,1,small_or_isolated_candidate,small_or_isolated_candidate,1044.5740391718982,FALSE,FALSE,FALSE,0.125,FALSE,NA,FALSE,all_pairs_combn
N152,N62,1,1,small_or_isolated_candidate,small_or_isolated_candidate,1044.8221167998104,FALSE,FALSE,FALSE,0.125,FALSE,NA,FALSE,all_pairs_combn
N124,N65,1,1,small_or_isolated_candidate,small_or_isolated_candidate,1045.8735682995832,FALSE,FALSE,FALSE,0.125,FALSE,NA,FALSE,all_pairs_combn
N117,N22,1,1,small_or_isolated_candidate,small_or_isolated_candidate,1046.005497289376,FALSE,FALSE,FALSE,0.125,FALSE,NA,FALSE,all_pairs_combn
N153,N62,1,1,small_or_isolated_candidate,small_or_isolated_candidate,1046.2854322882529,FALSE,FALSE,FALSE,0.125,FALSE,NA,FALSE,all_pairs_combn
N145,N151,1,1,small_or_isolated_candidate,small_or_isolated_candidate,1046.5654487702418,FALSE,FALSE,FALSE,0.125,FALSE,NA,FALSE,all_pairs_combn
N152,N96,1,1,small_or_isolated_candidate,small_or_isolated_candidate,1046.59810658986,FALSE,FALSE,FALSE,0.125,FALSE,NA,FALSE,all_pairs_combn
N17,N33,1,1,small_or_isolated_candidate,small_or_isolated_candidate,1046.6723388553758,FALSE,FALSE,FALSE,0.125,FALSE,NA,FALSE,all_pairs_combn
N212,N61,1,1,small_or_isolated_candidate,small_or_isolated_candidate,1047.215061062891,FALSE,FALSE,FALSE,0.125,FALSE,NA,FALSE,all_pairs_combn
N300,N96,1,1,small_or_isolated_candidate,small_or_isolated_candidate,1047.2763567054296,FALSE,FALSE,FALSE,0.125,FALSE,NA,FALSE,all_pairs_combn
N118,N35,1,1,small_or_isolated_candidate,small_or_isolated_candidate,1047.5816497199576,FALSE,FALSE,FALSE,0.125,FALSE,NA,FALSE,all_pairs_combn
N129,N24,1,1,small_or_isolated_candidate,small_or_isolated_candidate,1047.8628905007658,FALSE,FALSE,FALSE,0.125,FALSE,NA,FALSE,all_pairs_combn
N129,N93,1,1,small_or_isolated_candidate,small_or_isolated_candidate,1048.4783893406495,FALSE,FALSE,FALSE,0.125,FALSE,NA,FALSE,all_pairs_combn
N18,N33,1,1,small_or_isolated_candidate,small_or_isolated_candidate,1048.7982933842065,FALSE,FALSE,FALSE,0.125,FALSE,NA,FALSE,all_pairs_combn
N153,N96,1,1,small_or_isolated_candidate,small_or_isolated_candidate,1049.2495915016614,FALSE,FALSE,FALSE,0.125,FALSE,NA,FALSE,all_pairs_combn
N104,N133,1,1,small_or_isolated_candidate,small_or_isolated_candidate,1049.5997653701938,FALSE,FALSE,FALSE,0.125,FALSE,NA,FALSE,all_pairs_combn
N129,N62,1,1,small_or_isolated_candidate,small_or_isolated_candidate,1050.1356353391811,FALSE,FALSE,FALSE,0.125,FALSE,NA,FALSE,all_pairs_combn
N125,N62,1,1,small_or_isolated_candidate,small_or_isolated_candidate,1050.9069418317933,FALSE,FALSE,FALSE,0.125,FALSE,NA,FALSE,all_pairs_combn
N145,N207,1,1,small_or_isolated_candidate,small_or_isolated_candidate,1051.236845312466,FALSE,FALSE,FALSE,0.125,FALSE,NA,FALSE,all_pairs_combn
N151,N307,1,1,small_or_isolated_candidate,small_or_isolated_candidate,1051.8278901391413,FALSE,FALSE,FALSE,0.125,FALSE,NA,FALSE,all_pairs_combn
N125,N36,1,1,small_or_isolated_candidate,small_or_isolated_candidate,1051.9117582485087,FALSE,FALSE,FALSE,0.125,FALSE,NA,FALSE,all_pairs_combn
N152,N66,1,1,small_or_isolated_candidate,small_or_isolated_candidate,1051.9343460773498,FALSE,FALSE,FALSE,0.125,FALSE,NA,FALSE,all_pairs_combn
N152,N63,1,1,small_or_isolated_candidate,small_or_isolated_candidate,1052.9056672920196,FALSE,FALSE,FALSE,0.125,FALSE,NA,FALSE,all_pairs_combn
N153,N66,1,1,small_or_isolated_candidate,small_or_isolated_candidate,1053.3526754702664,FALSE,FALSE,FALSE,0.125,FALSE,NA,FALSE,all_pairs_combn
N153,N63,1,1,small_or_isolated_candidate,small_or_isolated_candidate,1054.324744859636,FALSE,FALSE,FALSE,0.125,FALSE,NA,FALSE,all_pairs_combn
N126,N36,1,1,small_or_isolated_candidate,small_or_isolated_candidate,1055.3870479540753,FALSE,FALSE,FALSE,0.125,FALSE,NA,FALSE,all_pairs_combn
N146,N34,1,1,small_or_isolated_candidate,small_or_isolated_candidate,1055.8516079159406,FALSE,FALSE,FALSE,0.125,FALSE,NA,FALSE,all_pairs_combn
N117,N35,1,1,small_or_isolated_candidate,small_or_isolated_candidate,1055.8783376907325,FALSE,FALSE,FALSE,0.125,FALSE,NA,FALSE,all_pairs_combn
N304,N96,1,1,small_or_isolated_candidate,small_or_isolated_candidate,1056.0123398718995,FALSE,FALSE,FALSE,0.125,FALSE,NA,FALSE,all_pairs_combn
N207,N296,1,1,small_or_isolated_candidate,small_or_isolated_candidate,1057.352914879838,FALSE,FALSE,FALSE,0.125,FALSE,NA,FALSE,all_pairs_combn
N125,N24,1,1,small_or_isolated_candidate,small_or_isolated_candidate,1058.498301367428,FALSE,FALSE,FALSE,0.125,FALSE,NA,FALSE,all_pairs_combn
N111,N114,1,1,small_or_isolated_candidate,small_or_isolated_candidate,1059.0323222613492,FALSE,FALSE,FALSE,0.125,FALSE,NA,FALSE,all_pairs_combn
N141,N71,1,1,small_or_isolated_candidate,small_or_isolated_candidate,1059.4857872207242,FALSE,FALSE,FALSE,0.125,FALSE,NA,FALSE,all_pairs_combn
N151,N308,1,1,small_or_isolated_candidate,small_or_isolated_candidate,1059.5721377122754,FALSE,FALSE,FALSE,0.125,FALSE,NA,FALSE,all_pairs_combn
N120,N48,1,1,small_or_isolated_candidate,small_or_isolated_candidate,1059.8050144225983,FALSE,FALSE,FALSE,0.125,FALSE,NA,FALSE,all_pairs_combn
N113,N30,1,1,small_or_isolated_candidate,small_or_isolated_candidate,1059.924834310203,FALSE,FALSE,FALSE,0.125,FALSE,NA,FALSE,all_pairs_combn
N114,N145,1,1,small_or_isolated_candidate,small_or_isolated_candidate,1059.9434530737087,FALSE,FALSE,FALSE,0.125,FALSE,NA,FALSE,all_pairs_combn
N131,N22,1,1,small_or_isolated_candidate,small_or_isolated_candidate,1060.150025889647,FALSE,FALSE,FALSE,0.125,FALSE,NA,FALSE,all_pairs_combn
N10,N134,1,1,small_or_isolated_candidate,small_or_isolated_candidate,1060.5481803594248,FALSE,FALSE,FALSE,0.125,FALSE,NA,FALSE,all_pairs_combn
N129,N61,1,1,small_or_isolated_candidate,small_or_isolated_candidate,1060.5895223384196,FALSE,FALSE,FALSE,0.125,FALSE,NA,FALSE,all_pairs_combn
N30,N69,1,1,small_or_isolated_candidate,small_or_isolated_candidate,1060.9026000179806,FALSE,FALSE,FALSE,0.125,FALSE,NA,FALSE,all_pairs_combn
N294,N71,1,1,small_or_isolated_candidate,small_or_isolated_candidate,1061.4797502351819,FALSE,FALSE,FALSE,0.125,FALSE,NA,FALSE,all_pairs_combn
N31,N95,1,1,small_or_isolated_candidate,small_or_isolated_candidate,1061.5112754218594,FALSE,FALSE,FALSE,0.125,FALSE,NA,FALSE,all_pairs_combn
N112,N114,1,1,small_or_isolated_candidate,small_or_isolated_candidate,1061.5771664188096,FALSE,FALSE,FALSE,0.125,FALSE,NA,FALSE,all_pairs_combn
N140,N71,1,1,small_or_isolated_candidate,small_or_isolated_candidate,1061.5863553828583,FALSE,FALSE,FALSE,0.125,FALSE,NA,FALSE,all_pairs_combn
N107,N296,1,1,small_or_isolated_candidate,small_or_isolated_candidate,1061.8574780059957,FALSE,FALSE,FALSE,0.125,FALSE,NA,FALSE,all_pairs_combn
N33,N65,1,1,small_or_isolated_candidate,small_or_isolated_candidate,1061.8951306432045,FALSE,FALSE,FALSE,0.125,FALSE,NA,FALSE,all_pairs_combn
N149,N33,1,1,small_or_isolated_candidate,small_or_isolated_candidate,1062.3058627546445,FALSE,FALSE,FALSE,0.125,FALSE,NA,FALSE,all_pairs_combn
N129,N66,1,1,small_or_isolated_candidate,small_or_isolated_candidate,1062.9935779703064,FALSE,FALSE,FALSE,0.125,FALSE,NA,FALSE,all_pairs_combn
N124,N35,1,1,small_or_isolated_candidate,small_or_isolated_candidate,1063.0391244313982,FALSE,FALSE,FALSE,0.125,FALSE,NA,FALSE,all_pairs_combn
N125,N61,1,1,small_or_isolated_candidate,small_or_isolated_candidate,1063.2677029510369,FALSE,FALSE,FALSE,0.125,FALSE,NA,FALSE,all_pairs_combn
N149,N32,1,1,small_or_isolated_candidate,small_or_isolated_candidate,1063.4665176358087,FALSE,FALSE,FALSE,0.125,FALSE,NA,FALSE,all_pairs_combn
N62,N69,1,1,small_or_isolated_candidate,small_or_isolated_candidate,1063.4813027405578,FALSE,FALSE,FALSE,0.125,FALSE,NA,FALSE,all_pairs_combn
N308,N69,1,1,small_or_isolated_candidate,small_or_isolated_candidate,1063.6333657006676,FALSE,FALSE,FALSE,0.125,FALSE,NA,FALSE,all_pairs_combn
N129,N63,1,1,small_or_isolated_candidate,small_or_isolated_candidate,1063.7337240953293,FALSE,FALSE,FALSE,0.125,FALSE,NA,FALSE,all_pairs_combn
N125,N66,1,1,small_or_isolated_candidate,small_or_isolated_candidate,1063.985300408528,FALSE,FALSE,FALSE,0.125,FALSE,NA,FALSE,all_pairs_combn
N107,N31,1,1,small_or_isolated_candidate,small_or_isolated_candidate,1064.0738863777167,FALSE,FALSE,FALSE,0.125,FALSE,NA,FALSE,all_pairs_combn
N125,N63,1,1,small_or_isolated_candidate,small_or_isolated_candidate,1064.7076662827633,FALSE,FALSE,FALSE,0.125,FALSE,NA,FALSE,all_pairs_combn
N211,N71,1,1,small_or_isolated_candidate,small_or_isolated_candidate,1065.915319732015,FALSE,FALSE,FALSE,0.125,FALSE,NA,FALSE,all_pairs_combn
N134,N35,1,1,small_or_isolated_candidate,small_or_isolated_candidate,1066.043623108575,FALSE,FALSE,FALSE,0.125,FALSE,NA,FALSE,all_pairs_combn
N212,N62,1,1,small_or_isolated_candidate,small_or_isolated_candidate,1066.585609878134,FALSE,FALSE,FALSE,0.125,FALSE,NA,FALSE,all_pairs_combn
N112,N128,1,1,small_or_isolated_candidate,small_or_isolated_candidate,1066.7827279555388,FALSE,FALSE,FALSE,0.125,FALSE,NA,FALSE,all_pairs_combn
N305,N92,1,1,small_or_isolated_candidate,small_or_isolated_candidate,1067.6024350444593,FALSE,FALSE,FALSE,0.125,FALSE,NA,FALSE,all_pairs_combn
N111,N128,1,1,small_or_isolated_candidate,small_or_isolated_candidate,1068.0769919616807,FALSE,FALSE,FALSE,0.125,FALSE,NA,FALSE,all_pairs_combn
N110,N113,1,1,small_or_isolated_candidate,small_or_isolated_candidate,1068.4917065547054,FALSE,FALSE,FALSE,0.125,FALSE,NA,FALSE,all_pairs_combn
N112,N127,1,1,small_or_isolated_candidate,small_or_isolated_candidate,1068.5613115067038,FALSE,FALSE,FALSE,0.125,FALSE,NA,FALSE,all_pairs_combn
N30,N33,1,1,small_or_isolated_candidate,small_or_isolated_candidate,1068.7939080455342,FALSE,FALSE,FALSE,0.125,FALSE,NA,FALSE,all_pairs_combn
N11,N33,1,1,small_or_isolated_candidate,small_or_isolated_candidate,1069.1947442413475,FALSE,FALSE,FALSE,0.125,FALSE,NA,FALSE,all_pairs_combn
N36,N48,1,1,small_or_isolated_candidate,small_or_isolated_candidate,1069.4329734124874,FALSE,FALSE,FALSE,0.125,FALSE,NA,FALSE,all_pairs_combn
N131,N21,1,1,small_or_isolated_candidate,small_or_isolated_candidate,1069.6170079667395,FALSE,FALSE,FALSE,0.125,FALSE,NA,FALSE,all_pairs_combn
N145,N71,1,1,small_or_isolated_candidate,small_or_isolated_candidate,1069.850150627105,FALSE,FALSE,FALSE,0.125,FALSE,NA,FALSE,all_pairs_combn
N111,N127,1,1,small_or_isolated_candidate,small_or_isolated_candidate,1069.8620423235338,FALSE,FALSE,FALSE,0.125,FALSE,NA,FALSE,all_pairs_combn
N129,N65,1,1,small_or_isolated_candidate,small_or_isolated_candidate,1070.05017725451,FALSE,FALSE,FALSE,0.125,FALSE,NA,FALSE,all_pairs_combn
N148,N92,1,1,small_or_isolated_candidate,small_or_isolated_candidate,1070.2568677795907,FALSE,FALSE,FALSE,0.125,FALSE,NA,FALSE,all_pairs_combn
N206,N294,1,1,small_or_isolated_candidate,small_or_isolated_candidate,1070.315346375752,FALSE,FALSE,FALSE,0.125,FALSE,NA,FALSE,all_pairs_combn
N21,N69,1,1,small_or_isolated_candidate,small_or_isolated_candidate,1070.4074152318874,FALSE,FALSE,FALSE,0.125,FALSE,NA,FALSE,all_pairs_combn
N31,N94,1,1,small_or_isolated_candidate,small_or_isolated_candidate,1070.4999030414376,FALSE,FALSE,FALSE,0.125,FALSE,NA,FALSE,all_pairs_combn
N147,N93,1,1,small_or_isolated_candidate,small_or_isolated_candidate,1072.6240716688455,FALSE,FALSE,FALSE,0.125,FALSE,NA,FALSE,all_pairs_combn
N69,N71,1,1,small_or_isolated_candidate,small_or_isolated_candidate,1072.882635764365,FALSE,FALSE,FALSE,0.125,FALSE,NA,FALSE,all_pairs_combn
N125,N65,1,1,small_or_isolated_candidate,small_or_isolated_candidate,1073.5521846863178,FALSE,FALSE,FALSE,0.125,FALSE,NA,FALSE,all_pairs_combn
N292,N71,1,1,small_or_isolated_candidate,small_or_isolated_candidate,1074.1276090109966,FALSE,FALSE,FALSE,0.125,FALSE,NA,FALSE,all_pairs_combn
N125,N35,1,1,small_or_isolated_candidate,small_or_isolated_candidate,1074.180406082323,FALSE,FALSE,FALSE,0.125,FALSE,NA,FALSE,all_pairs_combn
N126,N35,1,1,small_or_isolated_candidate,small_or_isolated_candidate,1074.920963681478,FALSE,FALSE,FALSE,0.125,FALSE,NA,FALSE,all_pairs_combn
N212,N66,1,1,small_or_isolated_candidate,small_or_isolated_candidate,1075.010572090415,FALSE,FALSE,FALSE,0.125,FALSE,NA,FALSE,all_pairs_combn
N104,N132,1,1,small_or_isolated_candidate,small_or_isolated_candidate,1075.8811704941766,FALSE,FALSE,FALSE,0.125,FALSE,NA,FALSE,all_pairs_combn
N212,N63,1,1,small_or_isolated_candidate,small_or_isolated_candidate,1075.9547492045588,FALSE,FALSE,FALSE,0.125,FALSE,NA,FALSE,all_pairs_combn
N134,N22,1,1,small_or_isolated_candidate,small_or_isolated_candidate,1076.2731920388935,FALSE,FALSE,FALSE,0.125,FALSE,NA,FALSE,all_pairs_combn
N135,N18,1,1,small_or_isolated_candidate,small_or_isolated_candidate,1076.508669592091,FALSE,FALSE,FALSE,0.125,FALSE,NA,FALSE,all_pairs_combn
N133,N96,1,1,small_or_isolated_candidate,small_or_isolated_candidate,1076.6069668175587,FALSE,FALSE,FALSE,0.125,FALSE,NA,FALSE,all_pairs_combn
N10,N124,1,1,small_or_isolated_candidate,small_or_isolated_candidate,1076.8023694723825,FALSE,FALSE,FALSE,0.125,FALSE,NA,FALSE,all_pairs_combn
N129,N36,1,1,small_or_isolated_candidate,small_or_isolated_candidate,1078.4786098126237,FALSE,FALSE,FALSE,0.125,FALSE,NA,FALSE,all_pairs_combn
N66,N69,1,1,small_or_isolated_candidate,small_or_isolated_candidate,1078.7606919082361,FALSE,FALSE,FALSE,0.125,FALSE,NA,FALSE,all_pairs_combn
N131,N49,1,1,small_or_isolated_candidate,small_or_isolated_candidate,1078.9533101099319,FALSE,FALSE,FALSE,0.125,FALSE,NA,FALSE,all_pairs_combn
N63,N69,1,1,small_or_isolated_candidate,small_or_isolated_candidate,1079.143669174946,FALSE,FALSE,FALSE,0.125,FALSE,NA,FALSE,all_pairs_combn
N20,N69,1,1,small_or_isolated_candidate,small_or_isolated_candidate,1079.1723120459,FALSE,FALSE,FALSE,0.125,FALSE,NA,FALSE,all_pairs_combn
N126,N71,1,1,small_or_isolated_candidate,small_or_isolated_candidate,1079.4638102123486,FALSE,FALSE,FALSE,0.125,FALSE,NA,FALSE,all_pairs_combn
N138,N31,1,1,small_or_isolated_candidate,small_or_isolated_candidate,1080.0023493744022,FALSE,FALSE,FALSE,0.125,FALSE,NA,FALSE,all_pairs_combn
N35,N48,1,1,small_or_isolated_candidate,small_or_isolated_candidate,1080.1229044952431,FALSE,FALSE,FALSE,0.125,FALSE,NA,FALSE,all_pairs_combn
N148,N95,1,1,small_or_isolated_candidate,small_or_isolated_candidate,1080.3398658350347,FALSE,FALSE,FALSE,0.125,FALSE,NA,FALSE,all_pairs_combn
N114,N307,1,1,small_or_isolated_candidate,small_or_isolated_candidate,1080.699339102413,FALSE,FALSE,FALSE,0.125,FALSE,NA,FALSE,all_pairs_combn
N131,N50,1,1,small_or_isolated_candidate,small_or_isolated_candidate,1081.962237284659,FALSE,FALSE,FALSE,0.125,FALSE,NA,FALSE,all_pairs_combn
N114,N308,1,1,small_or_isolated_candidate,small_or_isolated_candidate,1082.2785322800955,FALSE,FALSE,FALSE,0.125,FALSE,NA,FALSE,all_pairs_combn
N35,N71,1,1,small_or_isolated_candidate,small_or_isolated_candidate,1082.695442816806,FALSE,FALSE,FALSE,0.125,FALSE,NA,FALSE,all_pairs_combn
N207,N308,1,1,small_or_isolated_candidate,small_or_isolated_candidate,1084.7731523374052,FALSE,FALSE,FALSE,0.125,FALSE,NA,FALSE,all_pairs_combn
N307,N69,1,1,small_or_isolated_candidate,small_or_isolated_candidate,1084.8585919424688,FALSE,FALSE,FALSE,0.125,FALSE,NA,FALSE,all_pairs_combn
N133,N65,1,1,small_or_isolated_candidate,small_or_isolated_candidate,1084.8621481409493,FALSE,FALSE,FALSE,0.125,FALSE,NA,FALSE,all_pairs_combn
N10,N113,1,1,small_or_isolated_candidate,small_or_isolated_candidate,1085.0279855430563,FALSE,FALSE,FALSE,0.125,FALSE,NA,FALSE,all_pairs_combn
N151,N300,1,1,small_or_isolated_candidate,small_or_isolated_candidate,1085.057672202262,FALSE,FALSE,FALSE,0.125,FALSE,NA,FALSE,all_pairs_combn
N135,N17,1,1,small_or_isolated_candidate,small_or_isolated_candidate,1085.3902157566051,FALSE,FALSE,FALSE,0.125,FALSE,NA,FALSE,all_pairs_combn
N211,N68,1,1,small_or_isolated_candidate,small_or_isolated_candidate,1085.5137447952413,FALSE,FALSE,FALSE,0.125,FALSE,NA,FALSE,all_pairs_combn
N118,N31,1,1,small_or_isolated_candidate,small_or_isolated_candidate,1086.8880086989293,FALSE,FALSE,FALSE,0.125,FALSE,NA,FALSE,all_pairs_combn
N68,N96,1,1,small_or_isolated_candidate,small_or_isolated_candidate,1087.4521642224902,FALSE,FALSE,FALSE,0.125,FALSE,NA,FALSE,all_pairs_combn
N305,N95,1,1,small_or_isolated_candidate,small_or_isolated_candidate,1089.2214352113651,FALSE,FALSE,FALSE,0.125,FALSE,NA,FALSE,all_pairs_combn
N133,N61,1,1,small_or_isolated_candidate,small_or_isolated_candidate,1089.705185584077,FALSE,FALSE,FALSE,0.125,FALSE,NA,FALSE,all_pairs_combn
N131,N20,1,1,small_or_isolated_candidate,small_or_isolated_candidate,1089.7850261380531,FALSE,FALSE,FALSE,0.125,FALSE,NA,FALSE,all_pairs_combn
N31,N92,1,1,small_or_isolated_candidate,small_or_isolated_candidate,1089.8937741484035,FALSE,FALSE,FALSE,0.125,FALSE,NA,FALSE,all_pairs_combn
N300,N92,1,1,small_or_isolated_candidate,small_or_isolated_candidate,1090.2360275666783,FALSE,FALSE,FALSE,0.125,FALSE,NA,FALSE,all_pairs_combn
N122,N36,1,1,small_or_isolated_candidate,small_or_isolated_candidate,1090.6904052036314,FALSE,FALSE,FALSE,0.125,FALSE,NA,FALSE,all_pairs_combn
N206,N48,1,1,small_or_isolated_candidate,small_or_isolated_candidate,1091.0096206585072,FALSE,FALSE,FALSE,0.125,FALSE,NA,FALSE,all_pairs_combn
N148,N94,1,1,small_or_isolated_candidate,small_or_isolated_candidate,1091.2706951285081,FALSE,FALSE,FALSE,0.125,FALSE,NA,FALSE,all_pairs_combn
N36,N71,1,1,small_or_isolated_candidate,small_or_isolated_candidate,1091.403580502471,FALSE,FALSE,FALSE,0.125,FALSE,NA,FALSE,all_pairs_combn
N207,N307,1,1,small_or_isolated_candidate,small_or_isolated_candidate,1091.5907116517055,FALSE,FALSE,FALSE,0.125,FALSE,NA,FALSE,all_pairs_combn
N123,N36,1,1,small_or_isolated_candidate,small_or_isolated_candidate,1091.8202877649546,FALSE,FALSE,FALSE,0.125,FALSE,NA,FALSE,all_pairs_combn
N124,N31,1,1,small_or_isolated_candidate,small_or_isolated_candidate,1092.3828415431474,FALSE,FALSE,FALSE,0.125,FALSE,NA,FALSE,all_pairs_combn
N124,N22,1,1,small_or_isolated_candidate,small_or_isolated_candidate,1092.440162473567,FALSE,FALSE,FALSE,0.125,FALSE,NA,FALSE,all_pairs_combn
N117,N31,1,1,small_or_isolated_candidate,small_or_isolated_candidate,1092.5412536059282,FALSE,FALSE,FALSE,0.125,FALSE,NA,FALSE,all_pairs_combn
N10,N129,1,1,small_or_isolated_candidate,small_or_isolated_candidate,1092.7795545421995,FALSE,FALSE,FALSE,0.125,FALSE,NA,FALSE,all_pairs_combn
N113,N51,1,1,small_or_isolated_candidate,small_or_isolated_candidate,1093.1583349940033,FALSE,FALSE,FALSE,0.125,FALSE,NA,FALSE,all_pairs_combn
N135,N69,1,1,small_or_isolated_candidate,small_or_isolated_candidate,1093.289695450785,FALSE,FALSE,FALSE,0.125,FALSE,NA,FALSE,all_pairs_combn
N113,N52,1,1,small_or_isolated_candidate,small_or_isolated_candidate,1093.909005523968,FALSE,FALSE,FALSE,0.125,FALSE,NA,FALSE,all_pairs_combn
N121,N36,1,1,small_or_isolated_candidate,small_or_isolated_candidate,1094.1871002538878,FALSE,FALSE,FALSE,0.125,FALSE,NA,FALSE,all_pairs_combn
N120,N128,1,1,small_or_isolated_candidate,small_or_isolated_candidate,1094.771659557,FALSE,FALSE,FALSE,0.125,FALSE,NA,FALSE,all_pairs_combn
N146,N33,1,1,small_or_isolated_candidate,small_or_isolated_candidate,1094.8563417773862,FALSE,FALSE,FALSE,0.125,FALSE,NA,FALSE,all_pairs_combn
N305,N94,1,1,small_or_isolated_candidate,small_or_isolated_candidate,1095.1409270538131,FALSE,FALSE,FALSE,0.125,FALSE,NA,FALSE,all_pairs_combn
N128,N182,1,1,small_or_isolated_candidate,small_or_isolated_candidate,1095.2117628911644,FALSE,FALSE,FALSE,0.125,FALSE,NA,FALSE,all_pairs_combn
N104,N296,1,1,small_or_isolated_candidate,small_or_isolated_candidate,1096.5248371270175,FALSE,FALSE,FALSE,0.125,FALSE,NA,FALSE,all_pairs_combn
N110,N68,1,1,small_or_isolated_candidate,small_or_isolated_candidate,1096.7743749557972,FALSE,FALSE,FALSE,0.125,FALSE,NA,FALSE,all_pairs_combn
N304,N92,1,1,small_or_isolated_candidate,small_or_isolated_candidate,1096.8932971670056,FALSE,FALSE,FALSE,0.125,FALSE,NA,FALSE,all_pairs_combn
N111,N182,1,1,small_or_isolated_candidate,small_or_isolated_candidate,1096.9493457512149,FALSE,FALSE,FALSE,0.125,FALSE,NA,FALSE,all_pairs_combn
N120,N127,1,1,small_or_isolated_candidate,small_or_isolated_candidate,1097.568000698302,FALSE,FALSE,FALSE,0.125,FALSE,NA,FALSE,all_pairs_combn
N134,N31,1,1,small_or_isolated_candidate,small_or_isolated_candidate,1097.8277485094527,FALSE,FALSE,FALSE,0.125,FALSE,NA,FALSE,all_pairs_combn
N127,N182,1,1,small_or_isolated_candidate,small_or_isolated_candidate,1098.0282784037195,FALSE,FALSE,FALSE,0.125,FALSE,NA,FALSE,all_pairs_combn
N112,N182,1,1,small_or_isolated_candidate,small_or_isolated_candidate,1099.018583702433,FALSE,FALSE,FALSE,0.125,FALSE,NA,FALSE,all_pairs_combn
N125,N31,1,1,small_or_isolated_candidate,small_or_isolated_candidate,1099.3566543736176,FALSE,FALSE,FALSE,0.125,FALSE,NA,FALSE,all_pairs_combn
N111,N113,1,1,small_or_isolated_candidate,small_or_isolated_candidate,1099.8868449536096,FALSE,FALSE,FALSE,0.125,FALSE,NA,FALSE,all_pairs_combn
N111,N206,1,1,small_or_isolated_candidate,small_or_isolated_candidate,1099.9663525511305,FALSE,FALSE,FALSE,0.125,FALSE,NA,FALSE,all_pairs_combn
N112,N113,1,1,small_or_isolated_candidate,small_or_isolated_candidate,1100.0534104333824,FALSE,FALSE,FALSE,0.125,FALSE,NA,FALSE,all_pairs_combn
N110,N114,1,1,small_or_isolated_candidate,small_or_isolated_candidate,1100.279253587134,FALSE,FALSE,FALSE,0.125,FALSE,NA,FALSE,all_pairs_combn
N129,N35,1,1,small_or_isolated_candidate,small_or_isolated_candidate,1100.5996086474242,FALSE,FALSE,FALSE,0.125,FALSE,NA,FALSE,all_pairs_combn
N10,N125,1,1,small_or_isolated_candidate,small_or_isolated_candidate,1102.3325962864228,FALSE,FALSE,FALSE,0.125,FALSE,NA,FALSE,all_pairs_combn
N112,N206,1,1,small_or_isolated_candidate,small_or_isolated_candidate,1102.5846333688958,FALSE,FALSE,FALSE,0.125,FALSE,NA,FALSE,all_pairs_combn
N61,N69,1,1,small_or_isolated_candidate,small_or_isolated_candidate,1103.9541153319342,FALSE,FALSE,FALSE,0.125,FALSE,NA,FALSE,all_pairs_combn
N119,N71,1,1,small_or_isolated_candidate,small_or_isolated_candidate,1104.8842943221816,FALSE,FALSE,FALSE,0.125,FALSE,NA,FALSE,all_pairs_combn
N122,N35,1,1,small_or_isolated_candidate,small_or_isolated_candidate,1104.943848942989,FALSE,FALSE,FALSE,0.125,FALSE,NA,FALSE,all_pairs_combn
N151,N304,1,1,small_or_isolated_candidate,small_or_isolated_candidate,1105.3269458243014,FALSE,FALSE,FALSE,0.125,FALSE,NA,FALSE,all_pairs_combn
N107,N128,1,1,small_or_isolated_candidate,small_or_isolated_candidate,1105.35353244535,FALSE,FALSE,FALSE,0.125,FALSE,NA,FALSE,all_pairs_combn
N157,N92,1,1,small_or_isolated_candidate,small_or_isolated_candidate,1105.3788353527318,FALSE,FALSE,FALSE,0.125,FALSE,NA,FALSE,all_pairs_combn
N123,N35,1,1,small_or_isolated_candidate,small_or_isolated_candidate,1106.0134425505273,FALSE,FALSE,FALSE,0.125,FALSE,NA,FALSE,all_pairs_combn
N107,N127,1,1,small_or_isolated_candidate,small_or_isolated_candidate,1106.5000065916938,FALSE,FALSE,FALSE,0.125,FALSE,NA,FALSE,all_pairs_combn
N308,N71,1,1,small_or_isolated_candidate,small_or_isolated_candidate,1106.5663195483132,FALSE,FALSE,FALSE,0.125,FALSE,NA,FALSE,all_pairs_combn
N146,N32,1,1,small_or_isolated_candidate,small_or_isolated_candidate,1106.6323771494478,FALSE,FALSE,FALSE,0.125,FALSE,NA,FALSE,all_pairs_combn
N207,N31,1,1,small_or_isolated_candidate,small_or_isolated_candidate,1107.2285022105775,FALSE,FALSE,FALSE,0.125,FALSE,NA,FALSE,all_pairs_combn
N121,N35,1,1,small_or_isolated_candidate,small_or_isolated_candidate,1108.422031121974,FALSE,FALSE,FALSE,0.125,FALSE,NA,FALSE,all_pairs_combn
N132,N96,1,1,small_or_isolated_candidate,small_or_isolated_candidate,1109.1122645803634,FALSE,FALSE,FALSE,0.125,FALSE,NA,FALSE,all_pairs_combn
N110,N135,1,1,small_or_isolated_candidate,small_or_isolated_candidate,1109.702417944506,FALSE,FALSE,FALSE,0.125,FALSE,NA,FALSE,all_pairs_combn
N129,N22,1,1,small_or_isolated_candidate,small_or_isolated_candidate,1109.9656168650915,FALSE,FALSE,FALSE,0.125,FALSE,NA,FALSE,all_pairs_combn
N133,N62,1,1,small_or_isolated_candidate,small_or_isolated_candidate,1110.6464127365925,FALSE,FALSE,FALSE,0.125,FALSE,NA,FALSE,all_pairs_combn
N305,N93,1,1,small_or_isolated_candidate,small_or_isolated_candidate,1110.9688401152416,FALSE,FALSE,FALSE,0.125,FALSE,NA,FALSE,all_pairs_combn
N300,N95,1,1,small_or_isolated_candidate,small_or_isolated_candidate,1111.0988860214075,FALSE,FALSE,FALSE,0.125,FALSE,NA,FALSE,all_pairs_combn
N104,N68,1,1,small_or_isolated_candidate,small_or_isolated_candidate,1111.1456235034511,FALSE,FALSE,FALSE,0.125,FALSE,NA,FALSE,all_pairs_combn
N111,N135,1,1,small_or_isolated_candidate,small_or_isolated_candidate,1111.501328397137,FALSE,FALSE,FALSE,0.125,FALSE,NA,FALSE,all_pairs_combn
N32,N51,1,1,small_or_isolated_candidate,small_or_isolated_candidate,1112.4236191915265,FALSE,FALSE,FALSE,0.125,FALSE,NA,FALSE,all_pairs_combn
N112,N135,1,1,small_or_isolated_candidate,small_or_isolated_candidate,1112.731599208256,FALSE,FALSE,FALSE,0.125,FALSE,NA,FALSE,all_pairs_combn
N32,N52,1,1,small_or_isolated_candidate,small_or_isolated_candidate,1113.056610840299,FALSE,FALSE,FALSE,0.125,FALSE,NA,FALSE,all_pairs_combn
N207,N36,1,1,small_or_isolated_candidate,small_or_isolated_candidate,1113.2320420953909,FALSE,FALSE,FALSE,0.125,FALSE,NA,FALSE,all_pairs_combn
N212,N92,1,1,small_or_isolated_candidate,small_or_isolated_candidate,1113.5972663542602,FALSE,FALSE,FALSE,0.125,FALSE,NA,FALSE,all_pairs_combn
N118,N71,1,1,small_or_isolated_candidate,small_or_isolated_candidate,1113.9806023533376,FALSE,FALSE,FALSE,0.125,FALSE,NA,FALSE,all_pairs_combn
N145,N206,1,1,small_or_isolated_candidate,small_or_isolated_candidate,1115.037349657055,FALSE,FALSE,FALSE,0.125,FALSE,NA,FALSE,all_pairs_combn
N157,N95,1,1,small_or_isolated_candidate,small_or_isolated_candidate,1117.4553804258962,FALSE,FALSE,FALSE,0.125,FALSE,NA,FALSE,all_pairs_combn
N300,N94,1,1,small_or_isolated_candidate,small_or_isolated_candidate,1117.462591803952,FALSE,FALSE,FALSE,0.125,FALSE,NA,FALSE,all_pairs_combn
N304,N95,1,1,small_or_isolated_candidate,small_or_isolated_candidate,1118.1583179625286,FALSE,FALSE,FALSE,0.125,FALSE,NA,FALSE,all_pairs_combn
N125,N22,1,1,small_or_isolated_candidate,small_or_isolated_candidate,1118.4586267655718,FALSE,FALSE,FALSE,0.125,FALSE,NA,FALSE,all_pairs_combn
N133,N66,1,1,small_or_isolated_candidate,small_or_isolated_candidate,1118.7989859587371,FALSE,FALSE,FALSE,0.125,FALSE,NA,FALSE,all_pairs_combn
N141,N34,1,1,small_or_isolated_candidate,small_or_isolated_candidate,1119.4846117245725,FALSE,FALSE,FALSE,0.125,FALSE,NA,FALSE,all_pairs_combn
N133,N63,1,1,small_or_isolated_candidate,small_or_isolated_candidate,1119.7497741815127,FALSE,FALSE,FALSE,0.125,FALSE,NA,FALSE,all_pairs_combn
N146,N71,1,1,small_or_isolated_candidate,small_or_isolated_candidate,1120.540806606749,FALSE,FALSE,FALSE,0.125,FALSE,NA,FALSE,all_pairs_combn
N151,N48,1,1,small_or_isolated_candidate,small_or_isolated_candidate,1120.7364956294969,FALSE,FALSE,FALSE,0.125,FALSE,NA,FALSE,all_pairs_combn
N147,N34,1,1,small_or_isolated_candidate,small_or_isolated_candidate,1120.952323991224,FALSE,FALSE,FALSE,0.125,FALSE,NA,FALSE,all_pairs_combn
N110,N182,1,1,small_or_isolated_candidate,small_or_isolated_candidate,1121.439350393792,FALSE,FALSE,FALSE,0.125,FALSE,NA,FALSE,all_pairs_combn
N126,N31,1,1,small_or_isolated_candidate,small_or_isolated_candidate,1122.2877546903146,FALSE,FALSE,FALSE,0.125,FALSE,NA,FALSE,all_pairs_combn
N212,N95,1,1,small_or_isolated_candidate,small_or_isolated_candidate,1123.4216661840912,FALSE,FALSE,FALSE,0.125,FALSE,NA,FALSE,all_pairs_combn
N140,N34,1,1,small_or_isolated_candidate,small_or_isolated_candidate,1123.8029661592282,FALSE,FALSE,FALSE,0.125,FALSE,NA,FALSE,all_pairs_combn
N304,N94,1,1,small_or_isolated_candidate,small_or_isolated_candidate,1124.2894633453852,FALSE,FALSE,FALSE,0.125,FALSE,NA,FALSE,all_pairs_combn
N151,N305,1,1,small_or_isolated_candidate,small_or_isolated_candidate,1124.4983759595752,FALSE,FALSE,FALSE,0.125,FALSE,NA,FALSE,all_pairs_combn
N152,N92,1,1,small_or_isolated_candidate,small_or_isolated_candidate,1124.61381495749,FALSE,FALSE,FALSE,0.125,FALSE,NA,FALSE,all_pairs_combn
N65,N69,1,1,small_or_isolated_candidate,small_or_isolated_candidate,1125.8781733312312,FALSE,FALSE,FALSE,0.125,FALSE,NA,FALSE,all_pairs_combn
N129,N31,1,1,small_or_isolated_candidate,small_or_isolated_candidate,1126.8142025275713,FALSE,FALSE,FALSE,0.125,FALSE,NA,FALSE,all_pairs_combn
N113,N22,1,1,small_or_isolated_candidate,small_or_isolated_candidate,1126.8385531055417,FALSE,FALSE,FALSE,0.125,FALSE,NA,FALSE,all_pairs_combn
N153,N92,1,1,small_or_isolated_candidate,small_or_isolated_candidate,1127.0432921674987,FALSE,FALSE,FALSE,0.125,FALSE,NA,FALSE,all_pairs_combn
N157,N94,1,1,small_or_isolated_candidate,small_or_isolated_candidate,1127.7338729783744,FALSE,FALSE,FALSE,0.125,FALSE,NA,FALSE,all_pairs_combn
N296,N96,1,1,small_or_isolated_candidate,small_or_isolated_candidate,1128.079477420785,FALSE,FALSE,FALSE,0.125,FALSE,NA,FALSE,all_pairs_combn
N144,N71,1,1,small_or_isolated_candidate,small_or_isolated_candidate,1129.7430957132724,FALSE,FALSE,FALSE,0.125,FALSE,NA,FALSE,all_pairs_combn
N11,N135,1,1,small_or_isolated_candidate,small_or_isolated_candidate,1129.9639091599056,FALSE,FALSE,FALSE,0.125,FALSE,NA,FALSE,all_pairs_combn
N68,N95,1,1,small_or_isolated_candidate,small_or_isolated_candidate,1131.2356477080107,FALSE,FALSE,FALSE,0.125,FALSE,NA,FALSE,all_pairs_combn
N111,N120,1,1,small_or_isolated_candidate,small_or_isolated_candidate,1132.2396716762312,FALSE,FALSE,FALSE,0.125,FALSE,NA,FALSE,all_pairs_combn
N117,N71,1,1,small_or_isolated_candidate,small_or_isolated_candidate,1132.4315844992598,FALSE,FALSE,FALSE,0.125,FALSE,NA,FALSE,all_pairs_combn
N149,N71,1,1,small_or_isolated_candidate,small_or_isolated_candidate,1133.3510019646594,FALSE,FALSE,FALSE,0.125,FALSE,NA,FALSE,all_pairs_combn
N132,N92,1,1,small_or_isolated_candidate,small_or_isolated_candidate,1133.5706307100156,FALSE,FALSE,FALSE,0.125,FALSE,NA,FALSE,all_pairs_combn
N112,N120,1,1,small_or_isolated_candidate,small_or_isolated_candidate,1134.2545190486107,FALSE,FALSE,FALSE,0.125,FALSE,NA,FALSE,all_pairs_combn
N212,N94,1,1,small_or_isolated_candidate,small_or_isolated_candidate,1134.4354805915234,FALSE,FALSE,FALSE,0.125,FALSE,NA,FALSE,all_pairs_combn
N206,N307,1,1,small_or_isolated_candidate,small_or_isolated_candidate,1135.9090698513373,FALSE,FALSE,FALSE,0.125,FALSE,NA,FALSE,all_pairs_combn
N300,N93,1,1,small_or_isolated_candidate,small_or_isolated_candidate,1136.283313805617,FALSE,FALSE,FALSE,0.125,FALSE,NA,FALSE,all_pairs_combn
N152,N95,1,1,small_or_isolated_candidate,small_or_isolated_candidate,1137.079682731424,FALSE,FALSE,FALSE,0.125,FALSE,NA,FALSE,all_pairs_combn
N206,N308,1,1,small_or_isolated_candidate,small_or_isolated_candidate,1137.4728007267256,FALSE,FALSE,FALSE,0.125,FALSE,NA,FALSE,all_pairs_combn
N307,N71,1,1,small_or_isolated_candidate,small_or_isolated_candidate,1137.682912704924,FALSE,FALSE,FALSE,0.125,FALSE,NA,FALSE,all_pairs_combn
N114,N300,1,1,small_or_isolated_candidate,small_or_isolated_candidate,1137.762684418248,FALSE,FALSE,FALSE,0.125,FALSE,NA,FALSE,all_pairs_combn
N107,N68,1,1,small_or_isolated_candidate,small_or_isolated_candidate,1137.8181370249654,FALSE,FALSE,FALSE,0.125,FALSE,NA,FALSE,all_pairs_combn
N153,N95,1,1,small_or_isolated_candidate,small_or_isolated_candidate,1139.5771385778505,FALSE,FALSE,FALSE,0.125,FALSE,NA,FALSE,all_pairs_combn
N68,N94,1,1,small_or_isolated_candidate,small_or_isolated_candidate,1139.8812936455718,FALSE,FALSE,FALSE,0.125,FALSE,NA,FALSE,all_pairs_combn
N207,N35,1,1,small_or_isolated_candidate,small_or_isolated_candidate,1140.3975280600705,FALSE,FALSE,FALSE,0.125,FALSE,NA,FALSE,all_pairs_combn
N113,N21,1,1,small_or_isolated_candidate,small_or_isolated_candidate,1140.7146488726776,FALSE,FALSE,FALSE,0.125,FALSE,NA,FALSE,all_pairs_combn
N32,N49,1,1,small_or_isolated_candidate,small_or_isolated_candidate,1140.7954926993582,FALSE,FALSE,FALSE,0.125,FALSE,NA,FALSE,all_pairs_combn
N119,N36,1,1,small_or_isolated_candidate,small_or_isolated_candidate,1140.882762134848,FALSE,FALSE,FALSE,0.125,FALSE,NA,FALSE,all_pairs_combn
N32,N50,1,1,small_or_isolated_candidate,small_or_isolated_candidate,1141.0408495586707,FALSE,FALSE,FALSE,0.125,FALSE,NA,FALSE,all_pairs_combn
N304,N93,1,1,small_or_isolated_candidate,small_or_isolated_candidate,1141.4728879612858,FALSE,FALSE,FALSE,0.125,FALSE,NA,FALSE,all_pairs_combn
N104,N128,1,1,small_or_isolated_candidate,small_or_isolated_candidate,1141.8463845539286,FALSE,FALSE,FALSE,0.125,FALSE,NA,FALSE,all_pairs_combn
N104,N127,1,1,small_or_isolated_candidate,small_or_isolated_candidate,1143.0002719139554,FALSE,FALSE,FALSE,0.125,FALSE,NA,FALSE,all_pairs_combn
N32,N62,1,1,small_or_isolated_candidate,small_or_isolated_candidate,1143.35525535423,FALSE,FALSE,FALSE,0.125,FALSE,NA,FALSE,all_pairs_combn
N142,N34,1,1,small_or_isolated_candidate,small_or_isolated_candidate,1143.3678257597417,FALSE,FALSE,FALSE,0.125,FALSE,NA,FALSE,all_pairs_combn
N110,N206,1,1,small_or_isolated_candidate,small_or_isolated_candidate,1143.8553937870474,FALSE,FALSE,FALSE,0.125,FALSE,NA,FALSE,all_pairs_combn
N148,N93,1,1,small_or_isolated_candidate,small_or_isolated_candidate,1143.897383120555,FALSE,FALSE,FALSE,0.125,FALSE,NA,FALSE,all_pairs_combn
N143,N71,1,1,small_or_isolated_candidate,small_or_isolated_candidate,1145.6007770730982,FALSE,FALSE,FALSE,0.125,FALSE,NA,FALSE,all_pairs_combn
N152,N94,1,1,small_or_isolated_candidate,small_or_isolated_candidate,1147.2231928122858,FALSE,FALSE,FALSE,0.125,FALSE,NA,FALSE,all_pairs_combn
N31,N93,1,1,small_or_isolated_candidate,small_or_isolated_candidate,1147.757760701947,FALSE,FALSE,FALSE,0.125,FALSE,NA,FALSE,all_pairs_combn
N107,N207,1,1,small_or_isolated_candidate,small_or_isolated_candidate,1148.1259139723088,FALSE,FALSE,FALSE,0.125,FALSE,NA,FALSE,all_pairs_combn
N153,N94,1,1,small_or_isolated_candidate,small_or_isolated_candidate,1149.6967192720765,FALSE,FALSE,FALSE,0.125,FALSE,NA,FALSE,all_pairs_combn
N113,N49,1,1,small_or_isolated_candidate,small_or_isolated_candidate,1150.89140537028,FALSE,FALSE,FALSE,0.125,FALSE,NA,FALSE,all_pairs_combn
N131,N65,1,1,small_or_isolated_candidate,small_or_isolated_candidate,1152.158993489047,FALSE,FALSE,FALSE,0.125,FALSE,NA,FALSE,all_pairs_combn
N147,N32,1,1,small_or_isolated_candidate,small_or_isolated_candidate,1152.9236649452093,FALSE,FALSE,FALSE,0.125,FALSE,NA,FALSE,all_pairs_combn
N113,N50,1,1,small_or_isolated_candidate,small_or_isolated_candidate,1153.8994180890934,FALSE,FALSE,FALSE,0.125,FALSE,NA,FALSE,all_pairs_combn
N110,N120,1,1,small_or_isolated_candidate,small_or_isolated_candidate,1154.8183093494981,FALSE,FALSE,FALSE,0.125,FALSE,NA,FALSE,all_pairs_combn
N150,N36,1,1,small_or_isolated_candidate,small_or_isolated_candidate,1155.0854310754742,FALSE,FALSE,FALSE,0.125,FALSE,NA,FALSE,all_pairs_combn
N138,N68,1,1,small_or_isolated_candidate,small_or_isolated_candidate,1155.354956511663,FALSE,FALSE,FALSE,0.125,FALSE,NA,FALSE,all_pairs_combn
N19,N34,1,1,small_or_isolated_candidate,small_or_isolated_candidate,1156.1765426093878,FALSE,FALSE,FALSE,0.125,FALSE,NA,FALSE,all_pairs_combn
N104,N207,1,1,small_or_isolated_candidate,small_or_isolated_candidate,1157.4177899585704,FALSE,FALSE,FALSE,0.125,FALSE,NA,FALSE,all_pairs_combn
N132,N95,1,1,small_or_isolated_candidate,small_or_isolated_candidate,1157.6734628630213,FALSE,FALSE,FALSE,0.125,FALSE,NA,FALSE,all_pairs_combn
N32,N66,1,1,small_or_isolated_candidate,small_or_isolated_candidate,1158.5185009432716,FALSE,FALSE,FALSE,0.125,FALSE,NA,FALSE,all_pairs_combn
N32,N63,1,1,small_or_isolated_candidate,small_or_isolated_candidate,1158.5856047959332,FALSE,FALSE,FALSE,0.125,FALSE,NA,FALSE,all_pairs_combn
N147,N33,1,1,small_or_isolated_candidate,small_or_isolated_candidate,1158.9861572573845,FALSE,FALSE,FALSE,0.125,FALSE,NA,FALSE,all_pairs_combn
N114,N304,1,1,small_or_isolated_candidate,small_or_isolated_candidate,1159.0940601235786,FALSE,FALSE,FALSE,0.125,FALSE,NA,FALSE,all_pairs_combn
N141,N33,1,1,small_or_isolated_candidate,small_or_isolated_candidate,1159.7955785122335,FALSE,FALSE,FALSE,0.125,FALSE,NA,FALSE,all_pairs_combn
N118,N68,1,1,small_or_isolated_candidate,small_or_isolated_candidate,1159.8551805638008,FALSE,FALSE,FALSE,0.125,FALSE,NA,FALSE,all_pairs_combn
N68,N92,1,1,small_or_isolated_candidate,small_or_isolated_candidate,1159.9140486952022,FALSE,FALSE,FALSE,0.125,FALSE,NA,FALSE,all_pairs_combn
N119,N35,1,1,small_or_isolated_candidate,small_or_isolated_candidate,1160.0071875634494,FALSE,FALSE,FALSE,0.125,FALSE,NA,FALSE,all_pairs_combn
N113,N20,1,1,small_or_isolated_candidate,small_or_isolated_candidate,1160.8713939638114,FALSE,FALSE,FALSE,0.125,FALSE,NA,FALSE,all_pairs_combn
N137,N48,1,1,small_or_isolated_candidate,small_or_isolated_candidate,1161.064416625276,FALSE,FALSE,FALSE,0.125,FALSE,NA,FALSE,all_pairs_combn
N17,N32,1,1,small_or_isolated_candidate,small_or_isolated_candidate,1161.791962773504,FALSE,FALSE,FALSE,0.125,FALSE,NA,FALSE,all_pairs_combn
N132,N94,1,1,small_or_isolated_candidate,small_or_isolated_candidate,1161.9506360599864,FALSE,FALSE,FALSE,0.125,FALSE,NA,FALSE,all_pairs_combn
N18,N32,1,1,small_or_isolated_candidate,small_or_isolated_candidate,1162.290972088372,FALSE,FALSE,FALSE,0.125,FALSE,NA,FALSE,all_pairs_combn
N133,N92,1,1,small_or_isolated_candidate,small_or_isolated_candidate,1162.3995526047709,FALSE,FALSE,FALSE,0.125,FALSE,NA,FALSE,all_pairs_combn
N19,N69,1,1,small_or_isolated_candidate,small_or_isolated_candidate,1163.1162841034031,FALSE,FALSE,FALSE,0.125,FALSE,NA,FALSE,all_pairs_combn
N207,N68,1,1,small_or_isolated_candidate,small_or_isolated_candidate,1163.1463505038848,FALSE,FALSE,FALSE,0.125,FALSE,NA,FALSE,all_pairs_combn
N124,N68,1,1,small_or_isolated_candidate,small_or_isolated_candidate,1163.7163395993828,FALSE,FALSE,FALSE,0.125,FALSE,NA,FALSE,all_pairs_combn
N131,N61,1,1,small_or_isolated_candidate,small_or_isolated_candidate,1163.8564354760792,FALSE,FALSE,FALSE,0.125,FALSE,NA,FALSE,all_pairs_combn
N140,N33,1,1,small_or_isolated_candidate,small_or_isolated_candidate,1164.1226360189398,FALSE,FALSE,FALSE,0.125,FALSE,NA,FALSE,all_pairs_combn
N134,N71,1,1,small_or_isolated_candidate,small_or_isolated_candidate,1164.1442590186698,FALSE,FALSE,FALSE,0.125,FALSE,NA,FALSE,all_pairs_combn
N117,N68,1,1,small_or_isolated_candidate,small_or_isolated_candidate,1165.0882973099665,FALSE,FALSE,FALSE,0.125,FALSE,NA,FALSE,all_pairs_combn
N132,N93,1,1,small_or_isolated_candidate,small_or_isolated_candidate,1166.3822597761157,FALSE,FALSE,FALSE,0.125,FALSE,NA,FALSE,all_pairs_combn
N207,N96,1,1,small_or_isolated_candidate,small_or_isolated_candidate,1166.7774887432292,FALSE,FALSE,FALSE,0.125,FALSE,NA,FALSE,all_pairs_combn
N294,N34,1,1,small_or_isolated_candidate,small_or_isolated_candidate,1167.2315061251836,FALSE,FALSE,FALSE,0.125,FALSE,NA,FALSE,all_pairs_combn
N131,N69,1,1,small_or_isolated_candidate,small_or_isolated_candidate,1169.0166488489144,FALSE,FALSE,FALSE,0.125,FALSE,NA,FALSE,all_pairs_combn
N150,N35,1,1,small_or_isolated_candidate,small_or_isolated_candidate,1169.163038411001,FALSE,FALSE,FALSE,0.125,FALSE,NA,FALSE,all_pairs_combn
N134,N68,1,1,small_or_isolated_candidate,small_or_isolated_candidate,1169.5667072716099,FALSE,FALSE,FALSE,0.125,FALSE,NA,FALSE,all_pairs_combn
N125,N68,1,1,small_or_isolated_candidate,small_or_isolated_candidate,1169.9266359328183,FALSE,FALSE,FALSE,0.125,FALSE,NA,FALSE,all_pairs_combn
N296,N69,1,1,small_or_isolated_candidate,small_or_isolated_candidate,1170.759615106154,FALSE,FALSE,FALSE,0.125,FALSE,NA,FALSE,all_pairs_combn
N133,N95,1,1,small_or_isolated_candidate,small_or_isolated_candidate,1172.4178316731036,FALSE,FALSE,FALSE,0.125,FALSE,NA,FALSE,all_pairs_combn
N114,N305,1,1,small_or_isolated_candidate,small_or_isolated_candidate,1172.8290716392587,FALSE,FALSE,FALSE,0.125,FALSE,NA,FALSE,all_pairs_combn
N136,N36,1,1,small_or_isolated_candidate,small_or_isolated_candidate,1174.036566326353,FALSE,FALSE,FALSE,0.125,FALSE,NA,FALSE,all_pairs_combn
N114,N32,1,1,small_or_isolated_candidate,small_or_isolated_candidate,1174.4999156962556,FALSE,FALSE,FALSE,0.125,FALSE,NA,FALSE,all_pairs_combn
N128,N96,1,1,small_or_isolated_candidate,small_or_isolated_candidate,1174.9571240841265,FALSE,FALSE,FALSE,0.125,FALSE,NA,FALSE,all_pairs_combn
N157,N93,1,1,small_or_isolated_candidate,small_or_isolated_candidate,1175.11748053449,FALSE,FALSE,FALSE,0.125,FALSE,NA,FALSE,all_pairs_combn
N127,N96,1,1,small_or_isolated_candidate,small_or_isolated_candidate,1176.117331526991,FALSE,FALSE,FALSE,0.125,FALSE,NA,FALSE,all_pairs_combn
N124,N71,1,1,small_or_isolated_candidate,small_or_isolated_candidate,1176.1278125650272,FALSE,FALSE,FALSE,0.125,FALSE,NA,FALSE,all_pairs_combn
N107,N131,1,1,small_or_isolated_candidate,small_or_isolated_candidate,1176.9394379633732,FALSE,FALSE,FALSE,0.125,FALSE,NA,FALSE,all_pairs_combn
N207,N300,1,1,small_or_isolated_candidate,small_or_isolated_candidate,1177.2651528294252,FALSE,FALSE,FALSE,0.125,FALSE,NA,FALSE,all_pairs_combn
N142,N71,1,1,small_or_isolated_candidate,small_or_isolated_candidate,1177.8764390027677,FALSE,FALSE,FALSE,0.125,FALSE,NA,FALSE,all_pairs_combn
N128,N151,1,1,small_or_isolated_candidate,small_or_isolated_candidate,1178.994689117085,FALSE,FALSE,FALSE,0.125,FALSE,NA,FALSE,all_pairs_combn
N111,N151,1,1,small_or_isolated_candidate,small_or_isolated_candidate,1179.30240492852,FALSE,FALSE,FALSE,0.125,FALSE,NA,FALSE,all_pairs_combn
N31,N48,1,1,small_or_isolated_candidate,small_or_isolated_candidate,1180.3080404564296,FALSE,FALSE,FALSE,0.125,FALSE,NA,FALSE,all_pairs_combn
N18,N207,1,1,small_or_isolated_candidate,small_or_isolated_candidate,1181.3462623355435,FALSE,FALSE,FALSE,0.125,FALSE,NA,FALSE,all_pairs_combn
N112,N151,1,1,small_or_isolated_candidate,small_or_isolated_candidate,1181.4754942641139,FALSE,FALSE,FALSE,0.125,FALSE,NA,FALSE,all_pairs_combn
N132,N182,1,1,small_or_isolated_candidate,small_or_isolated_candidate,1181.7628815882188,FALSE,FALSE,FALSE,0.125,FALSE,NA,FALSE,all_pairs_combn
N127,N151,1,1,small_or_isolated_candidate,small_or_isolated_candidate,1181.7913730501539,FALSE,FALSE,FALSE,0.125,FALSE,NA,FALSE,all_pairs_combn
N142,N33,1,1,small_or_isolated_candidate,small_or_isolated_candidate,1182.5079244515814,FALSE,FALSE,FALSE,0.125,FALSE,NA,FALSE,all_pairs_combn
N133,N94,1,1,small_or_isolated_candidate,small_or_isolated_candidate,1183.3751113892195,FALSE,FALSE,FALSE,0.125,FALSE,NA,FALSE,all_pairs_combn
N120,N132,1,1,small_or_isolated_candidate,small_or_isolated_candidate,1184.6080048289434,FALSE,FALSE,FALSE,0.125,FALSE,NA,FALSE,all_pairs_combn
N122,N31,1,1,small_or_isolated_candidate,small_or_isolated_candidate,1186.249629821201,FALSE,FALSE,FALSE,0.125,FALSE,NA,FALSE,all_pairs_combn
N296,N92,1,1,small_or_isolated_candidate,small_or_isolated_candidate,1187.1635291516468,FALSE,FALSE,FALSE,0.125,FALSE,NA,FALSE,all_pairs_combn
N17,N207,1,1,small_or_isolated_candidate,small_or_isolated_candidate,1187.3498771386185,FALSE,FALSE,FALSE,0.125,FALSE,NA,FALSE,all_pairs_combn
N212,N93,1,1,small_or_isolated_candidate,small_or_isolated_candidate,1187.6290432207775,FALSE,FALSE,FALSE,0.125,FALSE,NA,FALSE,all_pairs_combn
N123,N31,1,1,small_or_isolated_candidate,small_or_isolated_candidate,1187.653866509957,FALSE,FALSE,FALSE,0.125,FALSE,NA,FALSE,all_pairs_combn
N148,N34,1,1,small_or_isolated_candidate,small_or_isolated_candidate,1187.7659151444616,FALSE,FALSE,FALSE,0.125,FALSE,NA,FALSE,all_pairs_combn
N136,N35,1,1,small_or_isolated_candidate,small_or_isolated_candidate,1189.2558294959526,FALSE,FALSE,FALSE,0.125,FALSE,NA,FALSE,all_pairs_combn
N121,N31,1,1,small_or_isolated_candidate,small_or_isolated_candidate,1189.8087874850603,FALSE,FALSE,FALSE,0.125,FALSE,NA,FALSE,all_pairs_combn
N206,N32,1,1,small_or_isolated_candidate,small_or_isolated_candidate,1190.004648349858,FALSE,FALSE,FALSE,0.125,FALSE,NA,FALSE,all_pairs_combn
N259,N36,1,1,small_or_isolated_candidate,small_or_isolated_candidate,1190.6407397982694,FALSE,FALSE,FALSE,0.125,FALSE,NA,FALSE,all_pairs_combn
N11,N32,1,1,small_or_isolated_candidate,small_or_isolated_candidate,1191.8069065218376,FALSE,FALSE,FALSE,0.125,FALSE,NA,FALSE,all_pairs_combn
N206,N300,1,1,small_or_isolated_candidate,small_or_isolated_candidate,1192.6393264599867,FALSE,FALSE,FALSE,0.125,FALSE,NA,FALSE,all_pairs_combn
N152,N93,1,1,small_or_isolated_candidate,small_or_isolated_candidate,1193.5098742131736,FALSE,FALSE,FALSE,0.125,FALSE,NA,FALSE,all_pairs_combn
N19,N33,1,1,small_or_isolated_candidate,small_or_isolated_candidate,1194.687657818034,FALSE,FALSE,FALSE,0.125,FALSE,NA,FALSE,all_pairs_combn
N142,N32,1,1,small_or_isolated_candidate,small_or_isolated_candidate,1195.0183615209653,FALSE,FALSE,FALSE,0.125,FALSE,NA,FALSE,all_pairs_combn
N153,N93,1,1,small_or_isolated_candidate,small_or_isolated_candidate,1195.7920133427554,FALSE,FALSE,FALSE,0.125,FALSE,NA,FALSE,all_pairs_combn
N126,N68,1,1,small_or_isolated_candidate,small_or_isolated_candidate,1196.3381742404188,FALSE,FALSE,FALSE,0.125,FALSE,NA,FALSE,all_pairs_combn
N21,N32,1,1,small_or_isolated_candidate,small_or_isolated_candidate,1196.3447048497458,FALSE,FALSE,FALSE,0.125,FALSE,NA,FALSE,all_pairs_combn
N137,N18,1,1,small_or_isolated_candidate,small_or_isolated_candidate,1197.2325470533135,FALSE,FALSE,FALSE,0.125,FALSE,NA,FALSE,all_pairs_combn
N129,N68,1,1,small_or_isolated_candidate,small_or_isolated_candidate,1197.5053013930947,FALSE,FALSE,FALSE,0.125,FALSE,NA,FALSE,all_pairs_combn
N131,N62,1,1,small_or_isolated_candidate,small_or_isolated_candidate,1198.7966512702328,FALSE,FALSE,FALSE,0.125,FALSE,NA,FALSE,all_pairs_combn
N207,N304,1,1,small_or_isolated_candidate,small_or_isolated_candidate,1198.8969579337222,FALSE,FALSE,FALSE,0.125,FALSE,NA,FALSE,all_pairs_combn
N20,N32,1,1,small_or_isolated_candidate,small_or_isolated_candidate,1199.1338351106876,FALSE,FALSE,FALSE,0.125,FALSE,NA,FALSE,all_pairs_combn
N22,N34,1,1,small_or_isolated_candidate,small_or_isolated_candidate,1199.5477407926285,FALSE,FALSE,FALSE,0.125,FALSE,NA,FALSE,all_pairs_combn
N32,N61,1,1,small_or_isolated_candidate,small_or_isolated_candidate,1201.098366081682,FALSE,FALSE,FALSE,0.125,FALSE,NA,FALSE,all_pairs_combn
N141,N32,1,1,small_or_isolated_candidate,small_or_isolated_candidate,1202.1863850810366,FALSE,FALSE,FALSE,0.125,FALSE,NA,FALSE,all_pairs_combn
N292,N36,1,1,small_or_isolated_candidate,small_or_isolated_candidate,1203.4445779166797,FALSE,FALSE,FALSE,0.125,FALSE,NA,FALSE,all_pairs_combn
N259,N35,1,1,small_or_isolated_candidate,small_or_isolated_candidate,1203.9157688190624,FALSE,FALSE,FALSE,0.125,FALSE,NA,FALSE,all_pairs_combn
N125,N71,1,1,small_or_isolated_candidate,small_or_isolated_candidate,1204.1252259615728,FALSE,FALSE,FALSE,0.125,FALSE,NA,FALSE,all_pairs_combn
N131,N66,1,1,small_or_isolated_candidate,small_or_isolated_candidate,1204.1509202014186,FALSE,FALSE,FALSE,0.125,FALSE,NA,FALSE,all_pairs_combn
N207,N305,1,1,small_or_isolated_candidate,small_or_isolated_candidate,1204.6601237931823,FALSE,FALSE,FALSE,0.125,FALSE,NA,FALSE,all_pairs_combn
N296,N95,1,1,small_or_isolated_candidate,small_or_isolated_candidate,1204.6716793920548,FALSE,FALSE,FALSE,0.125,FALSE,NA,FALSE,all_pairs_combn
N131,N63,1,1,small_or_isolated_candidate,small_or_isolated_candidate,1205.1433280963283,FALSE,FALSE,FALSE,0.125,FALSE,NA,FALSE,all_pairs_combn
N111,N67,1,1,small_or_isolated_candidate,small_or_isolated_candidate,1205.6131361519417,FALSE,FALSE,FALSE,0.125,FALSE,NA,FALSE,all_pairs_combn
N137,N17,1,1,small_or_isolated_candidate,small_or_isolated_candidate,1206.3016173645333,FALSE,FALSE,FALSE,0.125,FALSE,NA,FALSE,all_pairs_combn
N145,N34,1,1,small_or_isolated_candidate,small_or_isolated_candidate,1206.5844618341937,FALSE,FALSE,FALSE,0.125,FALSE,NA,FALSE,all_pairs_combn
N140,N32,1,1,small_or_isolated_candidate,small_or_isolated_candidate,1206.7423168325213,FALSE,FALSE,FALSE,0.125,FALSE,NA,FALSE,all_pairs_combn
N110,N151,1,1,small_or_isolated_candidate,small_or_isolated_candidate,1207.0518126210627,FALSE,FALSE,FALSE,0.125,FALSE,NA,FALSE,all_pairs_combn
N112,N67,1,1,small_or_isolated_candidate,small_or_isolated_candidate,1207.5806323442296,FALSE,FALSE,FALSE,0.125,FALSE,NA,FALSE,all_pairs_combn
N294,N33,1,1,small_or_isolated_candidate,small_or_isolated_candidate,1207.7709646818055,FALSE,FALSE,FALSE,0.125,FALSE,NA,FALSE,all_pairs_combn
N300,N69,1,1,small_or_isolated_candidate,small_or_isolated_candidate,1208.1823148255103,FALSE,FALSE,FALSE,0.125,FALSE,NA,FALSE,all_pairs_combn
N128,N92,1,1,small_or_isolated_candidate,small_or_isolated_candidate,1209.5997015863795,FALSE,FALSE,FALSE,0.125,FALSE,NA,FALSE,all_pairs_combn
N104,N131,1,1,small_or_isolated_candidate,small_or_isolated_candidate,1209.630128904456,FALSE,FALSE,FALSE,0.125,FALSE,NA,FALSE,all_pairs_combn
N119,N31,1,1,small_or_isolated_candidate,small_or_isolated_candidate,1209.6366984283836,FALSE,FALSE,FALSE,0.125,FALSE,NA,FALSE,all_pairs_combn
N127,N92,1,1,small_or_isolated_candidate,small_or_isolated_candidate,1210.5087336878896,FALSE,FALSE,FALSE,0.125,FALSE,NA,FALSE,all_pairs_combn
N129,N71,1,1,small_or_isolated_candidate,small_or_isolated_candidate,1211.5621352908017,FALSE,FALSE,FALSE,0.125,FALSE,NA,FALSE,all_pairs_combn
N18,N182,1,1,small_or_isolated_candidate,small_or_isolated_candidate,1211.8427081365521,FALSE,FALSE,FALSE,0.125,FALSE,NA,FALSE,all_pairs_combn
N30,N32,1,1,small_or_isolated_candidate,small_or_isolated_candidate,1212.2610895632063,FALSE,FALSE,FALSE,0.125,FALSE,NA,FALSE,all_pairs_combn
N148,N32,1,1,small_or_isolated_candidate,small_or_isolated_candidate,1212.4179696429032,FALSE,FALSE,FALSE,0.125,FALSE,NA,FALSE,all_pairs_combn
N296,N94,1,1,small_or_isolated_candidate,small_or_isolated_candidate,1212.7689801134352,FALSE,FALSE,FALSE,0.125,FALSE,NA,FALSE,all_pairs_combn
N206,N304,1,1,small_or_isolated_candidate,small_or_isolated_candidate,1213.950165048921,FALSE,FALSE,FALSE,0.125,FALSE,NA,FALSE,all_pairs_combn
N68,N93,1,1,small_or_isolated_candidate,small_or_isolated_candidate,1215.605966369509,FALSE,FALSE,FALSE,0.125,FALSE,NA,FALSE,all_pairs_combn
N24,N34,1,1,small_or_isolated_candidate,small_or_isolated_candidate,1216.1881889983576,FALSE,FALSE,FALSE,0.125,FALSE,NA,FALSE,all_pairs_combn
N305,N69,1,1,small_or_isolated_candidate,small_or_isolated_candidate,1216.9862154393902,FALSE,FALSE,FALSE,0.125,FALSE,NA,FALSE,all_pairs_combn
N10,N34,1,1,small_or_isolated_candidate,small_or_isolated_candidate,1217.7717509883626,FALSE,FALSE,FALSE,0.125,FALSE,NA,FALSE,all_pairs_combn
N24,N69,1,1,small_or_isolated_candidate,small_or_isolated_candidate,1218.042769216041,FALSE,FALSE,FALSE,0.125,FALSE,NA,FALSE,all_pairs_combn
N17,N182,1,1,small_or_isolated_candidate,small_or_isolated_candidate,1219.9837130492492,FALSE,FALSE,FALSE,0.125,FALSE,NA,FALSE,all_pairs_combn
N305,N71,1,1,small_or_isolated_candidate,small_or_isolated_candidate,1220.0700724005978,FALSE,FALSE,FALSE,0.125,FALSE,NA,FALSE,all_pairs_combn
N212,N34,1,1,small_or_isolated_candidate,small_or_isolated_candidate,1220.4628317418387,FALSE,FALSE,FALSE,0.125,FALSE,NA,FALSE,all_pairs_combn
N292,N35,1,1,small_or_isolated_candidate,small_or_isolated_candidate,1221.1254502525326,FALSE,FALSE,FALSE,0.125,FALSE,NA,FALSE,all_pairs_combn
N147,N71,1,1,small_or_isolated_candidate,small_or_isolated_candidate,1222.3095353213007,FALSE,FALSE,FALSE,0.125,FALSE,NA,FALSE,all_pairs_combn
N113,N65,1,1,small_or_isolated_candidate,small_or_isolated_candidate,1222.8900119534949,FALSE,FALSE,FALSE,0.125,FALSE,NA,FALSE,all_pairs_combn
N113,N69,1,1,small_or_isolated_candidate,small_or_isolated_candidate,1224.5813562377214,FALSE,FALSE,FALSE,0.125,FALSE,NA,FALSE,all_pairs_combn
N148,N33,1,1,small_or_isolated_candidate,small_or_isolated_candidate,1225.4238138654352,FALSE,FALSE,FALSE,0.125,FALSE,NA,FALSE,all_pairs_combn
N304,N69,1,1,small_or_isolated_candidate,small_or_isolated_candidate,1226.884733907072,FALSE,FALSE,FALSE,0.125,FALSE,NA,FALSE,all_pairs_combn
N206,N305,1,1,small_or_isolated_candidate,small_or_isolated_candidate,1227.830713216409,FALSE,FALSE,FALSE,0.125,FALSE,NA,FALSE,all_pairs_combn
N32,N65,1,1,small_or_isolated_candidate,small_or_isolated_candidate,1229.582133026885,FALSE,FALSE,FALSE,0.125,FALSE,NA,FALSE,all_pairs_combn
N128,N95,1,1,small_or_isolated_candidate,small_or_isolated_candidate,1232.0788097994816,FALSE,FALSE,FALSE,0.125,FALSE,NA,FALSE,all_pairs_combn
N127,N95,1,1,small_or_isolated_candidate,small_or_isolated_candidate,1233.032251011902,FALSE,FALSE,FALSE,0.125,FALSE,NA,FALSE,all_pairs_combn
N120,N18,1,1,small_or_isolated_candidate,small_or_isolated_candidate,1233.453902231319,FALSE,FALSE,FALSE,0.125,FALSE,NA,FALSE,all_pairs_combn
N113,N61,1,1,small_or_isolated_candidate,small_or_isolated_candidate,1235.075704107869,FALSE,FALSE,FALSE,0.125,FALSE,NA,FALSE,all_pairs_combn
N133,N93,1,1,small_or_isolated_candidate,small_or_isolated_candidate,1236.0061495274306,FALSE,FALSE,FALSE,0.125,FALSE,NA,FALSE,all_pairs_combn
N11,N207,1,1,small_or_isolated_candidate,small_or_isolated_candidate,1236.594298174327,FALSE,FALSE,FALSE,0.125,FALSE,NA,FALSE,all_pairs_combn
N22,N33,1,1,small_or_isolated_candidate,small_or_isolated_candidate,1236.7693394861785,FALSE,FALSE,FALSE,0.125,FALSE,NA,FALSE,all_pairs_combn
N128,N94,1,1,small_or_isolated_candidate,small_or_isolated_candidate,1237.4696501665412,FALSE,FALSE,FALSE,0.125,FALSE,NA,FALSE,all_pairs_combn
N127,N94,1,1,small_or_isolated_candidate,small_or_isolated_candidate,1238.3945949225122,FALSE,FALSE,FALSE,0.125,FALSE,NA,FALSE,all_pairs_combn
N212,N32,1,1,small_or_isolated_candidate,small_or_isolated_candidate,1238.518638961656,FALSE,FALSE,FALSE,0.125,FALSE,NA,FALSE,all_pairs_combn
N131,N96,1,1,small_or_isolated_candidate,small_or_isolated_candidate,1239.474907921394,FALSE,FALSE,FALSE,0.125,FALSE,NA,FALSE,all_pairs_combn
N120,N17,1,1,small_or_isolated_candidate,small_or_isolated_candidate,1241.7085965145286,FALSE,FALSE,FALSE,0.125,FALSE,NA,FALSE,all_pairs_combn
N22,N69,1,1,small_or_isolated_candidate,small_or_isolated_candidate,1242.237205047199,FALSE,FALSE,FALSE,0.125,FALSE,NA,FALSE,all_pairs_combn
N10,N69,1,1,small_or_isolated_candidate,small_or_isolated_candidate,1242.9348600927551,FALSE,FALSE,FALSE,0.125,FALSE,NA,FALSE,all_pairs_combn
N296,N93,1,1,small_or_isolated_candidate,small_or_isolated_candidate,1243.587981967745,FALSE,FALSE,FALSE,0.125,FALSE,NA,FALSE,all_pairs_combn
N67,N96,1,1,small_or_isolated_candidate,small_or_isolated_candidate,1244.7716060263638,FALSE,FALSE,FALSE,0.125,FALSE,NA,FALSE,all_pairs_combn
N11,N137,1,1,small_or_isolated_candidate,small_or_isolated_candidate,1245.096957953447,FALSE,FALSE,FALSE,0.125,FALSE,NA,FALSE,all_pairs_combn
N31,N71,1,1,small_or_isolated_candidate,small_or_isolated_candidate,1245.1073916197151,FALSE,FALSE,FALSE,0.125,FALSE,NA,FALSE,all_pairs_combn
N144,N36,1,1,small_or_isolated_candidate,small_or_isolated_candidate,1246.427949656705,FALSE,FALSE,FALSE,0.125,FALSE,NA,FALSE,all_pairs_combn
N145,N33,1,1,small_or_isolated_candidate,small_or_isolated_candidate,1247.22876771628,FALSE,FALSE,FALSE,0.125,FALSE,NA,FALSE,all_pairs_combn
N300,N71,1,1,small_or_isolated_candidate,small_or_isolated_candidate,1248.977779088662,FALSE,FALSE,FALSE,0.125,FALSE,NA,FALSE,all_pairs_combn
N128,N93,1,1,small_or_isolated_candidate,small_or_isolated_candidate,1249.192538555598,FALSE,FALSE,FALSE,0.125,FALSE,NA,FALSE,all_pairs_combn
N127,N93,1,1,small_or_isolated_candidate,small_or_isolated_candidate,1249.9199475729608,FALSE,FALSE,FALSE,0.125,FALSE,NA,FALSE,all_pairs_combn
N107,N113,1,1,small_or_isolated_candidate,small_or_isolated_candidate,1249.9747476635982,FALSE,FALSE,FALSE,0.125,FALSE,NA,FALSE,all_pairs_combn
N135,N19,1,1,small_or_isolated_candidate,small_or_isolated_candidate,1250.4596125656185,FALSE,FALSE,FALSE,0.125,FALSE,NA,FALSE,all_pairs_combn
N114,N128,1,1,small_or_isolated_candidate,small_or_isolated_candidate,1250.5453571119745,FALSE,FALSE,FALSE,0.125,FALSE,NA,FALSE,all_pairs_combn
N150,N31,1,1,small_or_isolated_candidate,small_or_isolated_candidate,1251.0430588913546,FALSE,FALSE,FALSE,0.125,FALSE,NA,FALSE,all_pairs_combn
N304,N71,1,1,small_or_isolated_candidate,small_or_isolated_candidate,1252.0347817842571,FALSE,FALSE,FALSE,0.125,FALSE,NA,FALSE,all_pairs_combn
N114,N127,1,1,small_or_isolated_candidate,small_or_isolated_candidate,1253.399070130756,FALSE,FALSE,FALSE,0.125,FALSE,NA,FALSE,all_pairs_combn
N24,N33,1,1,small_or_isolated_candidate,small_or_isolated_candidate,1254.7108529513698,FALSE,FALSE,FALSE,0.125,FALSE,NA,FALSE,all_pairs_combn
N10,N33,1,1,small_or_isolated_candidate,small_or_isolated_candidate,1255.5627832979885,FALSE,FALSE,FALSE,0.125,FALSE,NA,FALSE,all_pairs_combn
N135,N30,1,1,small_or_isolated_candidate,small_or_isolated_candidate,1255.6148572637503,FALSE,FALSE,FALSE,0.125,FALSE,NA,FALSE,all_pairs_combn
N308,N34,1,1,small_or_isolated_candidate,small_or_isolated_candidate,1256.6166244638403,FALSE,FALSE,FALSE,0.125,FALSE,NA,FALSE,all_pairs_combn
N157,N34,1,1,small_or_isolated_candidate,small_or_isolated_candidate,1257.1271596178203,FALSE,FALSE,FALSE,0.125,FALSE,NA,FALSE,all_pairs_combn
N212,N33,1,1,small_or_isolated_candidate,small_or_isolated_candidate,1257.723427318306,FALSE,FALSE,FALSE,0.125,FALSE,NA,FALSE,all_pairs_combn
N48,N68,1,1,small_or_isolated_candidate,small_or_isolated_candidate,1257.810896296992,FALSE,FALSE,FALSE,0.125,FALSE,NA,FALSE,all_pairs_combn
N294,N32,1,1,small_or_isolated_candidate,small_or_isolated_candidate,1258.727353541716,FALSE,FALSE,FALSE,0.125,FALSE,NA,FALSE,all_pairs_combn
N132,N71,1,1,small_or_isolated_candidate,small_or_isolated_candidate,1259.421350979156,FALSE,FALSE,FALSE,0.125,FALSE,NA,FALSE,all_pairs_combn
N143,N36,1,1,small_or_isolated_candidate,small_or_isolated_candidate,1260.4893281943703,FALSE,FALSE,FALSE,0.125,FALSE,NA,FALSE,all_pairs_combn
N135,N51,1,1,small_or_isolated_candidate,small_or_isolated_candidate,1261.3368368059935,FALSE,FALSE,FALSE,0.125,FALSE,NA,FALSE,all_pairs_combn
N135,N52,1,1,small_or_isolated_candidate,small_or_isolated_candidate,1262.2343305869117,FALSE,FALSE,FALSE,0.125,FALSE,NA,FALSE,all_pairs_combn
N122,N68,1,1,small_or_isolated_candidate,small_or_isolated_candidate,1263.386379670154,FALSE,FALSE,FALSE,0.125,FALSE,NA,FALSE,all_pairs_combn
N135,N24,1,1,small_or_isolated_candidate,small_or_isolated_candidate,1264.2009222883198,FALSE,FALSE,FALSE,0.125,FALSE,NA,FALSE,all_pairs_combn
N136,N31,1,1,small_or_isolated_candidate,small_or_isolated_candidate,1264.3721387157061,FALSE,FALSE,FALSE,0.125,FALSE,NA,FALSE,all_pairs_combn
N144,N35,1,1,small_or_isolated_candidate,small_or_isolated_candidate,1264.7950445938468,FALSE,FALSE,FALSE,0.125,FALSE,NA,FALSE,all_pairs_combn
N123,N68,1,1,small_or_isolated_candidate,small_or_isolated_candidate,1264.8061625108446,FALSE,FALSE,FALSE,0.125,FALSE,NA,FALSE,all_pairs_combn
N121,N68,1,1,small_or_isolated_candidate,small_or_isolated_candidate,1266.9479464763833,FALSE,FALSE,FALSE,0.125,FALSE,NA,FALSE,all_pairs_combn
N133,N34,1,1,small_or_isolated_candidate,small_or_isolated_candidate,1267.1538064859083,FALSE,FALSE,FALSE,0.125,FALSE,NA,FALSE,all_pairs_combn
N132,N151,1,1,small_or_isolated_candidate,small_or_isolated_candidate,1268.5474342831988,FALSE,FALSE,FALSE,0.125,FALSE,NA,FALSE,all_pairs_combn
N11,N182,1,1,small_or_isolated_candidate,small_or_isolated_candidate,1268.673175673524,FALSE,FALSE,FALSE,0.125,FALSE,NA,FALSE,all_pairs_combn
N114,N18,1,1,small_or_isolated_candidate,small_or_isolated_candidate,1269.506066599829,FALSE,FALSE,FALSE,0.125,FALSE,NA,FALSE,all_pairs_combn
N113,N62,1,1,small_or_isolated_candidate,small_or_isolated_candidate,1270.8588360376154,FALSE,FALSE,FALSE,0.125,FALSE,NA,FALSE,all_pairs_combn
N104,N67,1,1,small_or_isolated_candidate,small_or_isolated_candidate,1271.4066541392056,FALSE,FALSE,FALSE,0.125,FALSE,NA,FALSE,all_pairs_combn
N36,N51,1,1,small_or_isolated_candidate,small_or_isolated_candidate,1271.655677407057,FALSE,FALSE,FALSE,0.125,FALSE,NA,FALSE,all_pairs_combn
N36,N52,1,1,small_or_isolated_candidate,small_or_isolated_candidate,1272.1647807625752,FALSE,FALSE,FALSE,0.125,FALSE,NA,FALSE,all_pairs_combn
N35,N62,1,1,small_or_isolated_candidate,small_or_isolated_candidate,1272.9506854128317,FALSE,FALSE,FALSE,0.125,FALSE,NA,FALSE,all_pairs_combn
N67,N95,1,1,small_or_isolated_candidate,small_or_isolated_candidate,1273.8325867036758,FALSE,FALSE,FALSE,0.125,FALSE,NA,FALSE,all_pairs_combn
N36,N62,1,1,small_or_isolated_candidate,small_or_isolated_candidate,1273.9517948337607,FALSE,FALSE,FALSE,0.125,FALSE,NA,FALSE,all_pairs_combn
N35,N51,1,1,small_or_isolated_candidate,small_or_isolated_candidate,1274.7026270360582,FALSE,FALSE,FALSE,0.125,FALSE,NA,FALSE,all_pairs_combn
N35,N52,1,1,small_or_isolated_candidate,small_or_isolated_candidate,1275.1923741095447,FALSE,FALSE,FALSE,0.125,FALSE,NA,FALSE,all_pairs_combn
N207,N95,1,1,small_or_isolated_candidate,small_or_isolated_candidate,1275.7886913272243,FALSE,FALSE,FALSE,0.125,FALSE,NA,FALSE,all_pairs_combn
N113,N66,1,1,small_or_isolated_candidate,small_or_isolated_candidate,1276.0431717723009,FALSE,FALSE,FALSE,0.125,FALSE,NA,FALSE,all_pairs_combn
N114,N17,1,1,small_or_isolated_candidate,small_or_isolated_candidate,1276.871527722034,FALSE,FALSE,FALSE,0.125,FALSE,NA,FALSE,all_pairs_combn
N113,N63,1,1,small_or_isolated_candidate,small_or_isolated_candidate,1277.0367929019956,FALSE,FALSE,FALSE,0.125,FALSE,NA,FALSE,all_pairs_combn
N143,N35,1,1,small_or_isolated_candidate,small_or_isolated_candidate,1279.0191836648874,FALSE,FALSE,FALSE,0.125,FALSE,NA,FALSE,all_pairs_combn
N292,N31,1,1,small_or_isolated_candidate,small_or_isolated_candidate,1280.4116162347198,FALSE,FALSE,FALSE,0.125,FALSE,NA,FALSE,all_pairs_combn
N67,N94,1,1,small_or_isolated_candidate,small_or_isolated_candidate,1280.7683462154482,FALSE,FALSE,FALSE,0.125,FALSE,NA,FALSE,all_pairs_combn
N133,N32,1,1,small_or_isolated_candidate,small_or_isolated_candidate,1281.1495305619064,FALSE,FALSE,FALSE,0.125,FALSE,NA,FALSE,all_pairs_combn
N152,N34,1,1,small_or_isolated_candidate,small_or_isolated_candidate,1281.7172744822512,FALSE,FALSE,FALSE,0.125,FALSE,NA,FALSE,all_pairs_combn
N104,N113,1,1,small_or_isolated_candidate,small_or_isolated_candidate,1282.5567697743616,FALSE,FALSE,FALSE,0.125,FALSE,NA,FALSE,all_pairs_combn
N207,N51,1,1,small_or_isolated_candidate,small_or_isolated_candidate,1282.8822816454103,FALSE,FALSE,FALSE,0.125,FALSE,NA,FALSE,all_pairs_combn
N207,N92,1,1,small_or_isolated_candidate,small_or_isolated_candidate,1283.569068589383,FALSE,FALSE,FALSE,0.125,FALSE,NA,FALSE,all_pairs_combn
N119,N68,1,1,small_or_isolated_candidate,small_or_isolated_candidate,1283.8541276732262,FALSE,FALSE,FALSE,0.125,FALSE,NA,FALSE,all_pairs_combn
N207,N52,1,1,small_or_isolated_candidate,small_or_isolated_candidate,1283.8676085611871,FALSE,FALSE,FALSE,0.125,FALSE,NA,FALSE,all_pairs_combn
N307,N34,1,1,small_or_isolated_candidate,small_or_isolated_candidate,1284.7667650704745,FALSE,FALSE,FALSE,0.125,FALSE,NA,FALSE,all_pairs_combn
N114,N34,1,1,small_or_isolated_candidate,small_or_isolated_candidate,1284.9748508552261,FALSE,FALSE,FALSE,0.125,FALSE,NA,FALSE,all_pairs_combn
N153,N34,1,1,small_or_isolated_candidate,small_or_isolated_candidate,1285.2000703134875,FALSE,FALSE,FALSE,0.125,FALSE,NA,FALSE,all_pairs_combn
N110,N67,1,1,small_or_isolated_candidate,small_or_isolated_candidate,1286.933101850356,FALSE,FALSE,FALSE,0.125,FALSE,NA,FALSE,all_pairs_combn
N35,N63,1,1,small_or_isolated_candidate,small_or_isolated_candidate,1287.1765226255093,FALSE,FALSE,FALSE,0.125,FALSE,NA,FALSE,all_pairs_combn
N35,N66,1,1,small_or_isolated_candidate,small_or_isolated_candidate,1287.2978357369632,FALSE,FALSE,FALSE,0.125,FALSE,NA,FALSE,all_pairs_combn
N36,N63,1,1,small_or_isolated_candidate,small_or_isolated_candidate,1288.324213119792,FALSE,FALSE,FALSE,0.125,FALSE,NA,FALSE,all_pairs_combn
N36,N66,1,1,small_or_isolated_candidate,small_or_isolated_candidate,1288.4233231542796,FALSE,FALSE,FALSE,0.125,FALSE,NA,FALSE,all_pairs_combn
N207,N94,1,1,small_or_isolated_candidate,small_or_isolated_candidate,1289.8526088491571,FALSE,FALSE,FALSE,0.125,FALSE,NA,FALSE,all_pairs_combn
N259,N31,1,1,small_or_isolated_candidate,small_or_isolated_candidate,1290.0574393508996,FALSE,FALSE,FALSE,0.125,FALSE,NA,FALSE,all_pairs_combn
N11,N120,1,1,small_or_isolated_candidate,small_or_isolated_candidate,1290.065107423783,FALSE,FALSE,FALSE,0.125,FALSE,NA,FALSE,all_pairs_combn
N157,N32,1,1,small_or_isolated_candidate,small_or_isolated_candidate,1290.2329765191837,FALSE,FALSE,FALSE,0.125,FALSE,NA,FALSE,all_pairs_combn
N36,N50,1,1,small_or_isolated_candidate,small_or_isolated_candidate,1290.646517773737,FALSE,FALSE,FALSE,0.125,FALSE,NA,FALSE,all_pairs_combn
N36,N49,1,1,small_or_isolated_candidate,small_or_isolated_candidate,1290.8703826231674,FALSE,FALSE,FALSE,0.125,FALSE,NA,FALSE,all_pairs_combn
N35,N50,1,1,small_or_isolated_candidate,small_or_isolated_candidate,1292.253403705573,FALSE,FALSE,FALSE,0.125,FALSE,NA,FALSE,all_pairs_combn
N35,N49,1,1,small_or_isolated_candidate,small_or_isolated_candidate,1292.544122011154,FALSE,FALSE,FALSE,0.125,FALSE,NA,FALSE,all_pairs_combn
N148,N71,1,1,small_or_isolated_candidate,small_or_isolated_candidate,1292.6563965496969,FALSE,FALSE,FALSE,0.125,FALSE,NA,FALSE,all_pairs_combn
N157,N33,1,1,small_or_isolated_candidate,small_or_isolated_candidate,1295.3829446527288,FALSE,FALSE,FALSE,0.125,FALSE,NA,FALSE,all_pairs_combn
N308,N33,1,1,small_or_isolated_candidate,small_or_isolated_candidate,1297.2694474783189,FALSE,FALSE,FALSE,0.125,FALSE,NA,FALSE,all_pairs_combn
N149,N36,1,1,small_or_isolated_candidate,small_or_isolated_candidate,1297.9563999560305,FALSE,FALSE,FALSE,0.125,FALSE,NA,FALSE,all_pairs_combn
N107,N67,1,1,small_or_isolated_candidate,small_or_isolated_candidate,1301.1206679856243,FALSE,FALSE,FALSE,0.125,FALSE,NA,FALSE,all_pairs_combn
N145,N32,1,1,small_or_isolated_candidate,small_or_isolated_candidate,1303.4544846341519,FALSE,FALSE,FALSE,0.125,FALSE,NA,FALSE,all_pairs_combn
N67,N92,1,1,small_or_isolated_candidate,small_or_isolated_candidate,1303.5523769381919,FALSE,FALSE,FALSE,0.125,FALSE,NA,FALSE,all_pairs_combn
N133,N33,1,1,small_or_isolated_candidate,small_or_isolated_candidate,1304.19066238795,FALSE,FALSE,FALSE,0.125,FALSE,NA,FALSE,all_pairs_combn
N128,N206,1,1,small_or_isolated_candidate,small_or_isolated_candidate,1304.750553576657,FALSE,FALSE,FALSE,0.125,FALSE,NA,FALSE,all_pairs_combn
N151,N18,1,1,small_or_isolated_candidate,small_or_isolated_candidate,1305.7802654012994,FALSE,FALSE,FALSE,0.125,FALSE,NA,FALSE,all_pairs_combn
N211,N67,1,1,small_or_isolated_candidate,small_or_isolated_candidate,1306.5683271861676,FALSE,FALSE,FALSE,0.125,FALSE,NA,FALSE,all_pairs_combn
N127,N206,1,1,small_or_isolated_candidate,small_or_isolated_candidate,1307.6032393031458,FALSE,FALSE,FALSE,0.125,FALSE,NA,FALSE,all_pairs_combn
N68,N71,1,1,small_or_isolated_candidate,small_or_isolated_candidate,1308.498189353539,FALSE,FALSE,FALSE,0.125,FALSE,NA,FALSE,all_pairs_combn
N114,N33,1,1,small_or_isolated_candidate,small_or_isolated_candidate,1308.8545577990353,FALSE,FALSE,FALSE,0.125,FALSE,NA,FALSE,all_pairs_combn
N206,N34,1,1,small_or_isolated_candidate,small_or_isolated_candidate,1309.3838502599738,FALSE,FALSE,FALSE,0.125,FALSE,NA,FALSE,all_pairs_combn
N128,N207,1,1,small_or_isolated_candidate,small_or_isolated_candidate,1309.8482666755388,FALSE,FALSE,FALSE,0.125,FALSE,NA,FALSE,all_pairs_combn
N131,N92,1,1,small_or_isolated_candidate,small_or_isolated_candidate,1311.0435530119178,FALSE,FALSE,FALSE,0.125,FALSE,NA,FALSE,all_pairs_combn
N113,N96,1,1,small_or_isolated_candidate,small_or_isolated_candidate,1312.2970539186445,FALSE,FALSE,FALSE,0.125,FALSE,NA,FALSE,all_pairs_combn
N127,N207,1,1,small_or_isolated_candidate,small_or_isolated_candidate,1312.6574038970716,FALSE,FALSE,FALSE,0.125,FALSE,NA,FALSE,all_pairs_combn
N182,N32,1,1,small_or_isolated_candidate,small_or_isolated_candidate,1313.1859011844958,FALSE,FALSE,FALSE,0.125,FALSE,NA,FALSE,all_pairs_combn
N151,N17,1,1,small_or_isolated_candidate,small_or_isolated_candidate,1313.9024859404715,FALSE,FALSE,FALSE,0.125,FALSE,NA,FALSE,all_pairs_combn
N110,N137,1,1,small_or_isolated_candidate,small_or_isolated_candidate,1314.131445655032,FALSE,FALSE,FALSE,0.125,FALSE,NA,FALSE,all_pairs_combn
N152,N32,1,1,small_or_isolated_candidate,small_or_isolated_candidate,1315.301456615531,FALSE,FALSE,FALSE,0.125,FALSE,NA,FALSE,all_pairs_combn
N149,N35,1,1,small_or_isolated_candidate,small_or_isolated_candidate,1315.7280302378863,FALSE,FALSE,FALSE,0.125,FALSE,NA,FALSE,all_pairs_combn
N153,N32,1,1,small_or_isolated_candidate,small_or_isolated_candidate,1318.971853363874,FALSE,FALSE,FALSE,0.125,FALSE,NA,FALSE,all_pairs_combn
N144,N31,1,1,small_or_isolated_candidate,small_or_isolated_candidate,1319.0657335912215,FALSE,FALSE,FALSE,0.125,FALSE,NA,FALSE,all_pairs_combn
N157,N71,1,1,small_or_isolated_candidate,small_or_isolated_candidate,1319.0967114766302,FALSE,FALSE,FALSE,0.125,FALSE,NA,FALSE,all_pairs_combn
N152,N33,1,1,small_or_isolated_candidate,small_or_isolated_candidate,1320.024750269386,FALSE,FALSE,FALSE,0.125,FALSE,NA,FALSE,all_pairs_combn
N18,N206,1,1,small_or_isolated_candidate,small_or_isolated_candidate,1322.0242651102405,FALSE,FALSE,FALSE,0.125,FALSE,NA,FALSE,all_pairs_combn
N153,N33,1,1,small_or_isolated_candidate,small_or_isolated_candidate,1323.5217066202547,FALSE,FALSE,FALSE,0.125,FALSE,NA,FALSE,all_pairs_combn
N135,N49,1,1,small_or_isolated_candidate,small_or_isolated_candidate,1324.2622685633276,FALSE,FALSE,FALSE,0.125,FALSE,NA,FALSE,all_pairs_combn
N114,N132,1,1,small_or_isolated_candidate,small_or_isolated_candidate,1324.843168518538,FALSE,FALSE,FALSE,0.125,FALSE,NA,FALSE,all_pairs_combn
N10,N135,1,1,small_or_isolated_candidate,small_or_isolated_candidate,1324.972231640384,FALSE,FALSE,FALSE,0.125,FALSE,NA,FALSE,all_pairs_combn
N307,N33,1,1,small_or_isolated_candidate,small_or_isolated_candidate,1325.381686587581,FALSE,FALSE,FALSE,0.125,FALSE,NA,FALSE,all_pairs_combn
N131,N95,1,1,small_or_isolated_candidate,small_or_isolated_candidate,1325.4691579097214,FALSE,FALSE,FALSE,0.125,FALSE,NA,FALSE,all_pairs_combn
N11,N114,1,1,small_or_isolated_candidate,small_or_isolated_candidate,1326.6839958995565,FALSE,FALSE,FALSE,0.125,FALSE,NA,FALSE,all_pairs_combn
N107,N135,1,1,small_or_isolated_candidate,small_or_isolated_candidate,1326.9215975452857,FALSE,FALSE,FALSE,0.125,FALSE,NA,FALSE,all_pairs_combn
N135,N50,1,1,small_or_isolated_candidate,small_or_isolated_candidate,1327.195621307679,FALSE,FALSE,FALSE,0.125,FALSE,NA,FALSE,all_pairs_combn
N150,N68,1,1,small_or_isolated_candidate,small_or_isolated_candidate,1328.1813435279385,FALSE,FALSE,FALSE,0.125,FALSE,NA,FALSE,all_pairs_combn
N135,N21,1,1,small_or_isolated_candidate,small_or_isolated_candidate,1328.475349145544,FALSE,FALSE,FALSE,0.125,FALSE,NA,FALSE,all_pairs_combn
N17,N206,1,1,small_or_isolated_candidate,small_or_isolated_candidate,1329.319268738464,FALSE,FALSE,FALSE,0.125,FALSE,NA,FALSE,all_pairs_combn
N111,N137,1,1,small_or_isolated_candidate,small_or_isolated_candidate,1329.3326180465465,FALSE,FALSE,FALSE,0.125,FALSE,NA,FALSE,all_pairs_combn
N112,N137,1,1,small_or_isolated_candidate,small_or_isolated_candidate,1330.1185826870528,FALSE,FALSE,FALSE,0.125,FALSE,NA,FALSE,all_pairs_combn
N206,N33,1,1,small_or_isolated_candidate,small_or_isolated_candidate,1331.9880691441947,FALSE,FALSE,FALSE,0.125,FALSE,NA,FALSE,all_pairs_combn
N143,N31,1,1,small_or_isolated_candidate,small_or_isolated_candidate,1332.0494611471759,FALSE,FALSE,FALSE,0.125,FALSE,NA,FALSE,all_pairs_combn
N19,N32,1,1,small_or_isolated_candidate,small_or_isolated_candidate,1332.4129876230015,FALSE,FALSE,FALSE,0.125,FALSE,NA,FALSE,all_pairs_combn
N107,N114,1,1,small_or_isolated_candidate,small_or_isolated_candidate,1334.3834727410865,FALSE,FALSE,FALSE,0.125,FALSE,NA,FALSE,all_pairs_combn
N207,N30,1,1,small_or_isolated_candidate,small_or_isolated_candidate,1334.82369150495,FALSE,FALSE,FALSE,0.125,FALSE,NA,FALSE,all_pairs_combn
N131,N94,1,1,small_or_isolated_candidate,small_or_isolated_candidate,1334.892199038216,FALSE,FALSE,FALSE,0.125,FALSE,NA,FALSE,all_pairs_combn
N152,N71,1,1,small_or_isolated_candidate,small_or_isolated_candidate,1336.3846883489866,FALSE,FALSE,FALSE,0.125,FALSE,NA,FALSE,all_pairs_combn
N212,N71,1,1,small_or_isolated_candidate,small_or_isolated_candidate,1336.7253268941897,FALSE,FALSE,FALSE,0.125,FALSE,NA,FALSE,all_pairs_combn
N35,N61,1,1,small_or_isolated_candidate,small_or_isolated_candidate,1338.0063318922687,FALSE,FALSE,FALSE,0.125,FALSE,NA,FALSE,all_pairs_combn
N36,N61,1,1,small_or_isolated_candidate,small_or_isolated_candidate,1338.244638986188,FALSE,FALSE,FALSE,0.125,FALSE,NA,FALSE,all_pairs_combn
N153,N71,1,1,small_or_isolated_candidate,small_or_isolated_candidate,1338.475833267645,FALSE,FALSE,FALSE,0.125,FALSE,NA,FALSE,all_pairs_combn
N146,N36,1,1,small_or_isolated_candidate,small_or_isolated_candidate,1338.7154834644382,FALSE,FALSE,FALSE,0.125,FALSE,NA,FALSE,all_pairs_combn
N137,N19,1,1,small_or_isolated_candidate,small_or_isolated_candidate,1340.2743309106788,FALSE,FALSE,FALSE,0.125,FALSE,NA,FALSE,all_pairs_combn
N136,N68,1,1,small_or_isolated_candidate,small_or_isolated_candidate,1341.1067323794516,FALSE,FALSE,FALSE,0.125,FALSE,NA,FALSE,all_pairs_combn
N137,N24,1,1,small_or_isolated_candidate,small_or_isolated_candidate,1341.9901373118146,FALSE,FALSE,FALSE,0.125,FALSE,NA,FALSE,all_pairs_combn
N207,N49,1,1,small_or_isolated_candidate,small_or_isolated_candidate,1342.3416517281482,FALSE,FALSE,FALSE,0.125,FALSE,NA,FALSE,all_pairs_combn
N207,N50,1,1,small_or_isolated_candidate,small_or_isolated_candidate,1344.4948164916545,FALSE,FALSE,FALSE,0.125,FALSE,NA,FALSE,all_pairs_combn
N17,N36,1,1,small_or_isolated_candidate,small_or_isolated_candidate,1346.673047993773,FALSE,FALSE,FALSE,0.125,FALSE,NA,FALSE,all_pairs_combn
N20,N36,1,1,small_or_isolated_candidate,small_or_isolated_candidate,1347.699022680938,FALSE,FALSE,FALSE,0.125,FALSE,NA,FALSE,all_pairs_combn
N21,N36,1,1,small_or_isolated_candidate,small_or_isolated_candidate,1347.9053436641461,FALSE,FALSE,FALSE,0.125,FALSE,NA,FALSE,all_pairs_combn
N135,N20,1,1,small_or_isolated_candidate,small_or_isolated_candidate,1348.2278731198762,FALSE,FALSE,FALSE,0.125,FALSE,NA,FALSE,all_pairs_combn
N18,N36,1,1,small_or_isolated_candidate,small_or_isolated_candidate,1348.2842147680194,FALSE,FALSE,FALSE,0.125,FALSE,NA,FALSE,all_pairs_combn
N67,N93,1,1,small_or_isolated_candidate,small_or_isolated_candidate,1348.5673544669587,FALSE,FALSE,FALSE,0.125,FALSE,NA,FALSE,all_pairs_combn
N20,N35,1,1,small_or_isolated_candidate,small_or_isolated_candidate,1349.0478172223682,FALSE,FALSE,FALSE,0.125,FALSE,NA,FALSE,all_pairs_combn
N21,N35,1,1,small_or_isolated_candidate,small_or_isolated_candidate,1349.6849274745573,FALSE,FALSE,FALSE,0.125,FALSE,NA,FALSE,all_pairs_combn
N104,N114,1,1,small_or_isolated_candidate,small_or_isolated_candidate,1349.725402489264,FALSE,FALSE,FALSE,0.125,FALSE,NA,FALSE,all_pairs_combn
N128,N71,1,1,small_or_isolated_candidate,small_or_isolated_candidate,1351.6047404947392,FALSE,FALSE,FALSE,0.125,FALSE,NA,FALSE,all_pairs_combn
N127,N71,1,1,small_or_isolated_candidate,small_or_isolated_candidate,1352.0576608238548,FALSE,FALSE,FALSE,0.125,FALSE,NA,FALSE,all_pairs_combn
N308,N32,1,1,small_or_isolated_candidate,small_or_isolated_candidate,1353.3155994729368,FALSE,FALSE,FALSE,0.125,FALSE,NA,FALSE,all_pairs_combn
N17,N35,1,1,small_or_isolated_candidate,small_or_isolated_candidate,1353.6155754415772,FALSE,FALSE,FALSE,0.125,FALSE,NA,FALSE,all_pairs_combn
N104,N135,1,1,small_or_isolated_candidate,small_or_isolated_candidate,1353.8476273842482,FALSE,FALSE,FALSE,0.125,FALSE,NA,FALSE,all_pairs_combn
N107,N182,1,1,small_or_isolated_candidate,small_or_isolated_candidate,1354.0300384128589,FALSE,FALSE,FALSE,0.125,FALSE,NA,FALSE,all_pairs_combn
N120,N32,1,1,small_or_isolated_candidate,small_or_isolated_candidate,1354.9973436415694,FALSE,FALSE,FALSE,0.125,FALSE,NA,FALSE,all_pairs_combn
N18,N35,1,1,small_or_isolated_candidate,small_or_isolated_candidate,1355.4112037918871,FALSE,FALSE,FALSE,0.125,FALSE,NA,FALSE,all_pairs_combn
N146,N35,1,1,small_or_isolated_candidate,small_or_isolated_candidate,1355.6530514994236,FALSE,FALSE,FALSE,0.125,FALSE,NA,FALSE,all_pairs_combn
N292,N68,1,1,small_or_isolated_candidate,small_or_isolated_candidate,1355.7137405827007,FALSE,FALSE,FALSE,0.125,FALSE,NA,FALSE,all_pairs_combn
N128,N69,1,1,small_or_isolated_candidate,small_or_isolated_candidate,1357.8117865148597,FALSE,FALSE,FALSE,0.125,FALSE,NA,FALSE,all_pairs_combn
N132,N69,1,1,small_or_isolated_candidate,small_or_isolated_candidate,1358.122730562386,FALSE,FALSE,FALSE,0.125,FALSE,NA,FALSE,all_pairs_combn
N137,N69,1,1,small_or_isolated_candidate,small_or_isolated_candidate,1358.1489356642933,FALSE,FALSE,FALSE,0.125,FALSE,NA,FALSE,all_pairs_combn
N127,N69,1,1,small_or_isolated_candidate,small_or_isolated_candidate,1360.1725844062314,FALSE,FALSE,FALSE,0.125,FALSE,NA,FALSE,all_pairs_combn
N132,N207,1,1,small_or_isolated_candidate,small_or_isolated_candidate,1360.5668856697225,FALSE,FALSE,FALSE,0.125,FALSE,NA,FALSE,all_pairs_combn
N135,N22,1,1,small_or_isolated_candidate,small_or_isolated_candidate,1360.813446850527,FALSE,FALSE,FALSE,0.125,FALSE,NA,FALSE,all_pairs_combn
N11,N151,1,1,small_or_isolated_candidate,small_or_isolated_candidate,1362.6392776034174,FALSE,FALSE,FALSE,0.125,FALSE,NA,FALSE,all_pairs_combn
N114,N96,1,1,small_or_isolated_candidate,small_or_isolated_candidate,1364.3437123887334,FALSE,FALSE,FALSE,0.125,FALSE,NA,FALSE,all_pairs_combn
N151,N32,1,1,small_or_isolated_candidate,small_or_isolated_candidate,1365.0275140620647,FALSE,FALSE,FALSE,0.125,FALSE,NA,FALSE,all_pairs_combn
N259,N68,1,1,small_or_isolated_candidate,small_or_isolated_candidate,1367.366491562209,FALSE,FALSE,FALSE,0.125,FALSE,NA,FALSE,all_pairs_combn
N36,N65,1,1,small_or_isolated_candidate,small_or_isolated_candidate,1369.0244973964989,FALSE,FALSE,FALSE,0.125,FALSE,NA,FALSE,all_pairs_combn
N35,N65,1,1,small_or_isolated_candidate,small_or_isolated_candidate,1369.0466601403978,FALSE,FALSE,FALSE,0.125,FALSE,NA,FALSE,all_pairs_combn
N296,N71,1,1,small_or_isolated_candidate,small_or_isolated_candidate,1369.9696759734272,FALSE,FALSE,FALSE,0.125,FALSE,NA,FALSE,all_pairs_combn
N137,N30,1,1,small_or_isolated_candidate,small_or_isolated_candidate,1370.4964599507653,FALSE,FALSE,FALSE,0.125,FALSE,NA,FALSE,all_pairs_combn
N182,N51,1,1,small_or_isolated_candidate,small_or_isolated_candidate,1370.611178642413,FALSE,FALSE,FALSE,0.125,FALSE,NA,FALSE,all_pairs_combn
N11,N36,1,1,small_or_isolated_candidate,small_or_isolated_candidate,1371.4773373952648,FALSE,FALSE,FALSE,0.125,FALSE,NA,FALSE,all_pairs_combn
N182,N52,1,1,small_or_isolated_candidate,small_or_isolated_candidate,1371.5819697202146,FALSE,FALSE,FALSE,0.125,FALSE,NA,FALSE,all_pairs_combn
N138,N67,1,1,small_or_isolated_candidate,small_or_isolated_candidate,1372.5655706966102,FALSE,FALSE,FALSE,0.125,FALSE,NA,FALSE,all_pairs_combn
N149,N31,1,1,small_or_isolated_candidate,small_or_isolated_candidate,1373.7909060260067,FALSE,FALSE,FALSE,0.125,FALSE,NA,FALSE,all_pairs_combn
N207,N93,1,1,small_or_isolated_candidate,small_or_isolated_candidate,1374.1533213693265,FALSE,FALSE,FALSE,0.125,FALSE,NA,FALSE,all_pairs_combn
N104,N182,1,1,small_or_isolated_candidate,small_or_isolated_candidate,1374.4168507830168,FALSE,FALSE,FALSE,0.125,FALSE,NA,FALSE,all_pairs_combn
N131,N93,1,1,small_or_isolated_candidate,small_or_isolated_candidate,1375.2384242993076,FALSE,FALSE,FALSE,0.125,FALSE,NA,FALSE,all_pairs_combn
N30,N36,1,1,small_or_isolated_candidate,small_or_isolated_candidate,1375.340401825429,FALSE,FALSE,FALSE,0.125,FALSE,NA,FALSE,all_pairs_combn
N207,N21,1,1,small_or_isolated_candidate,small_or_isolated_candidate,1375.545717695393,FALSE,FALSE,FALSE,0.125,FALSE,NA,FALSE,all_pairs_combn
N11,N35,1,1,small_or_isolated_candidate,small_or_isolated_candidate,1377.5214811405685,FALSE,FALSE,FALSE,0.125,FALSE,NA,FALSE,all_pairs_combn
N107,N206,1,1,small_or_isolated_candidate,small_or_isolated_candidate,1377.5407607891682,FALSE,FALSE,FALSE,0.125,FALSE,NA,FALSE,all_pairs_combn
N307,N32,1,1,small_or_isolated_candidate,small_or_isolated_candidate,1378.6106066913023,FALSE,FALSE,FALSE,0.125,FALSE,NA,FALSE,all_pairs_combn
N135,N96,1,1,small_or_isolated_candidate,small_or_isolated_candidate,1378.6595046417208,FALSE,FALSE,FALSE,0.125,FALSE,NA,FALSE,all_pairs_combn
N30,N35,1,1,small_or_isolated_candidate,small_or_isolated_candidate,1378.7758372167314,FALSE,FALSE,FALSE,0.125,FALSE,NA,FALSE,all_pairs_combn
N11,N206,1,1,small_or_isolated_candidate,small_or_isolated_candidate,1379.164657528928,FALSE,FALSE,FALSE,0.125,FALSE,NA,FALSE,all_pairs_combn
N132,N206,1,1,small_or_isolated_candidate,small_or_isolated_candidate,1379.6925082592993,FALSE,FALSE,FALSE,0.125,FALSE,NA,FALSE,all_pairs_combn
N118,N67,1,1,small_or_isolated_candidate,small_or_isolated_candidate,1381.7769619981518,FALSE,FALSE,FALSE,0.125,FALSE,NA,FALSE,all_pairs_combn
N207,N67,1,1,small_or_isolated_candidate,small_or_isolated_candidate,1383.9784792180399,FALSE,FALSE,FALSE,0.125,FALSE,NA,FALSE,all_pairs_combn
N113,N92,1,1,small_or_isolated_candidate,small_or_isolated_candidate,1384.3477465980611,FALSE,FALSE,FALSE,0.125,FALSE,NA,FALSE,all_pairs_combn
N133,N71,1,1,small_or_isolated_candidate,small_or_isolated_candidate,1384.4750512866656,FALSE,FALSE,FALSE,0.125,FALSE,NA,FALSE,all_pairs_combn
N107,N120,1,1,small_or_isolated_candidate,small_or_isolated_candidate,1386.7557952680768,FALSE,FALSE,FALSE,0.125,FALSE,NA,FALSE,all_pairs_combn
N124,N67,1,1,small_or_isolated_candidate,small_or_isolated_candidate,1387.3457949781669,FALSE,FALSE,FALSE,0.125,FALSE,NA,FALSE,all_pairs_combn
N117,N67,1,1,small_or_isolated_candidate,small_or_isolated_candidate,1387.5316561779885,FALSE,FALSE,FALSE,0.125,FALSE,NA,FALSE,all_pairs_combn
N22,N32,1,1,small_or_isolated_candidate,small_or_isolated_candidate,1388.3929569844524,FALSE,FALSE,FALSE,0.125,FALSE,NA,FALSE,all_pairs_combn
N182,N30,1,1,small_or_isolated_candidate,small_or_isolated_candidate,1388.425357355057,FALSE,FALSE,FALSE,0.125,FALSE,NA,FALSE,all_pairs_combn
N147,N36,1,1,small_or_isolated_candidate,small_or_isolated_candidate,1389.2569247467513,FALSE,FALSE,FALSE,0.125,FALSE,NA,FALSE,all_pairs_combn
N20,N207,1,1,small_or_isolated_candidate,small_or_isolated_candidate,1390.4221479936239,FALSE,FALSE,FALSE,0.125,FALSE,NA,FALSE,all_pairs_combn
N24,N32,1,1,small_or_isolated_candidate,small_or_isolated_candidate,1391.7192360104905,FALSE,FALSE,FALSE,0.125,FALSE,NA,FALSE,all_pairs_combn
N104,N206,1,1,small_or_isolated_candidate,small_or_isolated_candidate,1392.0245500233173,FALSE,FALSE,FALSE,0.125,FALSE,NA,FALSE,all_pairs_combn
N134,N67,1,1,small_or_isolated_candidate,small_or_isolated_candidate,1392.847586654662,FALSE,FALSE,FALSE,0.125,FALSE,NA,FALSE,all_pairs_combn
N182,N34,1,1,small_or_isolated_candidate,small_or_isolated_candidate,1393.2251450165686,FALSE,FALSE,FALSE,0.125,FALSE,NA,FALSE,all_pairs_combn
N182,N96,1,1,small_or_isolated_candidate,small_or_isolated_candidate,1393.4848486572546,FALSE,FALSE,FALSE,0.125,FALSE,NA,FALSE,all_pairs_combn
N144,N68,1,1,small_or_isolated_candidate,small_or_isolated_candidate,1393.741277731697,FALSE,FALSE,FALSE,0.125,FALSE,NA,FALSE,all_pairs_combn
N125,N67,1,1,small_or_isolated_candidate,small_or_isolated_candidate,1394.1030575599355,FALSE,FALSE,FALSE,0.125,FALSE,NA,FALSE,all_pairs_combn
N120,N51,1,1,small_or_isolated_candidate,small_or_isolated_candidate,1395.615152080392,FALSE,FALSE,FALSE,0.125,FALSE,NA,FALSE,all_pairs_combn
N137,N51,1,1,small_or_isolated_candidate,small_or_isolated_candidate,1395.6293931534174,FALSE,FALSE,FALSE,0.125,FALSE,NA,FALSE,all_pairs_combn
N114,N31,1,1,small_or_isolated_candidate,small_or_isolated_candidate,1396.0613490648263,FALSE,FALSE,FALSE,0.125,FALSE,NA,FALSE,all_pairs_combn
N137,N52,1,1,small_or_isolated_candidate,small_or_isolated_candidate,1396.4350951885547,FALSE,FALSE,FALSE,0.125,FALSE,NA,FALSE,all_pairs_combn
N120,N52,1,1,small_or_isolated_candidate,small_or_isolated_candidate,1396.5804600054607,FALSE,FALSE,FALSE,0.125,FALSE,NA,FALSE,all_pairs_combn
N19,N207,1,1,small_or_isolated_candidate,small_or_isolated_candidate,1398.0938406222544,FALSE,FALSE,FALSE,0.125,FALSE,NA,FALSE,all_pairs_combn
N113,N95,1,1,small_or_isolated_candidate,small_or_isolated_candidate,1398.677724717033,FALSE,FALSE,FALSE,0.125,FALSE,NA,FALSE,all_pairs_combn
N114,N36,1,1,small_or_isolated_candidate,small_or_isolated_candidate,1400.4490626421166,FALSE,FALSE,FALSE,0.125,FALSE,NA,FALSE,all_pairs_combn
N10,N32,1,1,small_or_isolated_candidate,small_or_isolated_candidate,1401.2089151040047,FALSE,FALSE,FALSE,0.125,FALSE,NA,FALSE,all_pairs_combn
N206,N31,1,1,small_or_isolated_candidate,small_or_isolated_candidate,1401.8365984054365,FALSE,FALSE,FALSE,0.125,FALSE,NA,FALSE,all_pairs_combn
N10,N137,1,1,small_or_isolated_candidate,small_or_isolated_candidate,1404.8923175760267,FALSE,FALSE,FALSE,0.125,FALSE,NA,FALSE,all_pairs_combn
N114,N51,1,1,small_or_isolated_candidate,small_or_isolated_candidate,1405.768307142532,FALSE,FALSE,FALSE,0.125,FALSE,NA,FALSE,all_pairs_combn
N206,N96,1,1,small_or_isolated_candidate,small_or_isolated_candidate,1405.8594437064621,FALSE,FALSE,FALSE,0.125,FALSE,NA,FALSE,all_pairs_combn
N31,N51,1,1,small_or_isolated_candidate,small_or_isolated_candidate,1406.0825106438217,FALSE,FALSE,FALSE,0.125,FALSE,NA,FALSE,all_pairs_combn
N143,N68,1,1,small_or_isolated_candidate,small_or_isolated_candidate,1406.5555019193487,FALSE,FALSE,FALSE,0.125,FALSE,NA,FALSE,all_pairs_combn
N31,N52,1,1,small_or_isolated_candidate,small_or_isolated_candidate,1406.6399272394474,FALSE,FALSE,FALSE,0.125,FALSE,NA,FALSE,all_pairs_combn
N114,N52,1,1,small_or_isolated_candidate,small_or_isolated_candidate,1406.7602230149314,FALSE,FALSE,FALSE,0.125,FALSE,NA,FALSE,all_pairs_combn
N147,N35,1,1,small_or_isolated_candidate,small_or_isolated_candidate,1407.686261057448,FALSE,FALSE,FALSE,0.125,FALSE,NA,FALSE,all_pairs_combn
N104,N120,1,1,small_or_isolated_candidate,small_or_isolated_candidate,1407.7107861564584,FALSE,FALSE,FALSE,0.125,FALSE,NA,FALSE,all_pairs_combn
N113,N94,1,1,small_or_isolated_candidate,small_or_isolated_candidate,1408.1416151695687,FALSE,FALSE,FALSE,0.125,FALSE,NA,FALSE,all_pairs_combn
N182,N19,1,1,small_or_isolated_candidate,small_or_isolated_candidate,1410.756880529807,FALSE,FALSE,FALSE,0.125,FALSE,NA,FALSE,all_pairs_combn
N120,N30,1,1,small_or_isolated_candidate,small_or_isolated_candidate,1410.8373922187202,FALSE,FALSE,FALSE,0.125,FALSE,NA,FALSE,all_pairs_combn
N305,N34,1,1,small_or_isolated_candidate,small_or_isolated_candidate,1412.006322693935,FALSE,FALSE,FALSE,0.125,FALSE,NA,FALSE,all_pairs_combn
N206,N36,1,1,small_or_isolated_candidate,small_or_isolated_candidate,1412.2392393816142,FALSE,FALSE,FALSE,0.125,FALSE,NA,FALSE,all_pairs_combn
N135,N65,1,1,small_or_isolated_candidate,small_or_isolated_candidate,1413.7061542479912,FALSE,FALSE,FALSE,0.125,FALSE,NA,FALSE,all_pairs_combn
N126,N67,1,1,small_or_isolated_candidate,small_or_isolated_candidate,1416.5532862832335,FALSE,FALSE,FALSE,0.125,FALSE,NA,FALSE,all_pairs_combn
N300,N34,1,1,small_or_isolated_candidate,small_or_isolated_candidate,1417.3325553009006,FALSE,FALSE,FALSE,0.125,FALSE,NA,FALSE,all_pairs_combn
N31,N62,1,1,small_or_isolated_candidate,small_or_isolated_candidate,1417.4378515124315,FALSE,FALSE,FALSE,0.125,FALSE,NA,FALSE,all_pairs_combn
N135,N61,1,1,small_or_isolated_candidate,small_or_isolated_candidate,1418.4348031959128,FALSE,FALSE,FALSE,0.125,FALSE,NA,FALSE,all_pairs_combn
N146,N31,1,1,small_or_isolated_candidate,small_or_isolated_candidate,1419.0504315324386,FALSE,FALSE,FALSE,0.125,FALSE,NA,FALSE,all_pairs_combn
N67,N71,1,1,small_or_isolated_candidate,small_or_isolated_candidate,1421.3269565151911,FALSE,FALSE,FALSE,0.125,FALSE,NA,FALSE,all_pairs_combn
N182,N33,1,1,small_or_isolated_candidate,small_or_isolated_candidate,1421.3794053316267,FALSE,FALSE,FALSE,0.125,FALSE,NA,FALSE,all_pairs_combn
N207,N62,1,1,small_or_isolated_candidate,small_or_isolated_candidate,1421.513150287075,FALSE,FALSE,FALSE,0.125,FALSE,NA,FALSE,all_pairs_combn
N129,N67,1,1,small_or_isolated_candidate,small_or_isolated_candidate,1421.6062997931303,FALSE,FALSE,FALSE,0.125,FALSE,NA,FALSE,all_pairs_combn
N141,N36,1,1,small_or_isolated_candidate,small_or_isolated_candidate,1425.0170880433172,FALSE,FALSE,FALSE,0.125,FALSE,NA,FALSE,all_pairs_combn
N142,N36,1,1,small_or_isolated_candidate,small_or_isolated_candidate,1427.2558711772579,FALSE,FALSE,FALSE,0.125,FALSE,NA,FALSE,all_pairs_combn
N120,N96,1,1,small_or_isolated_candidate,small_or_isolated_candidate,1427.266328249595,FALSE,FALSE,FALSE,0.125,FALSE,NA,FALSE,all_pairs_combn
N114,N35,1,1,small_or_isolated_candidate,small_or_isolated_candidate,1427.3595013065392,FALSE,FALSE,FALSE,0.125,FALSE,NA,FALSE,all_pairs_combn
N31,N50,1,1,small_or_isolated_candidate,small_or_isolated_candidate,1428.554725104669,FALSE,FALSE,FALSE,0.125,FALSE,NA,FALSE,all_pairs_combn
N31,N49,1,1,small_or_isolated_candidate,small_or_isolated_candidate,1428.6218028729759,FALSE,FALSE,FALSE,0.125,FALSE,NA,FALSE,all_pairs_combn
N140,N36,1,1,small_or_isolated_candidate,small_or_isolated_candidate,1429.5076088620626,FALSE,FALSE,FALSE,0.125,FALSE,NA,FALSE,all_pairs_combn
N120,N19,1,1,small_or_isolated_candidate,small_or_isolated_candidate,1429.8746008268297,FALSE,FALSE,FALSE,0.125,FALSE,NA,FALSE,all_pairs_combn
N304,N34,1,1,small_or_isolated_candidate,small_or_isolated_candidate,1431.7028551220033,FALSE,FALSE,FALSE,0.125,FALSE,NA,FALSE,all_pairs_combn
N31,N63,1,1,small_or_isolated_candidate,small_or_isolated_candidate,1432.0704909487692,FALSE,FALSE,FALSE,0.125,FALSE,NA,FALSE,all_pairs_combn
N31,N66,1,1,small_or_isolated_candidate,small_or_isolated_candidate,1432.1271536397508,FALSE,FALSE,FALSE,0.125,FALSE,NA,FALSE,all_pairs_combn
N120,N34,1,1,small_or_isolated_candidate,small_or_isolated_candidate,1433.8224281743105,FALSE,FALSE,FALSE,0.125,FALSE,NA,FALSE,all_pairs_combn
N182,N49,1,1,small_or_isolated_candidate,small_or_isolated_candidate,1434.5594425553609,FALSE,FALSE,FALSE,0.125,FALSE,NA,FALSE,all_pairs_combn
N207,N66,1,1,small_or_isolated_candidate,small_or_isolated_candidate,1435.164469525166,FALSE,FALSE,FALSE,0.125,FALSE,NA,FALSE,all_pairs_combn
N207,N63,1,1,small_or_isolated_candidate,small_or_isolated_candidate,1435.834579800614,FALSE,FALSE,FALSE,0.125,FALSE,NA,FALSE,all_pairs_combn
N182,N24,1,1,small_or_isolated_candidate,small_or_isolated_candidate,1436.0276192818699,FALSE,FALSE,FALSE,0.125,FALSE,NA,FALSE,all_pairs_combn
N182,N50,1,1,small_or_isolated_candidate,small_or_isolated_candidate,1437.2792278489987,FALSE,FALSE,FALSE,0.125,FALSE,NA,FALSE,all_pairs_combn
N296,N34,1,1,small_or_isolated_candidate,small_or_isolated_candidate,1438.0403666260706,FALSE,FALSE,FALSE,0.125,FALSE,NA,FALSE,all_pairs_combn
N135,N62,1,1,small_or_isolated_candidate,small_or_isolated_candidate,1438.3704807361673,FALSE,FALSE,FALSE,0.125,FALSE,NA,FALSE,all_pairs_combn
N207,N61,1,1,small_or_isolated_candidate,small_or_isolated_candidate,1438.6474125130972,FALSE,FALSE,FALSE,0.125,FALSE,NA,FALSE,all_pairs_combn
N114,N30,1,1,small_or_isolated_candidate,small_or_isolated_candidate,1438.9489146905862,FALSE,FALSE,FALSE,0.125,FALSE,NA,FALSE,all_pairs_combn
N141,N35,1,1,small_or_isolated_candidate,small_or_isolated_candidate,1439.3350372485056,FALSE,FALSE,FALSE,0.125,FALSE,NA,FALSE,all_pairs_combn
N206,N35,1,1,small_or_isolated_candidate,small_or_isolated_candidate,1439.5244532711963,FALSE,FALSE,FALSE,0.125,FALSE,NA,FALSE,all_pairs_combn
N207,N24,1,1,small_or_isolated_candidate,small_or_isolated_candidate,1439.6543076754685,FALSE,FALSE,FALSE,0.125,FALSE,NA,FALSE,all_pairs_combn
N107,N151,1,1,small_or_isolated_candidate,small_or_isolated_candidate,1440.4107818335776,FALSE,FALSE,FALSE,0.125,FALSE,NA,FALSE,all_pairs_combn
N140,N35,1,1,small_or_isolated_candidate,small_or_isolated_candidate,1443.8059539214673,FALSE,FALSE,FALSE,0.125,FALSE,NA,FALSE,all_pairs_combn
N142,N35,1,1,small_or_isolated_candidate,small_or_isolated_candidate,1444.191569246449,FALSE,FALSE,FALSE,0.125,FALSE,NA,FALSE,all_pairs_combn
N137,N22,1,1,small_or_isolated_candidate,small_or_isolated_candidate,1445.9769385855504,FALSE,FALSE,FALSE,0.125,FALSE,NA,FALSE,all_pairs_combn
N135,N66,1,1,small_or_isolated_candidate,small_or_isolated_candidate,1446.7842315142457,FALSE,FALSE,FALSE,0.125,FALSE,NA,FALSE,all_pairs_combn
N135,N63,1,1,small_or_isolated_candidate,small_or_isolated_candidate,1447.7291751106584,FALSE,FALSE,FALSE,0.125,FALSE,NA,FALSE,all_pairs_combn
N113,N93,1,1,small_or_isolated_candidate,small_or_isolated_candidate,1448.6570039817168,FALSE,FALSE,FALSE,0.125,FALSE,NA,FALSE,all_pairs_combn
N149,N68,1,1,small_or_isolated_candidate,small_or_isolated_candidate,1448.866323384343,FALSE,FALSE,FALSE,0.125,FALSE,NA,FALSE,all_pairs_combn
N137,N21,1,1,small_or_isolated_candidate,small_or_isolated_candidate,1449.6034191171773,FALSE,FALSE,FALSE,0.125,FALSE,NA,FALSE,all_pairs_combn
N148,N36,1,1,small_or_isolated_candidate,small_or_isolated_candidate,1450.17480962345,FALSE,FALSE,FALSE,0.125,FALSE,NA,FALSE,all_pairs_combn
N207,N65,1,1,small_or_isolated_candidate,small_or_isolated_candidate,1450.5972696503813,FALSE,FALSE,FALSE,0.125,FALSE,NA,FALSE,all_pairs_combn
N182,N21,1,1,small_or_isolated_candidate,small_or_isolated_candidate,1450.8558266430712,FALSE,FALSE,FALSE,0.125,FALSE,NA,FALSE,all_pairs_combn
N114,N68,1,1,small_or_isolated_candidate,small_or_isolated_candidate,1451.5085274228043,FALSE,FALSE,FALSE,0.125,FALSE,NA,FALSE,all_pairs_combn
N305,N33,1,1,small_or_isolated_candidate,small_or_isolated_candidate,1452.7025547534963,FALSE,FALSE,FALSE,0.125,FALSE,NA,FALSE,all_pairs_combn
N120,N24,1,1,small_or_isolated_candidate,small_or_isolated_candidate,1453.7024606212165,FALSE,FALSE,FALSE,0.125,FALSE,NA,FALSE,all_pairs_combn
N48,N67,1,1,small_or_isolated_candidate,small_or_isolated_candidate,1455.100101872906,FALSE,FALSE,FALSE,0.125,FALSE,NA,FALSE,all_pairs_combn
N206,N68,1,1,small_or_isolated_candidate,small_or_isolated_candidate,1455.1526546576526,FALSE,FALSE,FALSE,0.125,FALSE,NA,FALSE,all_pairs_combn
N137,N49,1,1,small_or_isolated_candidate,small_or_isolated_candidate,1455.4943532090942,FALSE,FALSE,FALSE,0.125,FALSE,NA,FALSE,all_pairs_combn
N206,N51,1,1,small_or_isolated_candidate,small_or_isolated_candidate,1456.0405453281826,FALSE,FALSE,FALSE,0.125,FALSE,NA,FALSE,all_pairs_combn
N206,N52,1,1,small_or_isolated_candidate,small_or_isolated_candidate,1457.0333389512912,FALSE,FALSE,FALSE,0.125,FALSE,NA,FALSE,all_pairs_combn
N151,N34,1,1,small_or_isolated_candidate,small_or_isolated_candidate,1457.2539026277702,FALSE,FALSE,FALSE,0.125,FALSE,NA,FALSE,all_pairs_combn
N300,N33,1,1,small_or_isolated_candidate,small_or_isolated_candidate,1457.9320332110854,FALSE,FALSE,FALSE,0.125,FALSE,NA,FALSE,all_pairs_combn
N137,N50,1,1,small_or_isolated_candidate,small_or_isolated_candidate,1458.4998133910053,FALSE,FALSE,FALSE,0.125,FALSE,NA,FALSE,all_pairs_combn
N120,N49,1,1,small_or_isolated_candidate,small_or_isolated_candidate,1459.6051758453648,FALSE,FALSE,FALSE,0.125,FALSE,NA,FALSE,all_pairs_combn
N104,N151,1,1,small_or_isolated_candidate,small_or_isolated_candidate,1459.961239179802,FALSE,FALSE,FALSE,0.125,FALSE,NA,FALSE,all_pairs_combn
N147,N31,1,1,small_or_isolated_candidate,small_or_isolated_candidate,1460.6607673052254,FALSE,FALSE,FALSE,0.125,FALSE,NA,FALSE,all_pairs_combn
N120,N33,1,1,small_or_isolated_candidate,small_or_isolated_candidate,1462.1881515128878,FALSE,FALSE,FALSE,0.125,FALSE,NA,FALSE,all_pairs_combn
N120,N50,1,1,small_or_isolated_candidate,small_or_isolated_candidate,1462.3541736700693,FALSE,FALSE,FALSE,0.125,FALSE,NA,FALSE,all_pairs_combn
N151,N51,1,1,small_or_isolated_candidate,small_or_isolated_candidate,1463.552914086821,FALSE,FALSE,FALSE,0.125,FALSE,NA,FALSE,all_pairs_combn
N151,N52,1,1,small_or_isolated_candidate,small_or_isolated_candidate,1464.5258782295605,FALSE,FALSE,FALSE,0.125,FALSE,NA,FALSE,all_pairs_combn
N135,N32,1,1,small_or_isolated_candidate,small_or_isolated_candidate,1464.7838161627976,FALSE,FALSE,FALSE,0.125,FALSE,NA,FALSE,all_pairs_combn
N114,N49,1,1,small_or_isolated_candidate,small_or_isolated_candidate,1468.6290885587075,FALSE,FALSE,FALSE,0.125,FALSE,NA,FALSE,all_pairs_combn
N148,N35,1,1,small_or_isolated_candidate,small_or_isolated_candidate,1469.2058837828656,FALSE,FALSE,FALSE,0.125,FALSE,NA,FALSE,all_pairs_combn
N182,N20,1,1,small_or_isolated_candidate,small_or_isolated_candidate,1469.31039525636,FALSE,FALSE,FALSE,0.125,FALSE,NA,FALSE,all_pairs_combn
N17,N31,1,1,small_or_isolated_candidate,small_or_isolated_candidate,1469.6483358657754,FALSE,FALSE,FALSE,0.125,FALSE,NA,FALSE,all_pairs_combn
N137,N20,1,1,small_or_isolated_candidate,small_or_isolated_candidate,1469.770309679768,FALSE,FALSE,FALSE,0.125,FALSE,NA,FALSE,all_pairs_combn
N18,N31,1,1,small_or_isolated_candidate,small_or_isolated_candidate,1470.6557459128296,FALSE,FALSE,FALSE,0.125,FALSE,NA,FALSE,all_pairs_combn
N114,N50,1,1,small_or_isolated_candidate,small_or_isolated_candidate,1471.1323888387399,FALSE,FALSE,FALSE,0.125,FALSE,NA,FALSE,all_pairs_combn
N122,N67,1,1,small_or_isolated_candidate,small_or_isolated_candidate,1471.4937066426878,FALSE,FALSE,FALSE,0.125,FALSE,NA,FALSE,all_pairs_combn
N135,N92,1,1,small_or_isolated_candidate,small_or_isolated_candidate,1471.765962602742,FALSE,FALSE,FALSE,0.125,FALSE,NA,FALSE,all_pairs_combn
N304,N33,1,1,small_or_isolated_candidate,small_or_isolated_candidate,1472.3420960865315,FALSE,FALSE,FALSE,0.125,FALSE,NA,FALSE,all_pairs_combn
N123,N67,1,1,small_or_isolated_candidate,small_or_isolated_candidate,1472.7532170550244,FALSE,FALSE,FALSE,0.125,FALSE,NA,FALSE,all_pairs_combn
N114,N95,1,1,small_or_isolated_candidate,small_or_isolated_candidate,1474.0334750651805,FALSE,FALSE,FALSE,0.125,FALSE,NA,FALSE,all_pairs_combn
N120,N21,1,1,small_or_isolated_candidate,small_or_isolated_candidate,1474.6073837443357,FALSE,FALSE,FALSE,0.125,FALSE,NA,FALSE,all_pairs_combn
N121,N67,1,1,small_or_isolated_candidate,small_or_isolated_candidate,1475.0246607481993,FALSE,FALSE,FALSE,0.125,FALSE,NA,FALSE,all_pairs_combn
N114,N92,1,1,small_or_isolated_candidate,small_or_isolated_candidate,1477.233362377101,FALSE,FALSE,FALSE,0.125,FALSE,NA,FALSE,all_pairs_combn
N212,N36,1,1,small_or_isolated_candidate,small_or_isolated_candidate,1477.2927372918148,FALSE,FALSE,FALSE,0.125,FALSE,NA,FALSE,all_pairs_combn
N296,N33,1,1,small_or_isolated_candidate,small_or_isolated_candidate,1477.796267918051,FALSE,FALSE,FALSE,0.125,FALSE,NA,FALSE,all_pairs_combn
N151,N96,1,1,small_or_isolated_candidate,small_or_isolated_candidate,1478.2571130426281,FALSE,FALSE,FALSE,0.125,FALSE,NA,FALSE,all_pairs_combn
N294,N36,1,1,small_or_isolated_candidate,small_or_isolated_candidate,1478.4802384391187,FALSE,FALSE,FALSE,0.125,FALSE,NA,FALSE,all_pairs_combn
N135,N95,1,1,small_or_isolated_candidate,small_or_isolated_candidate,1479.2576885021622,FALSE,FALSE,FALSE,0.125,FALSE,NA,FALSE,all_pairs_combn
N114,N19,1,1,small_or_isolated_candidate,small_or_isolated_candidate,1479.3469426794527,FALSE,FALSE,FALSE,0.125,FALSE,NA,FALSE,all_pairs_combn
N31,N61,1,1,small_or_isolated_candidate,small_or_isolated_candidate,1480.120226034587,FALSE,FALSE,FALSE,0.125,FALSE,NA,FALSE,all_pairs_combn
N51,N68,1,1,small_or_isolated_candidate,small_or_isolated_candidate,1481.1730675325632,FALSE,FALSE,FALSE,0.125,FALSE,NA,FALSE,all_pairs_combn
N52,N68,1,1,small_or_isolated_candidate,small_or_isolated_candidate,1481.7194358149768,FALSE,FALSE,FALSE,0.125,FALSE,NA,FALSE,all_pairs_combn
N151,N30,1,1,small_or_isolated_candidate,small_or_isolated_candidate,1482.1982376241751,FALSE,FALSE,FALSE,0.125,FALSE,NA,FALSE,all_pairs_combn
N151,N33,1,1,small_or_isolated_candidate,small_or_isolated_candidate,1483.9477255449476,FALSE,FALSE,FALSE,0.125,FALSE,NA,FALSE,all_pairs_combn
N10,N207,1,1,small_or_isolated_candidate,small_or_isolated_candidate,1484.1507759447356,FALSE,FALSE,FALSE,0.125,FALSE,NA,FALSE,all_pairs_combn
N21,N31,1,1,small_or_isolated_candidate,small_or_isolated_candidate,1485.2996467464197,FALSE,FALSE,FALSE,0.125,FALSE,NA,FALSE,all_pairs_combn
N20,N31,1,1,small_or_isolated_candidate,small_or_isolated_candidate,1486.1010610498156,FALSE,FALSE,FALSE,0.125,FALSE,NA,FALSE,all_pairs_combn
N114,N94,1,1,small_or_isolated_candidate,small_or_isolated_candidate,1487.751092330631,FALSE,FALSE,FALSE,0.125,FALSE,NA,FALSE,all_pairs_combn
N131,N34,1,1,small_or_isolated_candidate,small_or_isolated_candidate,1489.0375034819758,FALSE,FALSE,FALSE,0.125,FALSE,NA,FALSE,all_pairs_combn
N62,N68,1,1,small_or_isolated_candidate,small_or_isolated_candidate,1489.5862825086035,FALSE,FALSE,FALSE,0.125,FALSE,NA,FALSE,all_pairs_combn
N206,N30,1,1,small_or_isolated_candidate,small_or_isolated_candidate,1490.6745373295983,FALSE,FALSE,FALSE,0.125,FALSE,NA,FALSE,all_pairs_combn
N135,N94,1,1,small_or_isolated_candidate,small_or_isolated_candidate,1490.9602110189828,FALSE,FALSE,FALSE,0.125,FALSE,NA,FALSE,all_pairs_combn
N294,N35,1,1,small_or_isolated_candidate,small_or_isolated_candidate,1492.0166378698166,FALSE,FALSE,FALSE,0.125,FALSE,NA,FALSE,all_pairs_combn
N10,N182,1,1,small_or_isolated_candidate,small_or_isolated_candidate,1492.3447631062727,FALSE,FALSE,FALSE,0.125,FALSE,NA,FALSE,all_pairs_combn
N114,N21,1,1,small_or_isolated_candidate,small_or_isolated_candidate,1492.6792901684303,FALSE,FALSE,FALSE,0.125,FALSE,NA,FALSE,all_pairs_combn
N120,N20,1,1,small_or_isolated_candidate,small_or_isolated_candidate,1493.248200080242,FALSE,FALSE,FALSE,0.125,FALSE,NA,FALSE,all_pairs_combn
N146,N68,1,1,small_or_isolated_candidate,small_or_isolated_candidate,1494.6736279812635,FALSE,FALSE,FALSE,0.125,FALSE,NA,FALSE,all_pairs_combn
N135,N34,1,1,small_or_isolated_candidate,small_or_isolated_candidate,1496.000665459492,FALSE,FALSE,FALSE,0.125,FALSE,NA,FALSE,all_pairs_combn
N212,N35,1,1,small_or_isolated_candidate,small_or_isolated_candidate,1496.8317973865394,FALSE,FALSE,FALSE,0.125,FALSE,NA,FALSE,all_pairs_combn
N11,N31,1,1,small_or_isolated_candidate,small_or_isolated_candidate,1497.2172787498155,FALSE,FALSE,FALSE,0.125,FALSE,NA,FALSE,all_pairs_combn
N296,N32,1,1,small_or_isolated_candidate,small_or_isolated_candidate,1499.1676661752135,FALSE,FALSE,FALSE,0.125,FALSE,NA,FALSE,all_pairs_combn
N182,N92,1,1,small_or_isolated_candidate,small_or_isolated_candidate,1500.167361084469,FALSE,FALSE,FALSE,0.125,FALSE,NA,FALSE,all_pairs_combn
N207,N22,1,1,small_or_isolated_candidate,small_or_isolated_candidate,1500.4509649824854,FALSE,FALSE,FALSE,0.125,FALSE,NA,FALSE,all_pairs_combn
N19,N36,1,1,small_or_isolated_candidate,small_or_isolated_candidate,1500.5699226213583,FALSE,FALSE,FALSE,0.125,FALSE,NA,FALSE,all_pairs_combn
N182,N95,1,1,small_or_isolated_candidate,small_or_isolated_candidate,1501.288370517385,FALSE,FALSE,FALSE,0.125,FALSE,NA,FALSE,all_pairs_combn
N50,N68,1,1,small_or_isolated_candidate,small_or_isolated_candidate,1502.7394552384826,FALSE,FALSE,FALSE,0.125,FALSE,NA,FALSE,all_pairs_combn
N49,N68,1,1,small_or_isolated_candidate,small_or_isolated_candidate,1502.852583282686,FALSE,FALSE,FALSE,0.125,FALSE,NA,FALSE,all_pairs_combn
N119,N67,1,1,small_or_isolated_candidate,small_or_isolated_candidate,1503.7228552630056,FALSE,FALSE,FALSE,0.125,FALSE,NA,FALSE,all_pairs_combn
N63,N68,1,1,small_or_isolated_candidate,small_or_isolated_candidate,1504.104357330748,FALSE,FALSE,FALSE,0.125,FALSE,NA,FALSE,all_pairs_combn
N66,N68,1,1,small_or_isolated_candidate,small_or_isolated_candidate,1504.1804479618022,FALSE,FALSE,FALSE,0.125,FALSE,NA,FALSE,all_pairs_combn
N19,N35,1,1,small_or_isolated_candidate,small_or_isolated_candidate,1504.5972098238062,FALSE,FALSE,FALSE,0.125,FALSE,NA,FALSE,all_pairs_combn
N151,N19,1,1,small_or_isolated_candidate,small_or_isolated_candidate,1504.869965710384,FALSE,FALSE,FALSE,0.125,FALSE,NA,FALSE,all_pairs_combn
N142,N31,1,1,small_or_isolated_candidate,small_or_isolated_candidate,1507.1465781638765,FALSE,FALSE,FALSE,0.125,FALSE,NA,FALSE,all_pairs_combn
N30,N31,1,1,small_or_isolated_candidate,small_or_isolated_candidate,1508.5293055355428,FALSE,FALSE,FALSE,0.125,FALSE,NA,FALSE,all_pairs_combn
N300,N32,1,1,small_or_isolated_candidate,small_or_isolated_candidate,1508.5597977803352,FALSE,FALSE,FALSE,0.125,FALSE,NA,FALSE,all_pairs_combn
N114,N20,1,1,small_or_isolated_candidate,small_or_isolated_candidate,1509.7891318645927,FALSE,FALSE,FALSE,0.125,FALSE,NA,FALSE,all_pairs_combn
N305,N32,1,1,small_or_isolated_candidate,small_or_isolated_candidate,1510.0414161708673,FALSE,FALSE,FALSE,0.125,FALSE,NA,FALSE,all_pairs_combn
N31,N65,1,1,small_or_isolated_candidate,small_or_isolated_candidate,1510.3142934025645,FALSE,FALSE,FALSE,0.125,FALSE,NA,FALSE,all_pairs_combn
N10,N120,1,1,small_or_isolated_candidate,small_or_isolated_candidate,1510.731561340993,FALSE,FALSE,FALSE,0.125,FALSE,NA,FALSE,all_pairs_combn
N131,N71,1,1,small_or_isolated_candidate,small_or_isolated_candidate,1511.4539587273584,FALSE,FALSE,FALSE,0.125,FALSE,NA,FALSE,all_pairs_combn
N114,N24,1,1,small_or_isolated_candidate,small_or_isolated_candidate,1511.904817210268,FALSE,FALSE,FALSE,0.125,FALSE,NA,FALSE,all_pairs_combn
N182,N94,1,1,small_or_isolated_candidate,small_or_isolated_candidate,1514.393479962496,FALSE,FALSE,FALSE,0.125,FALSE,NA,FALSE,all_pairs_combn
N206,N95,1,1,small_or_isolated_candidate,small_or_isolated_candidate,1515.6290712928073,FALSE,FALSE,FALSE,0.125,FALSE,NA,FALSE,all_pairs_combn
N107,N137,1,1,small_or_isolated_candidate,small_or_isolated_candidate,1516.0758365944064,FALSE,FALSE,FALSE,0.125,FALSE,NA,FALSE,all_pairs_combn
N148,N31,1,1,small_or_isolated_candidate,small_or_isolated_candidate,1517.5256435123592,FALSE,FALSE,FALSE,0.125,FALSE,NA,FALSE,all_pairs_combn
N141,N31,1,1,small_or_isolated_candidate,small_or_isolated_candidate,1518.4462912392064,FALSE,FALSE,FALSE,0.125,FALSE,NA,FALSE,all_pairs_combn
N206,N49,1,1,small_or_isolated_candidate,small_or_isolated_candidate,1518.7042520301952,FALSE,FALSE,FALSE,0.125,FALSE,NA,FALSE,all_pairs_combn
N131,N32,1,1,small_or_isolated_candidate,small_or_isolated_candidate,1519.419439601841,FALSE,FALSE,FALSE,0.125,FALSE,NA,FALSE,all_pairs_combn
N206,N92,1,1,small_or_isolated_candidate,small_or_isolated_candidate,1519.5472392066092,FALSE,FALSE,FALSE,0.125,FALSE,NA,FALSE,all_pairs_combn
N133,N36,1,1,small_or_isolated_candidate,small_or_isolated_candidate,1520.5180372790035,FALSE,FALSE,FALSE,0.125,FALSE,NA,FALSE,all_pairs_combn
N206,N50,1,1,small_or_isolated_candidate,small_or_isolated_candidate,1521.1812356926173,FALSE,FALSE,FALSE,0.125,FALSE,NA,FALSE,all_pairs_combn
N145,N36,1,1,small_or_isolated_candidate,small_or_isolated_candidate,1521.2049002535678,FALSE,FALSE,FALSE,0.125,FALSE,NA,FALSE,all_pairs_combn
N182,N22,1,1,small_or_isolated_candidate,small_or_isolated_candidate,1521.5728986752513,FALSE,FALSE,FALSE,0.125,FALSE,NA,FALSE,all_pairs_combn
N140,N31,1,1,small_or_isolated_candidate,small_or_isolated_candidate,1523.0118378788109,FALSE,FALSE,FALSE,0.125,FALSE,NA,FALSE,all_pairs_combn
N304,N32,1,1,small_or_isolated_candidate,small_or_isolated_candidate,1525.2388332001603,FALSE,FALSE,FALSE,0.125,FALSE,NA,FALSE,all_pairs_combn
N132,N34,1,1,small_or_isolated_candidate,small_or_isolated_candidate,1526.0586649946424,FALSE,FALSE,FALSE,0.125,FALSE,NA,FALSE,all_pairs_combn
N157,N36,1,1,small_or_isolated_candidate,small_or_isolated_candidate,1526.7711180717702,FALSE,FALSE,FALSE,0.125,FALSE,NA,FALSE,all_pairs_combn
N131,N33,1,1,small_or_isolated_candidate,small_or_isolated_candidate,1527.327838868659,FALSE,FALSE,FALSE,0.125,FALSE,NA,FALSE,all_pairs_combn
N151,N49,1,1,small_or_isolated_candidate,small_or_isolated_candidate,1527.4719245196875,FALSE,FALSE,FALSE,0.125,FALSE,NA,FALSE,all_pairs_combn
N206,N94,1,1,small_or_isolated_candidate,small_or_isolated_candidate,1529.423000095411,FALSE,FALSE,FALSE,0.125,FALSE,NA,FALSE,all_pairs_combn
N135,N33,1,1,small_or_isolated_candidate,small_or_isolated_candidate,1529.6016410602072,FALSE,FALSE,FALSE,0.125,FALSE,NA,FALSE,all_pairs_combn
N151,N24,1,1,small_or_isolated_candidate,small_or_isolated_candidate,1530.0663181121588,FALSE,FALSE,FALSE,0.125,FALSE,NA,FALSE,all_pairs_combn
N151,N50,1,1,small_or_isolated_candidate,small_or_isolated_candidate,1530.1785065250656,FALSE,FALSE,FALSE,0.125,FALSE,NA,FALSE,all_pairs_combn
N19,N206,1,1,small_or_isolated_candidate,small_or_isolated_candidate,1532.4854874049324,FALSE,FALSE,FALSE,0.125,FALSE,NA,FALSE,all_pairs_combn
N182,N61,1,1,small_or_isolated_candidate,small_or_isolated_candidate,1532.8630918403328,FALSE,FALSE,FALSE,0.125,FALSE,NA,FALSE,all_pairs_combn
N120,N92,1,1,small_or_isolated_candidate,small_or_isolated_candidate,1533.0642943103453,FALSE,FALSE,FALSE,0.125,FALSE,NA,FALSE,all_pairs_combn
N137,N65,1,1,small_or_isolated_candidate,small_or_isolated_candidate,1533.1114027176525,FALSE,FALSE,FALSE,0.125,FALSE,NA,FALSE,all_pairs_combn
N145,N35,1,1,small_or_isolated_candidate,small_or_isolated_candidate,1534.2455193318021,FALSE,FALSE,FALSE,0.125,FALSE,NA,FALSE,all_pairs_combn
N120,N95,1,1,small_or_isolated_candidate,small_or_isolated_candidate,1534.696743643624,FALSE,FALSE,FALSE,0.125,FALSE,NA,FALSE,all_pairs_combn
N182,N65,1,1,small_or_isolated_candidate,small_or_isolated_candidate,1534.8049258250592,FALSE,FALSE,FALSE,0.125,FALSE,NA,FALSE,all_pairs_combn
N147,N68,1,1,small_or_isolated_candidate,small_or_isolated_candidate,1535.0301454076248,FALSE,FALSE,FALSE,0.125,FALSE,NA,FALSE,all_pairs_combn
N150,N67,1,1,small_or_isolated_candidate,small_or_isolated_candidate,1536.1609752757045,FALSE,FALSE,FALSE,0.125,FALSE,NA,FALSE,all_pairs_combn
N207,N71,1,1,small_or_isolated_candidate,small_or_isolated_candidate,1537.0517423966683,FALSE,FALSE,FALSE,0.125,FALSE,NA,FALSE,all_pairs_combn
N182,N62,1,1,small_or_isolated_candidate,small_or_isolated_candidate,1538.1698483873522,FALSE,FALSE,FALSE,0.125,FALSE,NA,FALSE,all_pairs_combn
N133,N35,1,1,small_or_isolated_candidate,small_or_isolated_candidate,1540.3901820497908,FALSE,FALSE,FALSE,0.125,FALSE,NA,FALSE,all_pairs_combn
N120,N22,1,1,small_or_isolated_candidate,small_or_isolated_candidate,1540.8765940770263,FALSE,FALSE,FALSE,0.125,FALSE,NA,FALSE,all_pairs_combn
N212,N31,1,1,small_or_isolated_candidate,small_or_isolated_candidate,1541.2356002135575,FALSE,FALSE,FALSE,0.125,FALSE,NA,FALSE,all_pairs_combn
N137,N61,1,1,small_or_isolated_candidate,small_or_isolated_candidate,1543.258036679296,FALSE,FALSE,FALSE,0.125,FALSE,NA,FALSE,all_pairs_combn
N206,N21,1,1,small_or_isolated_candidate,small_or_isolated_candidate,1543.5250243469436,FALSE,FALSE,FALSE,0.125,FALSE,NA,FALSE,all_pairs_combn
N22,N36,1,1,small_or_isolated_candidate,small_or_isolated_candidate,1544.2039840229993,FALSE,FALSE,FALSE,0.125,FALSE,NA,FALSE,all_pairs_combn
N151,N21,1,1,small_or_isolated_candidate,small_or_isolated_candidate,1544.2574441559784,FALSE,FALSE,FALSE,0.125,FALSE,NA,FALSE,all_pairs_combn
N157,N35,1,1,small_or_isolated_candidate,small_or_isolated_candidate,1545.2320296481687,FALSE,FALSE,FALSE,0.125,FALSE,NA,FALSE,all_pairs_combn
N104,N137,1,1,small_or_isolated_candidate,small_or_isolated_candidate,1546.1798887297261,FALSE,FALSE,FALSE,0.125,FALSE,NA,FALSE,all_pairs_combn
N22,N35,1,1,small_or_isolated_candidate,small_or_isolated_candidate,1546.299177697796,FALSE,FALSE,FALSE,0.125,FALSE,NA,FALSE,all_pairs_combn
N17,N68,1,1,small_or_isolated_candidate,small_or_isolated_candidate,1546.558205195899,FALSE,FALSE,FALSE,0.125,FALSE,NA,FALSE,all_pairs_combn
N182,N36,1,1,small_or_isolated_candidate,small_or_isolated_candidate,1547.5896210060723,FALSE,FALSE,FALSE,0.125,FALSE,NA,FALSE,all_pairs_combn
N18,N68,1,1,small_or_isolated_candidate,small_or_isolated_candidate,1547.622428196194,FALSE,FALSE,FALSE,0.125,FALSE,NA,FALSE,all_pairs_combn
N120,N94,1,1,small_or_isolated_candidate,small_or_isolated_candidate,1547.71238670234,FALSE,FALSE,FALSE,0.125,FALSE,NA,FALSE,all_pairs_combn
N182,N66,1,1,small_or_isolated_candidate,small_or_isolated_candidate,1549.017361825886,FALSE,FALSE,FALSE,0.125,FALSE,NA,FALSE,all_pairs_combn
N135,N93,1,1,small_or_isolated_candidate,small_or_isolated_candidate,1549.3039485653728,FALSE,FALSE,FALSE,0.125,FALSE,NA,FALSE,all_pairs_combn
N182,N63,1,1,small_or_isolated_candidate,small_or_isolated_candidate,1549.8786637014068,FALSE,FALSE,FALSE,0.125,FALSE,NA,FALSE,all_pairs_combn
N152,N36,1,1,small_or_isolated_candidate,small_or_isolated_candidate,1551.8181632248363,FALSE,FALSE,FALSE,0.125,FALSE,NA,FALSE,all_pairs_combn
N136,N67,1,1,small_or_isolated_candidate,small_or_isolated_candidate,1552.2766802408285,FALSE,FALSE,FALSE,0.125,FALSE,NA,FALSE,all_pairs_combn
N61,N68,1,1,small_or_isolated_candidate,small_or_isolated_candidate,1552.9613405416296,FALSE,FALSE,FALSE,0.125,FALSE,NA,FALSE,all_pairs_combn
N113,N34,1,1,small_or_isolated_candidate,small_or_isolated_candidate,1554.5890984749371,FALSE,FALSE,FALSE,0.125,FALSE,NA,FALSE,all_pairs_combn
N153,N36,1,1,small_or_isolated_candidate,small_or_isolated_candidate,1555.463729077846,FALSE,FALSE,FALSE,0.125,FALSE,NA,FALSE,all_pairs_combn
N120,N61,1,1,small_or_isolated_candidate,small_or_isolated_candidate,1557.6684672637068,FALSE,FALSE,FALSE,0.125,FALSE,NA,FALSE,all_pairs_combn
N182,N31,1,1,small_or_isolated_candidate,small_or_isolated_candidate,1558.813511670397,FALSE,FALSE,FALSE,0.125,FALSE,NA,FALSE,all_pairs_combn
N120,N65,1,1,small_or_isolated_candidate,small_or_isolated_candidate,1558.877241279454,FALSE,FALSE,FALSE,0.125,FALSE,NA,FALSE,all_pairs_combn
N21,N68,1,1,small_or_isolated_candidate,small_or_isolated_candidate,1559.6488319905118,FALSE,FALSE,FALSE,0.125,FALSE,NA,FALSE,all_pairs_combn
N20,N68,1,1,small_or_isolated_candidate,small_or_isolated_candidate,1560.1528829267434,FALSE,FALSE,FALSE,0.125,FALSE,NA,FALSE,all_pairs_combn
N20,N206,1,1,small_or_isolated_candidate,small_or_isolated_candidate,1560.48120639629,FALSE,FALSE,FALSE,0.125,FALSE,NA,FALSE,all_pairs_combn
N24,N36,1,1,small_or_isolated_candidate,small_or_isolated_candidate,1560.5597242185002,FALSE,FALSE,FALSE,0.125,FALSE,NA,FALSE,all_pairs_combn
N128,N34,1,1,small_or_isolated_candidate,small_or_isolated_candidate,1562.0838878781958,FALSE,FALSE,FALSE,0.125,FALSE,NA,FALSE,all_pairs_combn
N114,N62,1,1,small_or_isolated_candidate,small_or_isolated_candidate,1562.5387233158012,FALSE,FALSE,FALSE,0.125,FALSE,NA,FALSE,all_pairs_combn
N10,N36,1,1,small_or_isolated_candidate,small_or_isolated_candidate,1562.5629664194626,FALSE,FALSE,FALSE,0.125,FALSE,NA,FALSE,all_pairs_combn
N151,N20,1,1,small_or_isolated_candidate,small_or_isolated_candidate,1562.6475320054851,FALSE,FALSE,FALSE,0.125,FALSE,NA,FALSE,all_pairs_combn
N127,N34,1,1,small_or_isolated_candidate,small_or_isolated_candidate,1563.8947438904263,FALSE,FALSE,FALSE,0.125,FALSE,NA,FALSE,all_pairs_combn
N10,N114,1,1,small_or_isolated_candidate,small_or_isolated_candidate,1563.9048196927833,FALSE,FALSE,FALSE,0.125,FALSE,NA,FALSE,all_pairs_combn
N120,N62,1,1,small_or_isolated_candidate,small_or_isolated_candidate,1564.5454561972813,FALSE,FALSE,FALSE,0.125,FALSE,NA,FALSE,all_pairs_combn
N24,N35,1,1,small_or_isolated_candidate,small_or_isolated_candidate,1564.6161607878541,FALSE,FALSE,FALSE,0.125,FALSE,NA,FALSE,all_pairs_combn
N10,N35,1,1,small_or_isolated_candidate,small_or_isolated_candidate,1565.4645189533294,FALSE,FALSE,FALSE,0.125,FALSE,NA,FALSE,all_pairs_combn
N206,N24,1,1,small_or_isolated_candidate,small_or_isolated_candidate,1565.5092440216954,FALSE,FALSE,FALSE,0.125,FALSE,NA,FALSE,all_pairs_combn
N114,N93,1,1,small_or_isolated_candidate,small_or_isolated_candidate,1566.1519949820276,FALSE,FALSE,FALSE,0.125,FALSE,NA,FALSE,all_pairs_combn
N132,N33,1,1,small_or_isolated_candidate,small_or_isolated_candidate,1566.8310000174336,FALSE,FALSE,FALSE,0.125,FALSE,NA,FALSE,all_pairs_combn
N114,N61,1,1,small_or_isolated_candidate,small_or_isolated_candidate,1567.2943643932424,FALSE,FALSE,FALSE,0.125,FALSE,NA,FALSE,all_pairs_combn
N152,N35,1,1,small_or_isolated_candidate,small_or_isolated_candidate,1570.26137686045,FALSE,FALSE,FALSE,0.125,FALSE,NA,FALSE,all_pairs_combn
N308,N36,1,1,small_or_isolated_candidate,small_or_isolated_candidate,1571.3225702859877,FALSE,FALSE,FALSE,0.125,FALSE,NA,FALSE,all_pairs_combn
N292,N67,1,1,small_or_isolated_candidate,small_or_isolated_candidate,1572.9433278860795,FALSE,FALSE,FALSE,0.125,FALSE,NA,FALSE,all_pairs_combn
N259,N67,1,1,small_or_isolated_candidate,small_or_isolated_candidate,1573.2392012276773,FALSE,FALSE,FALSE,0.125,FALSE,NA,FALSE,all_pairs_combn
N182,N35,1,1,small_or_isolated_candidate,small_or_isolated_candidate,1573.253170294502,FALSE,FALSE,FALSE,0.125,FALSE,NA,FALSE,all_pairs_combn
N137,N96,1,1,small_or_isolated_candidate,small_or_isolated_candidate,1573.7269862877683,FALSE,FALSE,FALSE,0.125,FALSE,NA,FALSE,all_pairs_combn
N114,N65,1,1,small_or_isolated_candidate,small_or_isolated_candidate,1573.7320470815853,FALSE,FALSE,FALSE,0.125,FALSE,NA,FALSE,all_pairs_combn
N11,N68,1,1,small_or_isolated_candidate,small_or_isolated_candidate,1573.8314492585437,FALSE,FALSE,FALSE,0.125,FALSE,NA,FALSE,all_pairs_combn
N153,N35,1,1,small_or_isolated_candidate,small_or_isolated_candidate,1573.8952370688203,FALSE,FALSE,FALSE,0.125,FALSE,NA,FALSE,all_pairs_combn
N137,N62,1,1,small_or_isolated_candidate,small_or_isolated_candidate,1574.3621400770087,FALSE,FALSE,FALSE,0.125,FALSE,NA,FALSE,all_pairs_combn
N114,N66,1,1,small_or_isolated_candidate,small_or_isolated_candidate,1574.7856634612356,FALSE,FALSE,FALSE,0.125,FALSE,NA,FALSE,all_pairs_combn
N120,N66,1,1,small_or_isolated_candidate,small_or_isolated_candidate,1575.159584479813,FALSE,FALSE,FALSE,0.125,FALSE,NA,FALSE,all_pairs_combn
N294,N31,1,1,small_or_isolated_candidate,small_or_isolated_candidate,1575.3740160208206,FALSE,FALSE,FALSE,0.125,FALSE,NA,FALSE,all_pairs_combn
N114,N63,1,1,small_or_isolated_candidate,small_or_isolated_candidate,1575.570255616191,FALSE,FALSE,FALSE,0.125,FALSE,NA,FALSE,all_pairs_combn
N120,N63,1,1,small_or_isolated_candidate,small_or_isolated_candidate,1576.0312988490334,FALSE,FALSE,FALSE,0.125,FALSE,NA,FALSE,all_pairs_combn
N113,N32,1,1,small_or_isolated_candidate,small_or_isolated_candidate,1578.968547528398,FALSE,FALSE,FALSE,0.125,FALSE,NA,FALSE,all_pairs_combn
N137,N66,1,1,small_or_isolated_candidate,small_or_isolated_candidate,1580.6164874506164,FALSE,FALSE,FALSE,0.125,FALSE,NA,FALSE,all_pairs_combn
N137,N63,1,1,small_or_isolated_candidate,small_or_isolated_candidate,1581.6004673075754,FALSE,FALSE,FALSE,0.125,FALSE,NA,FALSE,all_pairs_combn
N133,N31,1,1,small_or_isolated_candidate,small_or_isolated_candidate,1582.0403149310862,FALSE,FALSE,FALSE,0.125,FALSE,NA,FALSE,all_pairs_combn
N142,N68,1,1,small_or_isolated_candidate,small_or_isolated_candidate,1582.6614843053787,FALSE,FALSE,FALSE,0.125,FALSE,NA,FALSE,all_pairs_combn
N65,N68,1,1,small_or_isolated_candidate,small_or_isolated_candidate,1583.3889352201982,FALSE,FALSE,FALSE,0.125,FALSE,NA,FALSE,all_pairs_combn
N30,N68,1,1,small_or_isolated_candidate,small_or_isolated_candidate,1583.9226784070668,FALSE,FALSE,FALSE,0.125,FALSE,NA,FALSE,all_pairs_combn
N308,N35,1,1,small_or_isolated_candidate,small_or_isolated_candidate,1584.3848956286176,FALSE,FALSE,FALSE,0.125,FALSE,NA,FALSE,all_pairs_combn
N113,N71,1,1,small_or_isolated_candidate,small_or_isolated_candidate,1584.7811277107342,FALSE,FALSE,FALSE,0.125,FALSE,NA,FALSE,all_pairs_combn
N182,N93,1,1,small_or_isolated_candidate,small_or_isolated_candidate,1585.7448043568554,FALSE,FALSE,FALSE,0.125,FALSE,NA,FALSE,all_pairs_combn
N151,N92,1,1,small_or_isolated_candidate,small_or_isolated_candidate,1586.2234850486975,FALSE,FALSE,FALSE,0.125,FALSE,NA,FALSE,all_pairs_combn
N10,N151,1,1,small_or_isolated_candidate,small_or_isolated_candidate,1586.4372709988459,FALSE,FALSE,FALSE,0.125,FALSE,NA,FALSE,all_pairs_combn
N151,N95,1,1,small_or_isolated_candidate,small_or_isolated_candidate,1586.583486874631,FALSE,FALSE,FALSE,0.125,FALSE,NA,FALSE,all_pairs_combn
N114,N22,1,1,small_or_isolated_candidate,small_or_isolated_candidate,1587.9492953300735,FALSE,FALSE,FALSE,0.125,FALSE,NA,FALSE,all_pairs_combn
N120,N36,1,1,small_or_isolated_candidate,small_or_isolated_candidate,1589.5174069911664,FALSE,FALSE,FALSE,0.125,FALSE,NA,FALSE,all_pairs_combn
N148,N68,1,1,small_or_isolated_candidate,small_or_isolated_candidate,1591.20575535253,FALSE,FALSE,FALSE,0.125,FALSE,NA,FALSE,all_pairs_combn
N113,N33,1,1,small_or_isolated_candidate,small_or_isolated_candidate,1592.566789531414,FALSE,FALSE,FALSE,0.125,FALSE,NA,FALSE,all_pairs_combn
N141,N68,1,1,small_or_isolated_candidate,small_or_isolated_candidate,1595.331386202383,FALSE,FALSE,FALSE,0.125,FALSE,NA,FALSE,all_pairs_combn
N151,N36,1,1,small_or_isolated_candidate,small_or_isolated_candidate,1595.9188486937883,FALSE,FALSE,FALSE,0.125,FALSE,NA,FALSE,all_pairs_combn
N157,N31,1,1,small_or_isolated_candidate,small_or_isolated_candidate,1597.2998590293237,FALSE,FALSE,FALSE,0.125,FALSE,NA,FALSE,all_pairs_combn
N307,N36,1,1,small_or_isolated_candidate,small_or_isolated_candidate,1597.8778306199133,FALSE,FALSE,FALSE,0.125,FALSE,NA,FALSE,all_pairs_combn
N151,N31,1,1,small_or_isolated_candidate,small_or_isolated_candidate,1598.9825595761863,FALSE,FALSE,FALSE,0.125,FALSE,NA,FALSE,all_pairs_combn
N151,N94,1,1,small_or_isolated_candidate,small_or_isolated_candidate,1599.8183833727414,FALSE,FALSE,FALSE,0.125,FALSE,NA,FALSE,all_pairs_combn
N140,N68,1,1,small_or_isolated_candidate,small_or_isolated_candidate,1599.9013146434888,FALSE,FALSE,FALSE,0.125,FALSE,NA,FALSE,all_pairs_combn
N120,N31,1,1,small_or_isolated_candidate,small_or_isolated_candidate,1600.7458212290496,FALSE,FALSE,FALSE,0.125,FALSE,NA,FALSE,all_pairs_combn
N128,N33,1,1,small_or_isolated_candidate,small_or_isolated_candidate,1602.765943894972,FALSE,FALSE,FALSE,0.125,FALSE,NA,FALSE,all_pairs_combn
N127,N33,1,1,small_or_isolated_candidate,small_or_isolated_candidate,1604.5805793671166,FALSE,FALSE,FALSE,0.125,FALSE,NA,FALSE,all_pairs_combn
N206,N93,1,1,small_or_isolated_candidate,small_or_isolated_candidate,1608.8489818106852,FALSE,FALSE,FALSE,0.125,FALSE,NA,FALSE,all_pairs_combn
N307,N35,1,1,small_or_isolated_candidate,small_or_isolated_candidate,1611.2143269172054,FALSE,FALSE,FALSE,0.125,FALSE,NA,FALSE,all_pairs_combn
N206,N62,1,1,small_or_isolated_candidate,small_or_isolated_candidate,1611.405515641004,FALSE,FALSE,FALSE,0.125,FALSE,NA,FALSE,all_pairs_combn
N144,N67,1,1,small_or_isolated_candidate,small_or_isolated_candidate,1612.5901594268435,FALSE,FALSE,FALSE,0.125,FALSE,NA,FALSE,all_pairs_combn
N212,N68,1,1,small_or_isolated_candidate,small_or_isolated_candidate,1614.314427188204,FALSE,FALSE,FALSE,0.125,FALSE,NA,FALSE,all_pairs_combn
N120,N35,1,1,small_or_isolated_candidate,small_or_isolated_candidate,1615.1619246491432,FALSE,FALSE,FALSE,0.125,FALSE,NA,FALSE,all_pairs_combn
N151,N22,1,1,small_or_isolated_candidate,small_or_isolated_candidate,1615.6859303013107,FALSE,FALSE,FALSE,0.125,FALSE,NA,FALSE,all_pairs_combn
N10,N206,1,1,small_or_isolated_candidate,small_or_isolated_candidate,1617.1916138538988,FALSE,FALSE,FALSE,0.125,FALSE,NA,FALSE,all_pairs_combn
N206,N61,1,1,small_or_isolated_candidate,small_or_isolated_candidate,1617.2912459277354,FALSE,FALSE,FALSE,0.125,FALSE,NA,FALSE,all_pairs_combn
N120,N93,1,1,small_or_isolated_candidate,small_or_isolated_candidate,1618.1214583531146,FALSE,FALSE,FALSE,0.125,FALSE,NA,FALSE,all_pairs_combn
N182,N68,1,1,small_or_isolated_candidate,small_or_isolated_candidate,1618.9721200505674,FALSE,FALSE,FALSE,0.125,FALSE,NA,FALSE,all_pairs_combn
N145,N31,1,1,small_or_isolated_candidate,small_or_isolated_candidate,1620.2033486974117,FALSE,FALSE,FALSE,0.125,FALSE,NA,FALSE,all_pairs_combn
N151,N35,1,1,small_or_isolated_candidate,small_or_isolated_candidate,1622.2185816189133,FALSE,FALSE,FALSE,0.125,FALSE,NA,FALSE,all_pairs_combn
N152,N31,1,1,small_or_isolated_candidate,small_or_isolated_candidate,1622.343216300853,FALSE,FALSE,FALSE,0.125,FALSE,NA,FALSE,all_pairs_combn
N206,N66,1,1,small_or_isolated_candidate,small_or_isolated_candidate,1623.8015240481984,FALSE,FALSE,FALSE,0.125,FALSE,NA,FALSE,all_pairs_combn
N206,N65,1,1,small_or_isolated_candidate,small_or_isolated_candidate,1624.1965059110305,FALSE,FALSE,FALSE,0.125,FALSE,NA,FALSE,all_pairs_combn
N206,N63,1,1,small_or_isolated_candidate,small_or_isolated_candidate,1624.5762120132072,FALSE,FALSE,FALSE,0.125,FALSE,NA,FALSE,all_pairs_combn
N143,N67,1,1,small_or_isolated_candidate,small_or_isolated_candidate,1625.7837327982909,FALSE,FALSE,FALSE,0.125,FALSE,NA,FALSE,all_pairs_combn
N151,N61,1,1,small_or_isolated_candidate,small_or_isolated_candidate,1625.8627350461916,FALSE,FALSE,FALSE,0.125,FALSE,NA,FALSE,all_pairs_combn
N153,N31,1,1,small_or_isolated_candidate,small_or_isolated_candidate,1626.0443478923448,FALSE,FALSE,FALSE,0.125,FALSE,NA,FALSE,all_pairs_combn
N151,N65,1,1,small_or_isolated_candidate,small_or_isolated_candidate,1628.087216952944,FALSE,FALSE,FALSE,0.125,FALSE,NA,FALSE,all_pairs_combn
N151,N62,1,1,small_or_isolated_candidate,small_or_isolated_candidate,1630.402233108576,FALSE,FALSE,FALSE,0.125,FALSE,NA,FALSE,all_pairs_combn
N19,N31,1,1,small_or_isolated_candidate,small_or_isolated_candidate,1631.9107693674239,FALSE,FALSE,FALSE,0.125,FALSE,NA,FALSE,all_pairs_combn
N132,N32,1,1,small_or_isolated_candidate,small_or_isolated_candidate,1638.2077245902894,FALSE,FALSE,FALSE,0.125,FALSE,NA,FALSE,all_pairs_combn
N206,N22,1,1,small_or_isolated_candidate,small_or_isolated_candidate,1640.848383554254,FALSE,FALSE,FALSE,0.125,FALSE,NA,FALSE,all_pairs_combn
N62,N67,1,1,small_or_isolated_candidate,small_or_isolated_candidate,1641.0637293070345,FALSE,FALSE,FALSE,0.125,FALSE,NA,FALSE,all_pairs_combn
N151,N66,1,1,small_or_isolated_candidate,small_or_isolated_candidate,1641.3761735159019,FALSE,FALSE,FALSE,0.125,FALSE,NA,FALSE,all_pairs_combn
N151,N63,1,1,small_or_isolated_candidate,small_or_isolated_candidate,1642.231694522211,FALSE,FALSE,FALSE,0.125,FALSE,NA,FALSE,all_pairs_combn
N51,N67,1,1,small_or_isolated_candidate,small_or_isolated_candidate,1650.705384920533,FALSE,FALSE,FALSE,0.125,FALSE,NA,FALSE,all_pairs_combn
N52,N67,1,1,small_or_isolated_candidate,small_or_isolated_candidate,1651.1705549471496,FALSE,FALSE,FALSE,0.125,FALSE,NA,FALSE,all_pairs_combn
N294,N68,1,1,small_or_isolated_candidate,small_or_isolated_candidate,1652.4852854565545,FALSE,FALSE,FALSE,0.125,FALSE,NA,FALSE,all_pairs_combn
N133,N68,1,1,small_or_isolated_candidate,small_or_isolated_candidate,1654.6477937121242,FALSE,FALSE,FALSE,0.125,FALSE,NA,FALSE,all_pairs_combn
N63,N67,1,1,small_or_isolated_candidate,small_or_isolated_candidate,1654.8608911078743,FALSE,FALSE,FALSE,0.125,FALSE,NA,FALSE,all_pairs_combn
N66,N67,1,1,small_or_isolated_candidate,small_or_isolated_candidate,1655.0420121401755,FALSE,FALSE,FALSE,0.125,FALSE,NA,FALSE,all_pairs_combn
N151,N68,1,1,small_or_isolated_candidate,small_or_isolated_candidate,1656.449509634392,FALSE,FALSE,FALSE,0.125,FALSE,NA,FALSE,all_pairs_combn
N137,N92,1,1,small_or_isolated_candidate,small_or_isolated_candidate,1656.576878327758,FALSE,FALSE,FALSE,0.125,FALSE,NA,FALSE,all_pairs_combn
N128,N32,1,1,small_or_isolated_candidate,small_or_isolated_candidate,1657.3690525540667,FALSE,FALSE,FALSE,0.125,FALSE,NA,FALSE,all_pairs_combn
N127,N32,1,1,small_or_isolated_candidate,small_or_isolated_candidate,1659.4685433219604,FALSE,FALSE,FALSE,0.125,FALSE,NA,FALSE,all_pairs_combn
N120,N68,1,1,small_or_isolated_candidate,small_or_isolated_candidate,1660.8237605815398,FALSE,FALSE,FALSE,0.125,FALSE,NA,FALSE,all_pairs_combn
N50,N67,1,1,small_or_isolated_candidate,small_or_isolated_candidate,1666.0772659957306,FALSE,FALSE,FALSE,0.125,FALSE,NA,FALSE,all_pairs_combn
N49,N67,1,1,small_or_isolated_candidate,small_or_isolated_candidate,1666.4841780928282,FALSE,FALSE,FALSE,0.125,FALSE,NA,FALSE,all_pairs_combn
N149,N67,1,1,small_or_isolated_candidate,small_or_isolated_candidate,1666.6887707986102,FALSE,FALSE,FALSE,0.125,FALSE,NA,FALSE,all_pairs_combn
N137,N95,1,1,small_or_isolated_candidate,small_or_isolated_candidate,1667.776186775962,FALSE,FALSE,FALSE,0.125,FALSE,NA,FALSE,all_pairs_combn
N308,N31,1,1,small_or_isolated_candidate,small_or_isolated_candidate,1670.051690726616,FALSE,FALSE,FALSE,0.125,FALSE,NA,FALSE,all_pairs_combn
N157,N68,1,1,small_or_isolated_candidate,small_or_isolated_candidate,1671.4302093706144,FALSE,FALSE,FALSE,0.125,FALSE,NA,FALSE,all_pairs_combn
N114,N67,1,1,small_or_isolated_candidate,small_or_isolated_candidate,1671.6135091410827,FALSE,FALSE,FALSE,0.125,FALSE,NA,FALSE,all_pairs_combn
N151,N93,1,1,small_or_isolated_candidate,small_or_isolated_candidate,1672.4831501932806,FALSE,FALSE,FALSE,0.125,FALSE,NA,FALSE,all_pairs_combn
N206,N67,1,1,small_or_isolated_candidate,small_or_isolated_candidate,1673.4143869866552,FALSE,FALSE,FALSE,0.125,FALSE,NA,FALSE,all_pairs_combn
N137,N94,1,1,small_or_isolated_candidate,small_or_isolated_candidate,1678.3774729288475,FALSE,FALSE,FALSE,0.125,FALSE,NA,FALSE,all_pairs_combn
N22,N31,1,1,small_or_isolated_candidate,small_or_isolated_candidate,1680.5144248472914,FALSE,FALSE,FALSE,0.125,FALSE,NA,FALSE,all_pairs_combn
N24,N31,1,1,small_or_isolated_candidate,small_or_isolated_candidate,1691.7108219900326,FALSE,FALSE,FALSE,0.125,FALSE,NA,FALSE,all_pairs_combn
N307,N31,1,1,small_or_isolated_candidate,small_or_isolated_candidate,1695.2704105349715,FALSE,FALSE,FALSE,0.125,FALSE,NA,FALSE,all_pairs_combn
N152,N68,1,1,small_or_isolated_candidate,small_or_isolated_candidate,1696.4554435473294,FALSE,FALSE,FALSE,0.125,FALSE,NA,FALSE,all_pairs_combn
N10,N31,1,1,small_or_isolated_candidate,small_or_isolated_candidate,1696.8106323167542,FALSE,FALSE,FALSE,0.125,FALSE,NA,FALSE,all_pairs_combn
N145,N68,1,1,small_or_isolated_candidate,small_or_isolated_candidate,1697.4289901419222,FALSE,FALSE,FALSE,0.125,FALSE,NA,FALSE,all_pairs_combn
N153,N68,1,1,small_or_isolated_candidate,small_or_isolated_candidate,1700.162791637204,FALSE,FALSE,FALSE,0.125,FALSE,NA,FALSE,all_pairs_combn
N135,N71,1,1,small_or_isolated_candidate,small_or_isolated_candidate,1701.8523163420748,FALSE,FALSE,FALSE,0.125,FALSE,NA,FALSE,all_pairs_combn
N135,N36,1,1,small_or_isolated_candidate,small_or_isolated_candidate,1705.7803646614689,FALSE,FALSE,FALSE,0.125,FALSE,NA,FALSE,all_pairs_combn
N19,N68,1,1,small_or_isolated_candidate,small_or_isolated_candidate,1707.7002534210683,FALSE,FALSE,FALSE,0.125,FALSE,NA,FALSE,all_pairs_combn
N61,N67,1,1,small_or_isolated_candidate,small_or_isolated_candidate,1707.9109474009515,FALSE,FALSE,FALSE,0.125,FALSE,NA,FALSE,all_pairs_combn
N146,N67,1,1,small_or_isolated_candidate,small_or_isolated_candidate,1710.8125780379444,FALSE,FALSE,FALSE,0.125,FALSE,NA,FALSE,all_pairs_combn
N20,N67,1,1,small_or_isolated_candidate,small_or_isolated_candidate,1722.3354924165697,FALSE,FALSE,FALSE,0.125,FALSE,NA,FALSE,all_pairs_combn
N21,N67,1,1,small_or_isolated_candidate,small_or_isolated_candidate,1723.7435984202145,FALSE,FALSE,FALSE,0.125,FALSE,NA,FALSE,all_pairs_combn
N137,N93,1,1,small_or_isolated_candidate,small_or_isolated_candidate,1727.381343740172,FALSE,FALSE,FALSE,0.125,FALSE,NA,FALSE,all_pairs_combn
N137,N32,1,1,small_or_isolated_candidate,small_or_isolated_candidate,1727.9132395050715,FALSE,FALSE,FALSE,0.125,FALSE,NA,FALSE,all_pairs_combn
N305,N36,1,1,small_or_isolated_candidate,small_or_isolated_candidate,1727.9878386413036,FALSE,FALSE,FALSE,0.125,FALSE,NA,FALSE,all_pairs_combn
N135,N35,1,1,small_or_isolated_candidate,small_or_isolated_candidate,1728.853266263943,FALSE,FALSE,FALSE,0.125,FALSE,NA,FALSE,all_pairs_combn
N300,N36,1,1,small_or_isolated_candidate,small_or_isolated_candidate,1729.2769232941882,FALSE,FALSE,FALSE,0.125,FALSE,NA,FALSE,all_pairs_combn
N114,N71,1,1,small_or_isolated_candidate,small_or_isolated_candidate,1729.555616308885,FALSE,FALSE,FALSE,0.125,FALSE,NA,FALSE,all_pairs_combn
N296,N36,1,1,small_or_isolated_candidate,small_or_isolated_candidate,1729.8850695707279,FALSE,FALSE,FALSE,0.125,FALSE,NA,FALSE,all_pairs_combn
N17,N67,1,1,small_or_isolated_candidate,small_or_isolated_candidate,1731.7984536675917,FALSE,FALSE,FALSE,0.125,FALSE,NA,FALSE,all_pairs_combn
N18,N67,1,1,small_or_isolated_candidate,small_or_isolated_candidate,1733.5618867003232,FALSE,FALSE,FALSE,0.125,FALSE,NA,FALSE,all_pairs_combn
N65,N67,1,1,small_or_isolated_candidate,small_or_isolated_candidate,1739.5143707767045,FALSE,FALSE,FALSE,0.125,FALSE,NA,FALSE,all_pairs_combn
N305,N35,1,1,small_or_isolated_candidate,small_or_isolated_candidate,1740.9348561328854,FALSE,FALSE,FALSE,0.125,FALSE,NA,FALSE,all_pairs_combn
N135,N31,1,1,small_or_isolated_candidate,small_or_isolated_candidate,1742.1589207470906,FALSE,FALSE,FALSE,0.125,FALSE,NA,FALSE,all_pairs_combn
N300,N35,1,1,small_or_isolated_candidate,small_or_isolated_candidate,1742.8794045985117,FALSE,FALSE,FALSE,0.125,FALSE,NA,FALSE,all_pairs_combn
N137,N34,1,1,small_or_isolated_candidate,small_or_isolated_candidate,1743.8822798748006,FALSE,FALSE,FALSE,0.125,FALSE,NA,FALSE,all_pairs_combn
N304,N36,1,1,small_or_isolated_candidate,small_or_isolated_candidate,1745.0839696016506,FALSE,FALSE,FALSE,0.125,FALSE,NA,FALSE,all_pairs_combn
N296,N35,1,1,small_or_isolated_candidate,small_or_isolated_candidate,1746.1990236955924,FALSE,FALSE,FALSE,0.125,FALSE,NA,FALSE,all_pairs_combn
N182,N71,1,1,small_or_isolated_candidate,small_or_isolated_candidate,1746.7782083857433,FALSE,FALSE,FALSE,0.125,FALSE,NA,FALSE,all_pairs_combn
N308,N68,1,1,small_or_isolated_candidate,small_or_isolated_candidate,1747.2544194331294,FALSE,FALSE,FALSE,0.125,FALSE,NA,FALSE,all_pairs_combn
N147,N67,1,1,small_or_isolated_candidate,small_or_isolated_candidate,1754.516891926651,FALSE,FALSE,FALSE,0.125,FALSE,NA,FALSE,all_pairs_combn
N30,N67,1,1,small_or_isolated_candidate,small_or_isolated_candidate,1755.178834889323,FALSE,FALSE,FALSE,0.125,FALSE,NA,FALSE,all_pairs_combn
N22,N68,1,1,small_or_isolated_candidate,small_or_isolated_candidate,1755.2061743277413,FALSE,FALSE,FALSE,0.125,FALSE,NA,FALSE,all_pairs_combn
N11,N67,1,1,small_or_isolated_candidate,small_or_isolated_candidate,1755.678244526958,FALSE,FALSE,FALSE,0.125,FALSE,NA,FALSE,all_pairs_combn
N131,N36,1,1,small_or_isolated_candidate,small_or_isolated_candidate,1756.9274086897965,FALSE,FALSE,FALSE,0.125,FALSE,NA,FALSE,all_pairs_combn
N304,N35,1,1,small_or_isolated_candidate,small_or_isolated_candidate,1758.467866010861,FALSE,FALSE,FALSE,0.125,FALSE,NA,FALSE,all_pairs_combn
N24,N68,1,1,small_or_isolated_candidate,small_or_isolated_candidate,1767.5473413026782,FALSE,FALSE,FALSE,0.125,FALSE,NA,FALSE,all_pairs_combn
N10,N68,1,1,small_or_isolated_candidate,small_or_isolated_candidate,1772.013013140931,FALSE,FALSE,FALSE,0.125,FALSE,NA,FALSE,all_pairs_combn
N206,N71,1,1,small_or_isolated_candidate,small_or_isolated_candidate,1772.3798346639924,FALSE,FALSE,FALSE,0.125,FALSE,NA,FALSE,all_pairs_combn
N307,N68,1,1,small_or_isolated_candidate,small_or_isolated_candidate,1772.389748078103,FALSE,FALSE,FALSE,0.125,FALSE,NA,FALSE,all_pairs_combn
N131,N35,1,1,small_or_isolated_candidate,small_or_isolated_candidate,1775.7530863154407,FALSE,FALSE,FALSE,0.125,FALSE,NA,FALSE,all_pairs_combn
N120,N71,1,1,small_or_isolated_candidate,small_or_isolated_candidate,1778.6710520291203,FALSE,FALSE,FALSE,0.125,FALSE,NA,FALSE,all_pairs_combn
N137,N33,1,1,small_or_isolated_candidate,small_or_isolated_candidate,1779.0688038245748,FALSE,FALSE,FALSE,0.125,FALSE,NA,FALSE,all_pairs_combn
N142,N67,1,1,small_or_isolated_candidate,small_or_isolated_candidate,1799.1157898203426,FALSE,FALSE,FALSE,0.125,FALSE,NA,FALSE,all_pairs_combn
N141,N67,1,1,small_or_isolated_candidate,small_or_isolated_candidate,1805.1649014873217,FALSE,FALSE,FALSE,0.125,FALSE,NA,FALSE,all_pairs_combn
N135,N68,1,1,small_or_isolated_candidate,small_or_isolated_candidate,1809.0997903113862,FALSE,FALSE,FALSE,0.125,FALSE,NA,FALSE,all_pairs_combn
N140,N67,1,1,small_or_isolated_candidate,small_or_isolated_candidate,1809.6968971248614,FALSE,FALSE,FALSE,0.125,FALSE,NA,FALSE,all_pairs_combn
N296,N31,1,1,small_or_isolated_candidate,small_or_isolated_candidate,1811.9870150528627,FALSE,FALSE,FALSE,0.125,FALSE,NA,FALSE,all_pairs_combn
N148,N67,1,1,small_or_isolated_candidate,small_or_isolated_candidate,1811.9953099882393,FALSE,FALSE,FALSE,0.125,FALSE,NA,FALSE,all_pairs_combn
N113,N36,1,1,small_or_isolated_candidate,small_or_isolated_candidate,1817.4903268280382,FALSE,FALSE,FALSE,0.125,FALSE,NA,FALSE,all_pairs_combn
N131,N31,1,1,small_or_isolated_candidate,small_or_isolated_candidate,1824.271940663392,FALSE,FALSE,FALSE,0.125,FALSE,NA,FALSE,all_pairs_combn
N300,N31,1,1,small_or_isolated_candidate,small_or_isolated_candidate,1825.0356033359299,FALSE,FALSE,FALSE,0.125,FALSE,NA,FALSE,all_pairs_combn
N305,N31,1,1,small_or_isolated_candidate,small_or_isolated_candidate,1826.7642476885535,FALSE,FALSE,FALSE,0.125,FALSE,NA,FALSE,all_pairs_combn
N151,N71,1,1,small_or_isolated_candidate,small_or_isolated_candidate,1834.085540604106,FALSE,FALSE,FALSE,0.125,FALSE,NA,FALSE,all_pairs_combn
N212,N67,1,1,small_or_isolated_candidate,small_or_isolated_candidate,1836.0390363736833,FALSE,FALSE,FALSE,0.125,FALSE,NA,FALSE,all_pairs_combn
N113,N35,1,1,small_or_isolated_candidate,small_or_isolated_candidate,1836.8115624796087,FALSE,FALSE,FALSE,0.125,FALSE,NA,FALSE,all_pairs_combn
N304,N31,1,1,small_or_isolated_candidate,small_or_isolated_candidate,1841.8151730541224,FALSE,FALSE,FALSE,0.125,FALSE,NA,FALSE,all_pairs_combn
N182,N67,1,1,small_or_isolated_candidate,small_or_isolated_candidate,1842.2511323811352,FALSE,FALSE,FALSE,0.125,FALSE,NA,FALSE,all_pairs_combn
N132,N36,1,1,small_or_isolated_candidate,small_or_isolated_candidate,1850.0757509817024,FALSE,FALSE,FALSE,0.125,FALSE,NA,FALSE,all_pairs_combn
N294,N67,1,1,small_or_isolated_candidate,small_or_isolated_candidate,1860.2966825386243,FALSE,FALSE,FALSE,0.125,FALSE,NA,FALSE,all_pairs_combn
N132,N35,1,1,small_or_isolated_candidate,small_or_isolated_candidate,1861.598234233593,FALSE,FALSE,FALSE,0.125,FALSE,NA,FALSE,all_pairs_combn
N137,N71,1,1,small_or_isolated_candidate,small_or_isolated_candidate,1871.365364486719,FALSE,FALSE,FALSE,0.125,FALSE,NA,FALSE,all_pairs_combn
N128,N36,1,1,small_or_isolated_candidate,small_or_isolated_candidate,1876.840797357921,FALSE,FALSE,FALSE,0.125,FALSE,NA,FALSE,all_pairs_combn
N133,N67,1,1,small_or_isolated_candidate,small_or_isolated_candidate,1876.9947349879276,FALSE,FALSE,FALSE,0.125,FALSE,NA,FALSE,all_pairs_combn
N151,N67,1,1,small_or_isolated_candidate,small_or_isolated_candidate,1877.9474538358422,FALSE,FALSE,FALSE,0.125,FALSE,NA,FALSE,all_pairs_combn
N127,N36,1,1,small_or_isolated_candidate,small_or_isolated_candidate,1878.8265954318047,FALSE,FALSE,FALSE,0.125,FALSE,NA,FALSE,all_pairs_combn
N113,N31,1,1,small_or_isolated_candidate,small_or_isolated_candidate,1881.4547628968437,FALSE,FALSE,FALSE,0.125,FALSE,NA,FALSE,all_pairs_combn
N19,N67,1,1,small_or_isolated_candidate,small_or_isolated_candidate,1881.5676706747663,FALSE,FALSE,FALSE,0.125,FALSE,NA,FALSE,all_pairs_combn
N120,N67,1,1,small_or_isolated_candidate,small_or_isolated_candidate,1884.0389010819692,FALSE,FALSE,FALSE,0.125,FALSE,NA,FALSE,all_pairs_combn
N296,N68,1,1,small_or_isolated_candidate,small_or_isolated_candidate,1887.633880125103,FALSE,FALSE,FALSE,0.125,FALSE,NA,FALSE,all_pairs_combn
N128,N35,1,1,small_or_isolated_candidate,small_or_isolated_candidate,1890.0676021779793,FALSE,FALSE,FALSE,0.125,FALSE,NA,FALSE,all_pairs_combn
N157,N67,1,1,small_or_isolated_candidate,small_or_isolated_candidate,1891.3775884039121,FALSE,FALSE,FALSE,0.125,FALSE,NA,FALSE,all_pairs_combn
N127,N35,1,1,small_or_isolated_candidate,small_or_isolated_candidate,1892.025287845664,FALSE,FALSE,FALSE,0.125,FALSE,NA,FALSE,all_pairs_combn
N131,N68,1,1,small_or_isolated_candidate,small_or_isolated_candidate,1897.7303246258432,FALSE,FALSE,FALSE,0.125,FALSE,NA,FALSE,all_pairs_combn
N300,N68,1,1,small_or_isolated_candidate,small_or_isolated_candidate,1902.0224467850471,FALSE,FALSE,FALSE,0.125,FALSE,NA,FALSE,all_pairs_combn
N145,N67,1,1,small_or_isolated_candidate,small_or_isolated_candidate,1903.9262513456117,FALSE,FALSE,FALSE,0.125,FALSE,NA,FALSE,all_pairs_combn
N305,N68,1,1,small_or_isolated_candidate,small_or_isolated_candidate,1903.946264746018,FALSE,FALSE,FALSE,0.125,FALSE,NA,FALSE,all_pairs_combn
N152,N67,1,1,small_or_isolated_candidate,small_or_isolated_candidate,1916.434063574899,FALSE,FALSE,FALSE,0.125,FALSE,NA,FALSE,all_pairs_combn
N304,N68,1,1,small_or_isolated_candidate,small_or_isolated_candidate,1918.8665868831158,FALSE,FALSE,FALSE,0.125,FALSE,NA,FALSE,all_pairs_combn
N153,N67,1,1,small_or_isolated_candidate,small_or_isolated_candidate,1920.1284560641934,FALSE,FALSE,FALSE,0.125,FALSE,NA,FALSE,all_pairs_combn
N22,N67,1,1,small_or_isolated_candidate,small_or_isolated_candidate,1920.7137374041674,FALSE,FALSE,FALSE,0.125,FALSE,NA,FALSE,all_pairs_combn
N10,N67,1,1,small_or_isolated_candidate,small_or_isolated_candidate,1941.0939534336221,FALSE,FALSE,FALSE,0.125,FALSE,NA,FALSE,all_pairs_combn
N24,N67,1,1,small_or_isolated_candidate,small_or_isolated_candidate,1941.5949924625006,FALSE,FALSE,FALSE,0.125,FALSE,NA,FALSE,all_pairs_combn
N308,N67,1,1,small_or_isolated_candidate,small_or_isolated_candidate,1953.9708532174018,FALSE,FALSE,FALSE,0.125,FALSE,NA,FALSE,all_pairs_combn
N113,N68,1,1,small_or_isolated_candidate,small_or_isolated_candidate,1954.281823860211,FALSE,FALSE,FALSE,0.125,FALSE,NA,FALSE,all_pairs_combn
N132,N31,1,1,small_or_isolated_candidate,small_or_isolated_candidate,1954.7670714111184,FALSE,FALSE,FALSE,0.125,FALSE,NA,FALSE,all_pairs_combn
N137,N36,1,1,small_or_isolated_candidate,small_or_isolated_candidate,1969.2672105408742,FALSE,FALSE,FALSE,0.125,FALSE,NA,FALSE,all_pairs_combn
N128,N31,1,1,small_or_isolated_candidate,small_or_isolated_candidate,1973.9578451130706,FALSE,FALSE,FALSE,0.125,FALSE,NA,FALSE,all_pairs_combn
N127,N31,1,1,small_or_isolated_candidate,small_or_isolated_candidate,1976.0683338476622,FALSE,FALSE,FALSE,0.125,FALSE,NA,FALSE,all_pairs_combn
N307,N67,1,1,small_or_isolated_candidate,small_or_isolated_candidate,1979.9938343802091,FALSE,FALSE,FALSE,0.125,FALSE,NA,FALSE,all_pairs_combn
N137,N35,1,1,small_or_isolated_candidate,small_or_isolated_candidate,1991.5532299061874,FALSE,FALSE,FALSE,0.125,FALSE,NA,FALSE,all_pairs_combn
N137,N31,1,1,small_or_isolated_candidate,small_or_isolated_candidate,2011.267079702119,FALSE,FALSE,FALSE,0.125,FALSE,NA,FALSE,all_pairs_combn
N132,N68,1,1,small_or_isolated_candidate,small_or_isolated_candidate,2032.2022062671822,FALSE,FALSE,FALSE,0.125,FALSE,NA,FALSE,all_pairs_combn
N135,N67,1,1,small_or_isolated_candidate,small_or_isolated_candidate,2034.4238546479698,FALSE,FALSE,FALSE,0.125,FALSE,NA,FALSE,all_pairs_combn
N128,N68,1,1,small_or_isolated_candidate,small_or_isolated_candidate,2051.0151236246693,FALSE,FALSE,FALSE,0.125,FALSE,NA,FALSE,all_pairs_combn
N127,N68,1,1,small_or_isolated_candidate,small_or_isolated_candidate,2053.13367705153,FALSE,FALSE,FALSE,0.125,FALSE,NA,FALSE,all_pairs_combn
N137,N68,1,1,small_or_isolated_candidate,small_or_isolated_candidate,2079.3263379772548,FALSE,FALSE,FALSE,0.125,FALSE,NA,FALSE,all_pairs_combn
N296,N67,1,1,small_or_isolated_candidate,small_or_isolated_candidate,2103.5103537761415,FALSE,FALSE,FALSE,0.125,FALSE,NA,FALSE,all_pairs_combn
N305,N67,1,1,small_or_isolated_candidate,small_or_isolated_candidate,2110.747780782729,FALSE,FALSE,FALSE,0.125,FALSE,NA,FALSE,all_pairs_combn
N300,N67,1,1,small_or_isolated_candidate,small_or_isolated_candidate,2110.7567082037053,FALSE,FALSE,FALSE,0.125,FALSE,NA,FALSE,all_pairs_combn
N131,N67,1,1,small_or_isolated_candidate,small_or_isolated_candidate,2118.8539309353814,FALSE,FALSE,FALSE,0.125,FALSE,NA,FALSE,all_pairs_combn
N304,N67,1,1,small_or_isolated_candidate,small_or_isolated_candidate,2127.005125927723,FALSE,FALSE,FALSE,0.125,FALSE,NA,FALSE,all_pairs_combn
N113,N67,1,1,small_or_isolated_candidate,small_or_isolated_candidate,2176.333562297251,FALSE,FALSE,FALSE,0.125,FALSE,NA,FALSE,all_pairs_combn
N132,N67,1,1,small_or_isolated_candidate,small_or_isolated_candidate,2234.839419537153,FALSE,FALSE,FALSE,0.125,FALSE,NA,FALSE,all_pairs_combn
N128,N67,1,1,small_or_isolated_candidate,small_or_isolated_candidate,2258.9964424988,FALSE,FALSE,FALSE,0.125,FALSE,NA,FALSE,all_pairs_combn
N127,N67,1,1,small_or_isolated_candidate,small_or_isolated_candidate,2261.036103283108,FALSE,FALSE,FALSE,0.125,FALSE,NA,FALSE,all_pairs_combn
N137,N67,1,1,small_or_isolated_candidate,small_or_isolated_candidate,2304.5430950240084,FALSE,FALSE,FALSE,0.125,FALSE,NA,FALSE,all_pairs_combn
