edge_id,from_node_id,to_node_id,from_grid_id,to_grid_id,distance_m,azimuth_deg,orientation_deg,direction_bin,interval_fit,from_shuseki_count,to_shuseki_count
E1,G64922,G67735,64922,67735,22.360679774997898,26.56505117707799,26.56505117707799,22.5,0.6944271909999159,1,1
E2,G64922,G68231,64922,68231,20,0,0,0,0.6,1,1
E3,G65358,G67735,65358,67735,20,0,0,0,0.6,1,1
E4,G65358,G68231,65358,68231,22.360679774997898,333.434948822922,153.43494882292202,135,0.6944271909999159,1,1
E5,G65822,G67735,65822,67735,22.360679774997898,26.56505117707799,26.56505117707799,22.5,0.6944271909999159,3,1
E6,G65822,G68231,65822,68231,20,0,0,0,0.6,3,1
E7,G71689,G73654,71689,73654,20,0,0,0,0.6,1,1
E8,G71689,G74569,71689,74569,22.360679774997898,333.434948822922,153.43494882292202,135,0.6944271909999159,1,1
E9,G72181,G73125,72181,73125,22.360679774997898,296.565051177078,116.56505117707798,112.5,0.6944271909999159,2,1
E10,G72181,G73654,72181,73654,22.360679774997898,333.434948822922,153.43494882292202,135,0.6944271909999159,2,1
E11,G72181,G74569,72181,74569,28.284271247461902,315,135,135,0.9313708498984761,2,1
E12,G72181,G74622,72181,74622,22.360679774997898,296.565051177078,116.56505117707798,112.5,0.6944271909999159,2,1
E13,G72608,G73125,72608,73125,20,270,90,90,0.6,1,1
E14,G72608,G74569,72608,74569,22.360679774997898,296.565051177078,116.56505117707798,112.5,0.6944271909999159,1,1
E15,G72608,G74622,72608,74622,20,270,90,90,0.6,1,1
E16,G73115,G73654,73115,73654,20,0,0,0,0.6,1,1
E17,G73115,G74569,73115,74569,22.360679774997898,333.434948822922,153.43494882292202,135,0.6944271909999159,1,1
E18,G75050,G77030,75050,77030,20,0,0,0,0.6,1,1
E19,G75050,G77457,75050,77457,22.360679774997898,333.434948822922,153.43494882292202,135,0.6944271909999159,1,1
E20,G75050,G80889,75050,80889,44.721359549995796,243.43494882292202,63.434948822922024,45,0.41114561800016813,1,1
E21,G75050,G81287,75050,81287,41.23105625617661,255.9637565320735,75.96375653207349,67.5,0.5507577497529357,1,1
E22,G75051,G76556,75051,76556,20,270,90,90,0.6,3,1
E23,G75051,G76980,75051,76980,22.360679774997898,296.565051177078,116.56505117707798,112.5,0.6944271909999159,3,1
E24,G75051,G76982,75051,76982,20,270,90,90,0.6,3,1
E25,G75051,G77015,75051,77015,22.360679774997898,296.565051177078,116.56505117707798,112.5,0.6944271909999159,3,1
E26,G75051,G77030,75051,77030,22.360679774997898,333.434948822922,153.43494882292202,135,0.6944271909999159,3,1
E27,G75051,G77457,75051,77457,28.284271247461902,315,135,135,0.9313708498984761,3,1
E28,G75051,G78000,75051,78000,22.360679774997898,296.565051177078,116.56505117707798,112.5,0.6944271909999159,3,1
E29,G75103,G76556,75103,76556,22.360679774997898,243.43494882292202,63.434948822922024,45,0.6944271909999159,1,1
E30,G75103,G76980,75103,76980,20,270,90,90,0.6,1,1
E31,G75103,G76982,75103,76982,22.360679774997898,243.43494882292202,63.434948822922024,45,0.6944271909999159,1,1
E32,G75103,G77015,75103,77015,20,270,90,90,0.6,1,1
E33,G75103,G77457,75103,77457,22.360679774997898,296.565051177078,116.56505117707798,112.5,0.6944271909999159,1,1
E34,G75103,G78000,75103,78000,20,270,90,90,0.6,1,1
E35,G75533,G81287,75533,81287,44.721359549995796,243.43494882292202,63.434948822922024,45,0.41114561800016813,1,1
E36,G75534,G77030,75534,77030,20,0,0,0,0.6,1,1
E37,G75534,G77457,75534,77457,22.360679774997898,333.434948822922,153.43494882292202,135,0.6944271909999159,1,1
E38,G75534,G80889,75534,80889,44.721359549995796,243.43494882292202,63.434948822922024,45,0.41114561800016813,1,1
E39,G75534,G81287,75534,81287,41.23105625617661,255.9637565320735,75.96375653207349,67.5,0.5507577497529357,1,1
E40,G76014,G78486,76014,78486,31.622776601683793,198.43494882292202,18.434948822922024,0,0.9350889359326483,2,1
E41,G76014,G78489,76014,78489,30,180,0,0,1,2,2
E42,G76014,G78924,76014,78924,20,180,0,0,0.6,2,1
E43,G76014,G79395,76014,79395,22.360679774997898,206.56505117707798,26.565051177077976,22.5,0.6944271909999159,2,1
E44,G76014,G79877,76014,79877,31.622776601683793,198.43494882292202,18.434948822922024,0,0.9350889359326483,2,2
E45,G76017,G78486,76017,78486,36.05551275463989,213.69006752597977,33.69006752597977,22.5,0.75777948981440435,1,1
E46,G76017,G78489,76017,78489,31.622776601683793,198.43494882292202,18.434948822922024,0,0.9350889359326483,1,2
E47,G76017,G78924,76017,78924,22.360679774997898,206.56505117707798,26.565051177077976,22.5,0.6944271909999159,1,1
E48,G76017,G79395,76017,79395,28.284271247461902,225,45,45,0.9313708498984761,1,1
E49,G76017,G79877,76017,79877,36.05551275463989,213.69006752597977,33.69006752597977,22.5,0.75777948981440435,1,2
E50,G76019,G78486,76019,78486,44.721359549995796,206.56505117707798,26.565051177077976,22.5,0.41114561800016813,1,1
E51,G76019,G78489,76019,78489,41.23105625617661,194.03624346792648,14.036243467926482,0,0.5507577497529357,1,2
E52,G76019,G78924,76019,78924,31.622776601683793,198.43494882292202,18.434948822922024,0,0.9350889359326483,1,1
E53,G76019,G79395,76019,79395,36.05551275463989,213.69006752597977,33.69006752597977,22.5,0.75777948981440435,1,1
E54,G76019,G79877,76019,79877,44.721359549995796,206.56505117707798,26.565051177077976,22.5,0.41114561800016813,1,2
E55,G76534,G78486,76534,78486,41.23105625617661,194.03624346792648,14.036243467926482,0,0.5507577497529357,1,1
E56,G76534,G78489,76534,78489,40,180,0,0,0.6,1,2
E57,G76534,G78924,76534,78924,30,180,0,0,1,1,1
E58,G76534,G79395,76534,79395,31.622776601683793,198.43494882292202,18.434948822922024,0,0.9350889359326483,1,1
E59,G76534,G79877,76534,79877,41.23105625617661,194.03624346792648,14.036243467926482,0,0.5507577497529357,1,2
E60,G76554,G78486,76554,78486,31.622776601683793,198.43494882292202,18.434948822922024,0,0.9350889359326483,1,1
E61,G76554,G78489,76554,78489,30,180,0,0,1,1,2
E62,G76554,G78924,76554,78924,20,180,0,0,0.6,1,1
E63,G76554,G79395,76554,79395,22.360679774997898,206.56505117707798,26.565051177077976,22.5,0.6944271909999159,1,1
E64,G76554,G79877,76554,79877,31.622776601683793,198.43494882292202,18.434948822922024,0,0.9350889359326483,1,2
E65,G76556,G77030,76556,77030,22.360679774997898,26.56505117707799,26.56505117707799,22.5,0.6944271909999159,1,1
E66,G76556,G77457,76556,77457,20,0,0,0,0.6,1,1
E67,G76556,G79878,76556,79878,44.721359549995796,243.43494882292202,63.434948822922024,45,0.41114561800016813,1,1
E68,G76556,G80889,76556,80889,36.05551275463989,236.30993247402023,56.30993247402023,45,0.75777948981440435,1,1
E69,G76556,G81287,76556,81287,31.622776601683793,251.56505117707798,71.56505117707798,67.5,0.9350889359326483,1,1
E70,G76556,G81338,76556,81338,41.23105625617661,255.9637565320735,75.96375653207349,67.5,0.5507577497529357,1,1
E71,G76556,G81339,76556,81339,44.721359549995796,243.43494882292202,63.434948822922024,45,0.41114561800016813,1,1
E72,G76972,G77030,76972,77030,20,0,0,0,0.6,1,1
E73,G76972,G77457,76972,77457,22.360679774997898,333.434948822922,153.43494882292202,135,0.6944271909999159,1,1
E74,G76972,G80889,76972,80889,44.721359549995796,243.43494882292202,63.434948822922024,45,0.41114561800016813,1,1
E75,G76972,G81287,76972,81287,41.23105625617661,255.9637565320735,75.96375653207349,67.5,0.5507577497529357,1,1
E76,G76978,G81287,76978,81287,44.721359549995796,243.43494882292202,63.434948822922024,45,0.41114561800016813,1,1
E77,G76980,G80889,76980,80889,42.42640687119285,225,45,45,0.5029437251522859,1,1
E78,G76980,G81287,76980,81287,36.05551275463989,236.30993247402023,56.30993247402023,45,0.75777948981440435,1,1
E79,G76980,G81338,76980,81338,44.721359549995796,243.43494882292202,63.434948822922024,45,0.41114561800016813,1,1
E80,G76982,G77030,76982,77030,22.360679774997898,26.56505117707799,26.56505117707799,22.5,0.6944271909999159,1,1
E81,G76982,G77457,76982,77457,20,0,0,0,0.6,1,1
E82,G76982,G79878,76982,79878,44.721359549995796,243.43494882292202,63.434948822922024,45,0.41114561800016813,1,1
E83,G76982,G80889,76982,80889,36.05551275463989,236.30993247402023,56.30993247402023,45,0.75777948981440435,1,1
E84,G76982,G81287,76982,81287,31.622776601683793,251.56505117707798,71.56505117707798,67.5,0.9350889359326483,1,1
E85,G76982,G81338,76982,81338,41.23105625617661,255.9637565320735,75.96375653207349,67.5,0.5507577497529357,1,1
E86,G76982,G81339,76982,81339,44.721359549995796,243.43494882292202,63.434948822922024,45,0.41114561800016813,1,1
E87,G77015,G80889,77015,80889,42.42640687119285,225,45,45,0.5029437251522859,1,1
E88,G77015,G81287,77015,81287,36.05551275463989,236.30993247402023,56.30993247402023,45,0.75777948981440435,1,1
E89,G77015,G81338,77015,81338,44.721359549995796,243.43494882292202,63.434948822922024,45,0.41114561800016813,1,1
E90,G77016,G81287,77016,81287,44.721359549995796,243.43494882292202,63.434948822922024,45,0.41114561800016813,2,1
E91,G77457,G81287,77457,81287,42.42640687119285,225,45,45,0.5029437251522859,1,1
E92,G78000,G80889,78000,80889,42.42640687119285,225,45,45,0.5029437251522859,1,1
E93,G78000,G81287,78000,81287,36.05551275463989,236.30993247402023,56.30993247402023,45,0.75777948981440435,1,1
E94,G78000,G81338,78000,81338,44.721359549995796,243.43494882292202,63.434948822922024,45,0.41114561800016813,1,1
E95,G79878,G88098,79878,88098,42.42640687119285,225,45,45,0.5029437251522859,1,1
E96,G79878,G88107,79878,88107,36.05551275463989,236.30993247402023,56.30993247402023,45,0.75777948981440435,1,2
E97,G79878,G88123,79878,88123,44.721359549995796,243.43494882292202,63.434948822922024,45,0.41114561800016813,1,1
E98,G80889,G88107,80889,88107,44.721359549995796,243.43494882292202,63.434948822922024,45,0.41114561800016813,1,2
E99,G81338,G88107,81338,88107,42.42640687119285,225,45,45,0.5029437251522859,1,2
E100,G81339,G88098,81339,88098,42.42640687119285,225,45,45,0.5029437251522859,1,1
E101,G81339,G88107,81339,88107,36.05551275463989,236.30993247402023,56.30993247402023,45,0.75777948981440435,1,2
E102,G81339,G88123,81339,88123,44.721359549995796,243.43494882292202,63.434948822922024,45,0.41114561800016813,1,1
E103,G81722,G83061,81722,83061,31.622776601683793,198.43494882292202,18.434948822922024,0,0.9350889359326483,1,1
E104,G81722,G83485,81722,83485,30,180,0,0,1,1,3
E105,G81722,G83542,81722,83542,20,180,0,0,0.6,1,1
E106,G81722,G83957,81722,83957,22.360679774997898,206.56505117707798,26.565051177077976,22.5,0.6944271909999159,1,1
E107,G81722,G84728,81722,84728,31.622776601683793,198.43494882292202,18.434948822922024,0,0.9350889359326483,1,1
E108,G81771,G83061,81771,83061,36.05551275463989,213.69006752597977,33.69006752597977,22.5,0.75777948981440435,4,1
E109,G81771,G83485,81771,83485,31.622776601683793,198.43494882292202,18.434948822922024,0,0.9350889359326483,4,3
E110,G81771,G83542,81771,83542,22.360679774997898,206.56505117707798,26.565051177077976,22.5,0.6944271909999159,4,1
E111,G81771,G83957,81771,83957,28.284271247461902,225,45,45,0.9313708498984761,4,1
E112,G81771,G84728,81771,84728,36.05551275463989,213.69006752597977,33.69006752597977,22.5,0.75777948981440435,4,1
E113,G81771,G85933,81771,85933,20,270,90,90,0.6,4,1
E114,G81771,G87448,81771,87448,22.360679774997898,296.565051177078,116.56505117707798,112.5,0.6944271909999159,4,2
E115,G81771,G87530,81771,87530,20,270,90,90,0.6,4,1
E116,G81772,G83061,81772,83061,44.721359549995796,206.56505117707798,26.565051177077976,22.5,0.41114561800016813,1,1
E117,G81772,G83485,81772,83485,41.23105625617661,194.03624346792648,14.036243467926482,0,0.5507577497529357,1,3
E118,G81772,G83542,81772,83542,31.622776601683793,198.43494882292202,18.434948822922024,0,0.9350889359326483,1,1
E119,G81772,G83957,81772,83957,36.05551275463989,213.69006752597977,33.69006752597977,22.5,0.75777948981440435,1,1
E120,G81772,G84728,81772,84728,44.721359549995796,206.56505117707798,26.565051177077976,22.5,0.41114561800016813,1,1
E121,G81772,G85933,81772,85933,22.360679774997898,243.43494882292202,63.434948822922024,45,0.6944271909999159,1,1
E122,G81772,G87448,81772,87448,20,270,90,90,0.6,1,2
E123,G81772,G87530,81772,87530,22.360679774997898,243.43494882292202,63.434948822922024,45,0.6944271909999159,1,1
E124,G82202,G83061,82202,83061,41.23105625617661,194.03624346792648,14.036243467926482,0,0.5507577497529357,2,1
E125,G82202,G83485,82202,83485,40,180,0,0,0.6,2,3
E126,G82202,G83542,82202,83542,30,180,0,0,1,2,1
E127,G82202,G83957,82202,83957,31.622776601683793,198.43494882292202,18.434948822922024,0,0.9350889359326483,2,1
E128,G82202,G84728,82202,84728,41.23105625617661,194.03624346792648,14.036243467926482,0,0.5507577497529357,2,1
E129,G82633,G83061,82633,83061,31.622776601683793,198.43494882292202,18.434948822922024,0,0.9350889359326483,1,1
E130,G82633,G83485,82633,83485,30,180,0,0,1,1,3
E131,G82633,G83542,82633,83542,20,180,0,0,0.6,1,1
E132,G82633,G83957,82633,83957,22.360679774997898,206.56505117707798,26.565051177077976,22.5,0.6944271909999159,1,1
E133,G82633,G84728,82633,84728,31.622776601683793,198.43494882292202,18.434948822922024,0,0.9350889359326483,1,1
E134,G83061,G85933,83061,85933,30,0,0,0,1,1,1
E135,G83061,G86402,83061,86402,31.622776601683793,18.43494882292201,18.43494882292201,0,0.9350889359326483,1,1
E136,G83061,G87413,83061,87413,41.23105625617661,14.036243467926477,14.036243467926477,0,0.5507577497529357,1,3
E137,G83061,G87448,83061,87448,40,0,0,0,0.6,1,2
E138,G83061,G87530,83061,87530,30,0,0,0,1,1,1
E139,G83485,G85933,83485,85933,31.622776601683793,341.565051177078,161.56505117707798,157.5,0.9350889359326483,3,1
E140,G83485,G86402,83485,86402,30,0,0,0,1,3,1
E141,G83485,G87413,83485,87413,40,0,0,0,0.6,3,3
E142,G83485,G87448,83485,87448,41.23105625617661,345.96375653207355,165.96375653207355,157.5,0.5507577497529357,3,2
E143,G83485,G87530,83485,87530,31.622776601683793,341.565051177078,161.56505117707798,157.5,0.9350889359326483,3,1
E144,G83542,G85933,83542,85933,22.360679774997898,333.434948822922,153.43494882292202,135,0.6944271909999159,1,1
E145,G83542,G86402,83542,86402,20,0,0,0,0.6,1,1
E146,G83542,G87413,83542,87413,30,0,0,0,1,1,3
E147,G83542,G87448,83542,87448,31.622776601683793,341.565051177078,161.56505117707798,157.5,0.9350889359326483,1,2
E148,G83542,G87530,83542,87530,22.360679774997898,333.434948822922,153.43494882292202,135,0.6944271909999159,1,1
E149,G83957,G85933,83957,85933,20,0,0,0,0.6,1,1
E150,G83957,G86402,83957,86402,22.360679774997898,26.56505117707799,26.56505117707799,22.5,0.6944271909999159,1,1
E151,G83957,G87413,83957,87413,31.622776601683793,18.43494882292201,18.43494882292201,0,0.9350889359326483,1,3
E152,G83957,G87448,83957,87448,30,0,0,0,1,1,2
E153,G83957,G87530,83957,87530,20,0,0,0,0.6,1,1
E154,G84728,G85933,84728,85933,30,0,0,0,1,1,1
E155,G84728,G86402,84728,86402,31.622776601683793,18.43494882292201,18.43494882292201,0,0.9350889359326483,1,1
E156,G84728,G87413,84728,87413,41.23105625617661,14.036243467926477,14.036243467926477,0,0.5507577497529357,1,3
E157,G84728,G87448,84728,87448,40,0,0,0,0.6,1,2
E158,G84728,G87530,84728,87530,30,0,0,0,1,1,1
E159,G87765,G88130,87765,88130,22.360679774997898,243.43494882292202,63.434948822922024,45,0.6944271909999159,1,1
E160,G87765,G88134,87765,88134,20,270,90,90,0.6,1,4
E161,G87765,G88138,87765,88138,22.360679774997898,243.43494882292202,63.434948822922024,45,0.6944271909999159,1,1
E162,G87766,G88130,87766,88130,31.622776601683793,251.56505117707798,71.56505117707798,67.5,0.9350889359326483,1,1
E163,G87766,G88131,87766,88131,22.360679774997898,243.43494882292202,63.434948822922024,45,0.6944271909999159,1,1
E164,G87766,G88133,87766,88133,20,270,90,90,0.6,1,1
E165,G87766,G88134,87766,88134,30,270,90,90,1,1,4
E166,G87766,G88138,87766,88138,31.622776601683793,251.56505117707798,71.56505117707798,67.5,0.9350889359326483,1,1
E167,G87769,G88130,87769,88130,36.05551275463989,236.30993247402023,56.30993247402023,45,0.75777948981440435,1,1
E168,G87769,G88131,87769,88131,28.284271247461902,225,45,45,0.9313708498984761,1,1
E169,G87769,G88133,87769,88133,22.360679774997898,243.43494882292202,63.434948822922024,45,0.6944271909999159,1,1
E170,G87769,G88134,87769,88134,31.622776601683793,251.56505117707798,71.56505117707798,67.5,0.9350889359326483,1,4
E171,G87769,G88138,87769,88138,36.05551275463989,236.30993247402023,56.30993247402023,45,0.75777948981440435,1,1
E172,G87779,G88130,87779,88130,28.284271247461902,225,45,45,0.9313708498984761,2,1
E173,G87779,G88131,87779,88131,22.360679774997898,206.56505117707798,26.565051177077976,22.5,0.6944271909999159,2,1
E174,G87779,G88134,87779,88134,22.360679774997898,243.43494882292202,63.434948822922024,45,0.6944271909999159,2,4
E175,G87779,G88138,87779,88138,28.284271247461902,225,45,45,0.9313708498984761,2,1
E176,G87779,G88433,87779,88433,44.721359549995796,333.434948822922,153.43494882292202,135,0.41114561800016813,2,2
E177,G87935,G88130,87935,88130,22.360679774997898,243.43494882292202,63.434948822922024,45,0.6944271909999159,1,1
E178,G87935,G88134,87935,88134,20,270,90,90,0.6,1,4
E179,G87935,G88138,87935,88138,22.360679774997898,243.43494882292202,63.434948822922024,45,0.6944271909999159,1,1
E180,G88454,G88780,88454,88780,22.360679774997898,206.56505117707798,26.565051177077976,22.5,0.6944271909999159,3,1
E181,G88454,G88797,88454,88797,20,180,0,0,0.6,3,1
E182,G88454,G88801,88454,88801,22.360679774997898,206.56505117707798,26.565051177077976,22.5,0.6944271909999159,3,1
E183,G88454,G88804,88454,88804,22.360679774997898,243.43494882292202,63.434948822922024,45,0.6944271909999159,3,1
E184,G88454,G88809,88454,88809,20,270,90,90,0.6,3,1
E185,G88454,G89141,88454,89141,22.360679774997898,243.43494882292202,63.434948822922024,45,0.6944271909999159,3,1
E186,G88455,G88780,88455,88780,28.284271247461902,225,45,45,0.9313708498984761,3,1
E187,G88455,G88797,88455,88797,22.360679774997898,206.56505117707798,26.565051177077976,22.5,0.6944271909999159,3,1
E188,G88455,G88799,88455,88799,22.360679774997898,243.43494882292202,63.434948822922024,45,0.6944271909999159,3,3
E189,G88455,G88801,88455,88801,28.284271247461902,225,45,45,0.9313708498984761,3,1
E190,G88455,G88804,88455,88804,31.622776601683793,251.56505117707798,71.56505117707798,67.5,0.9350889359326483,3,1
E191,G88455,G88806,88455,88806,22.360679774997898,243.43494882292202,63.434948822922024,45,0.6944271909999159,3,1
E192,G88455,G88808,88455,88808,20,270,90,90,0.6,3,1
E193,G88455,G88809,88455,88809,30,270,90,90,1,3,1
E194,G88455,G89141,88455,89141,31.622776601683793,251.56505117707798,71.56505117707798,67.5,0.9350889359326483,3,1
E195,G88456,G88780,88456,88780,36.05551275463989,213.69006752597977,33.69006752597977,22.5,0.75777948981440435,1,1
E196,G88456,G88797,88456,88797,31.622776601683793,198.43494882292202,18.434948822922024,0,0.9350889359326483,1,1
E197,G88456,G88798,88456,88798,22.360679774997898,206.56505117707798,26.565051177077976,22.5,0.6944271909999159,1,2
E198,G88456,G88799,88456,88799,28.284271247461902,225,45,45,0.9313708498984761,1,3
E199,G88456,G88801,88456,88801,36.05551275463989,213.69006752597977,33.69006752597977,22.5,0.75777948981440435,1,1
E200,G88456,G88804,88456,88804,36.05551275463989,236.30993247402023,56.30993247402023,45,0.75777948981440435,1,1
E201,G88456,G88806,88456,88806,28.284271247461902,225,45,45,0.9313708498984761,1,1
E202,G88456,G88808,88456,88808,22.360679774997898,243.43494882292202,63.434948822922024,45,0.6944271909999159,1,1
E203,G88456,G88809,88456,88809,31.622776601683793,251.56505117707798,71.56505117707798,67.5,0.9350889359326483,1,1
E204,G88456,G89141,88456,89141,36.05551275463989,236.30993247402023,56.30993247402023,45,0.75777948981440435,1,1
E205,G88457,G88780,88457,88780,31.622776601683793,198.43494882292202,18.434948822922024,0,0.9350889359326483,2,1
E206,G88457,G88797,88457,88797,30,180,0,0,1,2,1
E207,G88457,G88798,88457,88798,20,180,0,0,0.6,2,2
E208,G88457,G88799,88457,88799,22.360679774997898,206.56505117707798,26.565051177077976,22.5,0.6944271909999159,2,3
E209,G88457,G88801,88457,88801,31.622776601683793,198.43494882292202,18.434948822922024,0,0.9350889359326483,2,1
E210,G88457,G88804,88457,88804,28.284271247461902,225,45,45,0.9313708498984761,2,1
E211,G88457,G88806,88457,88806,22.360679774997898,206.56505117707798,26.565051177077976,22.5,0.6944271909999159,2,1
E212,G88457,G88809,88457,88809,22.360679774997898,243.43494882292202,63.434948822922024,45,0.6944271909999159,2,1
E213,G88457,G89141,88457,89141,28.284271247461902,225,45,45,0.9313708498984761,2,1
E214,G88462,G88780,88462,88780,22.360679774997898,206.56505117707798,26.565051177077976,22.5,0.6944271909999159,3,1
E215,G88462,G88797,88462,88797,20,180,0,0,0.6,3,1
E216,G88462,G88801,88462,88801,22.360679774997898,206.56505117707798,26.565051177077976,22.5,0.6944271909999159,3,1
E217,G88462,G88804,88462,88804,22.360679774997898,243.43494882292202,63.434948822922024,45,0.6944271909999159,3,1
E218,G88462,G88809,88462,88809,20,270,90,90,0.6,3,1
E219,G88462,G89141,88462,89141,22.360679774997898,243.43494882292202,63.434948822922024,45,0.6944271909999159,3,1
E220,G88780,G88808,88780,88808,20,0,0,0,0.6,1,1
E221,G88780,G88809,88780,88809,22.360679774997898,333.434948822922,153.43494882292202,135,0.6944271909999159,1,1
E222,G88797,G88804,88797,88804,22.360679774997898,296.565051177078,116.56505117707798,112.5,0.6944271909999159,1,1
E223,G88797,G88808,88797,88808,22.360679774997898,333.434948822922,153.43494882292202,135,0.6944271909999159,1,1
E224,G88797,G88809,88797,88809,28.284271247461902,315,135,135,0.9313708498984761,1,1
E225,G88797,G89141,88797,89141,22.360679774997898,296.565051177078,116.56505117707798,112.5,0.6944271909999159,1,1
E226,G88798,G88804,88798,88804,20,270,90,90,0.6,2,1
E227,G88798,G88809,88798,88809,22.360679774997898,296.565051177078,116.56505117707798,112.5,0.6944271909999159,2,1
E228,G88798,G89141,88798,89141,20,270,90,90,0.6,2,1
E229,G88801,G88808,88801,88808,20,0,0,0,0.6,1,1
E230,G88801,G88809,88801,88809,22.360679774997898,333.434948822922,153.43494882292202,135,0.6944271909999159,1,1
E231,G89837,G91153,89837,91153,44.721359549995796,206.56505117707798,26.565051177077976,22.5,0.41114561800016813,1,1
E232,G90161,G91153,90161,91153,44.721359549995796,206.56505117707798,26.565051177077976,22.5,0.41114561800016813,1,1
E233,G90189,G90520,90189,90520,20,270,90,90,0.6,1,2
E234,G90189,G90529,90189,90529,22.360679774997898,296.565051177078,116.56505117707798,112.5,0.6944271909999159,1,1
E235,G90189,G90532,90189,90532,20,270,90,90,0.6,1,1
E236,G90194,G90520,90194,90520,22.360679774997898,243.43494882292202,63.434948822922024,45,0.6944271909999159,1,2
E237,G90194,G90529,90194,90529,20,270,90,90,0.6,1,1
E238,G90194,G90532,90194,90532,22.360679774997898,243.43494882292202,63.434948822922024,45,0.6944271909999159,1,1
E239,G90846,G91209,90846,91209,36.05551275463989,213.69006752597977,33.69006752597977,22.5,0.75777948981440435,1,1
E240,G90846,G91213,90846,91213,31.622776601683793,198.43494882292202,18.434948822922024,0,0.9350889359326483,1,1
E241,G90846,G91348,90846,91348,22.360679774997898,206.56505117707798,26.565051177077976,22.5,0.6944271909999159,1,1
E242,G90846,G91356,90846,91356,28.284271247461902,225,45,45,0.9313708498984761,1,1
E243,G90846,G91503,90846,91503,36.05551275463989,213.69006752597977,33.69006752597977,22.5,0.75777948981440435,1,1
E244,G90848,G91209,90848,91209,42.42640687119285,225,45,45,0.5029437251522859,1,1
E245,G90848,G91213,90848,91213,36.05551275463989,213.69006752597977,33.69006752597977,22.5,0.75777948981440435,1,1
E246,G90848,G91348,90848,91348,28.284271247461902,225,45,45,0.9313708498984761,1,1
E247,G90848,G91356,90848,91356,36.05551275463989,236.30993247402023,56.30993247402023,45,0.75777948981440435,1,1
E248,G90848,G91503,90848,91503,42.42640687119285,225,45,45,0.5029437251522859,1,1
E249,G90850,G91213,90850,91213,44.721359549995796,206.56505117707798,26.565051177077976,22.5,0.41114561800016813,1,1
E250,G90850,G91348,90850,91348,36.05551275463989,213.69006752597977,33.69006752597977,22.5,0.75777948981440435,1,1
E251,G90850,G91356,90850,91356,42.42640687119285,225,45,45,0.5029437251522859,1,1
E252,G90857,G91209,90857,91209,44.721359549995796,206.56505117707798,26.565051177077976,22.5,0.41114561800016813,1,1
E253,G90857,G91213,90857,91213,41.23105625617661,194.03624346792648,14.036243467926482,0,0.5507577497529357,1,1
E254,G90857,G91348,90857,91348,31.622776601683793,198.43494882292202,18.434948822922024,0,0.9350889359326483,1,1
E255,G90857,G91356,90857,91356,36.05551275463989,213.69006752597977,33.69006752597977,22.5,0.75777948981440435,1,1
E256,G90857,G91503,90857,91503,44.721359549995796,206.56505117707798,26.565051177077976,22.5,0.41114561800016813,1,1
E257,G90866,G91209,90866,91209,36.05551275463989,213.69006752597977,33.69006752597977,22.5,0.75777948981440435,1,1
E258,G90866,G91213,90866,91213,31.622776601683793,198.43494882292202,18.434948822922024,0,0.9350889359326483,1,1
E259,G90866,G91348,90866,91348,22.360679774997898,206.56505117707798,26.565051177077976,22.5,0.6944271909999159,1,1
E260,G90866,G91356,90866,91356,28.284271247461902,225,45,45,0.9313708498984761,1,1
E261,G90866,G91503,90866,91503,36.05551275463989,213.69006752597977,33.69006752597977,22.5,0.75777948981440435,1,1
E262,G90867,G91504,90867,91504,31.622776601683793,198.43494882292202,18.434948822922024,0,0.9350889359326483,1,1
E263,G90867,G91505,90867,91505,30,180,0,0,1,1,1
E264,G90867,G91529,90867,91529,20,180,0,0,0.6,1,1
E265,G90867,G91654,90867,91654,22.360679774997898,206.56505117707798,26.565051177077976,22.5,0.6944271909999159,1,1
E266,G90867,G91841,90867,91841,31.622776601683793,198.43494882292202,18.434948822922024,0,0.9350889359326483,1,1
E267,G90867,G91871,90867,91871,22.360679774997898,206.56505117707798,26.565051177077976,22.5,0.6944271909999159,1,1
E268,G90867,G91874,90867,91874,20,180,0,0,0.6,1,1
E269,G90867,G92206,90867,92206,22.360679774997898,206.56505117707798,26.565051177077976,22.5,0.6944271909999159,1,1
E270,G90867,G93243,90867,93243,36.05551275463989,213.69006752597977,33.69006752597977,22.5,0.75777948981440435,1,1
E271,G90867,G93244,90867,93244,31.622776601683793,198.43494882292202,18.434948822922024,0,0.9350889359326483,1,2
E272,G90867,G93526,90867,93526,22.360679774997898,206.56505117707798,26.565051177077976,22.5,0.6944271909999159,1,1
E273,G90867,G93531,90867,93531,28.284271247461902,225,45,45,0.9313708498984761,1,1
E274,G90867,G93568,90867,93568,36.05551275463989,213.69006752597977,33.69006752597977,22.5,0.75777948981440435,1,1
E275,G90867,G94168,90867,94168,28.284271247461902,225,45,45,0.9313708498984761,1,1
E276,G90867,G94181,90867,94181,22.360679774997898,206.56505117707798,26.565051177077976,22.5,0.6944271909999159,1,1
E277,G90867,G95127,90867,95127,22.360679774997898,243.43494882292202,63.434948822922024,45,0.6944271909999159,1,1
E278,G90867,G95140,90867,95140,28.284271247461902,225,45,45,0.9313708498984761,1,1
E279,G90867,G95198,90867,95198,42.42640687119285,225,45,45,0.5029437251522859,1,1
E280,G90867,G95448,90867,95448,36.05551275463989,213.69006752597977,33.69006752597977,22.5,0.75777948981440435,1,1
E281,G90867,G95463,90867,95463,28.284271247461902,225,45,45,0.9313708498984761,1,1
E282,G90867,G95493,90867,95493,36.05551275463989,236.30993247402023,56.30993247402023,45,0.75777948981440435,1,1
E283,G90867,G95494,90867,95494,42.42640687119285,225,45,45,0.5029437251522859,1,1
E284,G90867,G97666,90867,97666,30,270,90,90,1,1,2
E285,G90867,G98057,90867,98057,20,270,90,90,0.6,1,1
E286,G90867,G98729,90867,98729,22.360679774997898,296.565051177078,116.56505117707798,112.5,0.6944271909999159,1,1
E287,G90867,G98919,90867,98919,31.622776601683793,288.434948822922,108.43494882292202,90,0.9350889359326483,1,1
E288,G90867,G99269,90867,99269,30,270,90,90,1,1,1
E289,G90867,G99283,90867,99283,36.05551275463989,303.69006752597977,123.69006752597977,112.5,0.75777948981440435,1,1
E290,G90867,G99531,90867,99531,28.284271247461902,315,135,135,0.9313708498984761,1,1
E291,G90867,G100171,90867,100171,36.05551275463989,326.30993247402023,146.30993247402023,135,0.75777948981440435,1,1
E292,G90867,G100222,90867,100222,42.42640687119285,315,135,135,0.5029437251522859,1,1
E293,G90867,G100485,90867,100485,36.05551275463989,303.69006752597977,123.69006752597977,112.5,0.75777948981440435,1,1
E294,G90867,G103903,90867,103903,40,270,90,90,0.6,1,2
E295,G90867,G103914,90867,103914,41.23105625617661,284.03624346792645,104.03624346792645,90,0.5507577497529357,1,1
E296,G90867,G104195,90867,104195,44.721359549995796,296.565051177078,116.56505117707798,112.5,0.41114561800016813,1,1
E297,G90870,G91504,90870,91504,36.05551275463989,213.69006752597977,33.69006752597977,22.5,0.75777948981440435,1,1
E298,G90870,G91505,90870,91505,31.622776601683793,198.43494882292202,18.434948822922024,0,0.9350889359326483,1,1
E299,G90870,G91529,90870,91529,22.360679774997898,206.56505117707798,26.565051177077976,22.5,0.6944271909999159,1,1
E300,G90870,G91654,90870,91654,28.284271247461902,225,45,45,0.9313708498984761,1,1
E301,G90870,G91841,90870,91841,36.05551275463989,213.69006752597977,33.69006752597977,22.5,0.75777948981440435,1,1
E302,G90870,G91871,90870,91871,28.284271247461902,225,45,45,0.9313708498984761,1,1
E303,G90870,G91874,90870,91874,22.360679774997898,206.56505117707798,26.565051177077976,22.5,0.6944271909999159,1,1
E304,G90870,G92178,90870,92178,22.360679774997898,243.43494882292202,63.434948822922024,45,0.6944271909999159,1,2
E305,G90870,G92206,90870,92206,28.284271247461902,225,45,45,0.9313708498984761,1,1
E306,G90870,G93243,90870,93243,42.42640687119285,225,45,45,0.5029437251522859,1,1
E307,G90870,G93244,90870,93244,36.05551275463989,213.69006752597977,33.69006752597977,22.5,0.75777948981440435,1,2
E308,G90870,G93526,90870,93526,28.284271247461902,225,45,45,0.9313708498984761,1,1
E309,G90870,G93531,90870,93531,36.05551275463989,236.30993247402023,56.30993247402023,45,0.75777948981440435,1,1
E310,G90870,G93568,90870,93568,42.42640687119285,225,45,45,0.5029437251522859,1,1
E311,G90870,G94168,90870,94168,36.05551275463989,236.30993247402023,56.30993247402023,45,0.75777948981440435,1,1
E312,G90870,G94181,90870,94181,28.284271247461902,225,45,45,0.9313708498984761,1,1
E313,G90870,G94193,90870,94193,22.360679774997898,243.43494882292202,63.434948822922024,45,0.6944271909999159,1,1
E314,G90870,G95127,90870,95127,31.622776601683793,251.56505117707798,71.56505117707798,67.5,0.9350889359326483,1,1
E315,G90870,G95140,90870,95140,36.05551275463989,236.30993247402023,56.30993247402023,45,0.75777948981440435,1,1
E316,G90870,G95448,90870,95448,42.42640687119285,225,45,45,0.5029437251522859,1,1
E317,G90870,G95463,90870,95463,36.05551275463989,236.30993247402023,56.30993247402023,45,0.75777948981440435,1,1
E318,G90870,G95493,90870,95493,44.721359549995796,243.43494882292202,63.434948822922024,45,0.41114561800016813,1,1
E319,G90870,G97666,90870,97666,40,270,90,90,0.6,1,2
E320,G90870,G98057,90870,98057,30,270,90,90,1,1,1
E321,G90870,G98729,90870,98729,31.622776601683793,288.434948822922,108.43494882292202,90,0.9350889359326483,1,1
E322,G90870,G98919,90870,98919,41.23105625617661,284.03624346792645,104.03624346792645,90,0.5507577497529357,1,1
E323,G90870,G99269,90870,99269,40,270,90,90,0.6,1,1
E324,G90870,G99283,90870,99283,44.721359549995796,296.565051177078,116.56505117707798,112.5,0.41114561800016813,1,1
E325,G90870,G99531,90870,99531,36.05551275463989,303.69006752597977,123.69006752597977,112.5,0.75777948981440435,1,1
E326,G90870,G100171,90870,100171,42.42640687119285,315,135,135,0.5029437251522859,1,1
E327,G90870,G100485,90870,100485,44.721359549995796,296.565051177078,116.56505117707798,112.5,0.41114561800016813,1,1
E328,G91153,G91504,91153,91504,44.721359549995796,206.56505117707798,26.565051177077976,22.5,0.41114561800016813,1,1
E329,G91153,G91505,91153,91505,41.23105625617661,194.03624346792648,14.036243467926482,0,0.5507577497529357,1,1
E330,G91153,G91529,91153,91529,31.622776601683793,198.43494882292202,18.434948822922024,0,0.9350889359326483,1,1
E331,G91153,G91654,91153,91654,36.05551275463989,213.69006752597977,33.69006752597977,22.5,0.75777948981440435,1,1
E332,G91153,G91841,91153,91841,44.721359549995796,206.56505117707798,26.565051177077976,22.5,0.41114561800016813,1,1
E333,G91153,G91871,91153,91871,36.05551275463989,213.69006752597977,33.69006752597977,22.5,0.75777948981440435,1,1
E334,G91153,G91874,91153,91874,31.622776601683793,198.43494882292202,18.434948822922024,0,0.9350889359326483,1,1
E335,G91153,G92175,91153,92175,22.360679774997898,206.56505117707798,26.565051177077976,22.5,0.6944271909999159,1,1
E336,G91153,G92178,91153,92178,28.284271247461902,225,45,45,0.9313708498984761,1,2
E337,G91153,G92206,91153,92206,36.05551275463989,213.69006752597977,33.69006752597977,22.5,0.75777948981440435,1,1
E338,G91153,G93244,91153,93244,44.721359549995796,206.56505117707798,26.565051177077976,22.5,0.41114561800016813,1,2
E339,G91153,G93526,91153,93526,36.05551275463989,213.69006752597977,33.69006752597977,22.5,0.75777948981440435,1,1
E340,G91153,G93531,91153,93531,42.42640687119285,225,45,45,0.5029437251522859,1,1
E341,G91153,G94168,91153,94168,42.42640687119285,225,45,45,0.5029437251522859,1,1
E342,G91153,G94181,91153,94181,36.05551275463989,213.69006752597977,33.69006752597977,22.5,0.75777948981440435,1,1
E343,G91153,G94193,91153,94193,28.284271247461902,225,45,45,0.9313708498984761,1,1
E344,G91153,G95127,91153,95127,36.05551275463989,236.30993247402023,56.30993247402023,45,0.75777948981440435,1,1
E345,G91153,G95140,91153,95140,42.42640687119285,225,45,45,0.5029437251522859,1,1
E346,G91153,G95463,91153,95463,42.42640687119285,225,45,45,0.5029437251522859,1,1
E347,G91153,G97666,91153,97666,41.23105625617661,255.9637565320735,75.96375653207349,67.5,0.5507577497529357,1,2
E348,G91153,G98057,91153,98057,31.622776601683793,251.56505117707798,71.56505117707798,67.5,0.9350889359326483,1,1
E349,G91153,G98729,91153,98729,30,270,90,90,1,1,1
E350,G91153,G98919,91153,98919,40,270,90,90,0.6,1,1
E351,G91153,G99269,91153,99269,41.23105625617661,255.9637565320735,75.96375653207349,67.5,0.5507577497529357,1,1
E352,G91153,G99283,91153,99283,41.23105625617661,284.03624346792645,104.03624346792645,90,0.5507577497529357,1,1
E353,G91153,G99531,91153,99531,31.622776601683793,288.434948822922,108.43494882292202,90,0.9350889359326483,1,1
E354,G91153,G100171,91153,100171,36.05551275463989,303.69006752597977,123.69006752597977,112.5,0.75777948981440435,1,1
E355,G91153,G100222,91153,100222,44.721359549995796,296.565051177078,116.56505117707798,112.5,0.41114561800016813,1,1
E356,G91153,G100485,91153,100485,41.23105625617661,284.03624346792645,104.03624346792645,90,0.5507577497529357,1,1
E357,G91187,G91504,91187,91504,41.23105625617661,194.03624346792648,14.036243467926482,0,0.5507577497529357,1,1
E358,G91187,G91505,91187,91505,40,180,0,0,0.6,1,1
E359,G91187,G91529,91187,91529,30,180,0,0,1,1,1
E360,G91187,G91654,91187,91654,31.622776601683793,198.43494882292202,18.434948822922024,0,0.9350889359326483,1,1
E361,G91187,G91841,91187,91841,41.23105625617661,194.03624346792648,14.036243467926482,0,0.5507577497529357,1,1
E362,G91187,G91871,91187,91871,31.622776601683793,198.43494882292202,18.434948822922024,0,0.9350889359326483,1,1
E363,G91187,G91874,91187,91874,30,180,0,0,1,1,1
E364,G91187,G92175,91187,92175,20,180,0,0,0.6,1,1
E365,G91187,G92178,91187,92178,22.360679774997898,206.56505117707798,26.565051177077976,22.5,0.6944271909999159,1,2
E366,G91187,G92206,91187,92206,31.622776601683793,198.43494882292202,18.434948822922024,0,0.9350889359326483,1,1
E367,G91187,G93243,91187,93243,44.721359549995796,206.56505117707798,26.565051177077976,22.5,0.41114561800016813,1,1
E368,G91187,G93244,91187,93244,41.23105625617661,194.03624346792648,14.036243467926482,0,0.5507577497529357,1,2
E369,G91187,G93526,91187,93526,31.622776601683793,198.43494882292202,18.434948822922024,0,0.9350889359326483,1,1
E370,G91187,G93531,91187,93531,36.05551275463989,213.69006752597977,33.69006752597977,22.5,0.75777948981440435,1,1
E371,G91187,G93568,91187,93568,44.721359549995796,206.56505117707798,26.565051177077976,22.5,0.41114561800016813,1,1
E372,G91187,G94168,91187,94168,36.05551275463989,213.69006752597977,33.69006752597977,22.5,0.75777948981440435,1,1
E373,G91187,G94181,91187,94181,31.622776601683793,198.43494882292202,18.434948822922024,0,0.9350889359326483,1,1
E374,G91187,G94193,91187,94193,22.360679774997898,206.56505117707798,26.565051177077976,22.5,0.6944271909999159,1,1
E375,G91187,G95127,91187,95127,28.284271247461902,225,45,45,0.9313708498984761,1,1
E376,G91187,G95140,91187,95140,36.05551275463989,213.69006752597977,33.69006752597977,22.5,0.75777948981440435,1,1
E377,G91187,G95448,91187,95448,44.721359549995796,206.56505117707798,26.565051177077976,22.5,0.41114561800016813,1,1
E378,G91187,G95463,91187,95463,36.05551275463989,213.69006752597977,33.69006752597977,22.5,0.75777948981440435,1,1
E379,G91187,G95493,91187,95493,42.42640687119285,225,45,45,0.5029437251522859,1,1
E380,G91187,G97666,91187,97666,31.622776601683793,251.56505117707798,71.56505117707798,67.5,0.9350889359326483,1,2
E381,G91187,G98057,91187,98057,22.360679774997898,243.43494882292202,63.434948822922024,45,0.6944271909999159,1,1
E382,G91187,G98729,91187,98729,20,270,90,90,0.6,1,1
E383,G91187,G98919,91187,98919,30,270,90,90,1,1,1
E384,G91187,G99269,91187,99269,31.622776601683793,251.56505117707798,71.56505117707798,67.5,0.9350889359326483,1,1
E385,G91187,G99283,91187,99283,31.622776601683793,288.434948822922,108.43494882292202,90,0.9350889359326483,1,1
E386,G91187,G99531,91187,99531,22.360679774997898,296.565051177078,116.56505117707798,112.5,0.6944271909999159,1,1
E387,G91187,G100171,91187,100171,28.284271247461902,315,135,135,0.9313708498984761,1,1
E388,G91187,G100222,91187,100222,36.05551275463989,303.69006752597977,123.69006752597977,112.5,0.75777948981440435,1,1
E389,G91187,G100485,91187,100485,31.622776601683793,288.434948822922,108.43494882292202,90,0.9350889359326483,1,1
E390,G91187,G103903,91187,103903,41.23105625617661,255.9637565320735,75.96375653207349,67.5,0.5507577497529357,1,2
E391,G91187,G103914,91187,103914,40,270,90,90,0.6,1,1
E392,G91187,G104195,91187,104195,41.23105625617661,284.03624346792645,104.03624346792645,90,0.5507577497529357,1,1
E393,G91187,G104198,91187,104198,44.721359549995796,296.565051177078,116.56505117707798,112.5,0.41114561800016813,1,1
E394,G91203,G91504,91203,91504,31.622776601683793,198.43494882292202,18.434948822922024,0,0.9350889359326483,2,1
E395,G91203,G91505,91203,91505,30,180,0,0,1,2,1
E396,G91203,G91529,91203,91529,20,180,0,0,0.6,2,1
E397,G91203,G91654,91203,91654,22.360679774997898,206.56505117707798,26.565051177077976,22.5,0.6944271909999159,2,1
E398,G91203,G91841,91203,91841,31.622776601683793,198.43494882292202,18.434948822922024,0,0.9350889359326483,2,1
E399,G91203,G91871,91203,91871,22.360679774997898,206.56505117707798,26.565051177077976,22.5,0.6944271909999159,2,1
E400,G91203,G91874,91203,91874,20,180,0,0,0.6,2,1
E401,G91203,G92206,91203,92206,22.360679774997898,206.56505117707798,26.565051177077976,22.5,0.6944271909999159,2,1
E402,G91203,G93243,91203,93243,36.05551275463989,213.69006752597977,33.69006752597977,22.5,0.75777948981440435,2,1
E403,G91203,G93244,91203,93244,31.622776601683793,198.43494882292202,18.434948822922024,0,0.9350889359326483,2,2
E404,G91203,G93526,91203,93526,22.360679774997898,206.56505117707798,26.565051177077976,22.5,0.6944271909999159,2,1
E405,G91203,G93531,91203,93531,28.284271247461902,225,45,45,0.9313708498984761,2,1
E406,G91203,G93568,91203,93568,36.05551275463989,213.69006752597977,33.69006752597977,22.5,0.75777948981440435,2,1
E407,G91203,G94168,91203,94168,28.284271247461902,225,45,45,0.9313708498984761,2,1
E408,G91203,G94181,91203,94181,22.360679774997898,206.56505117707798,26.565051177077976,22.5,0.6944271909999159,2,1
E409,G91203,G95127,91203,95127,22.360679774997898,243.43494882292202,63.434948822922024,45,0.6944271909999159,2,1
E410,G91203,G95140,91203,95140,28.284271247461902,225,45,45,0.9313708498984761,2,1
E411,G91203,G95198,91203,95198,42.42640687119285,225,45,45,0.5029437251522859,2,1
E412,G91203,G95448,91203,95448,36.05551275463989,213.69006752597977,33.69006752597977,22.5,0.75777948981440435,2,1
E413,G91203,G95463,91203,95463,28.284271247461902,225,45,45,0.9313708498984761,2,1
E414,G91203,G95493,91203,95493,36.05551275463989,236.30993247402023,56.30993247402023,45,0.75777948981440435,2,1
E415,G91203,G95494,91203,95494,42.42640687119285,225,45,45,0.5029437251522859,2,1
E416,G91203,G97666,91203,97666,30,270,90,90,1,2,2
E417,G91203,G98057,91203,98057,20,270,90,90,0.6,2,1
E418,G91203,G98729,91203,98729,22.360679774997898,296.565051177078,116.56505117707798,112.5,0.6944271909999159,2,1
E419,G91203,G98919,91203,98919,31.622776601683793,288.434948822922,108.43494882292202,90,0.9350889359326483,2,1
E420,G91203,G99269,91203,99269,30,270,90,90,1,2,1
E421,G91203,G99283,91203,99283,36.05551275463989,303.69006752597977,123.69006752597977,112.5,0.75777948981440435,2,1
E422,G91203,G99531,91203,99531,28.284271247461902,315,135,135,0.9313708498984761,2,1
E423,G91203,G100171,91203,100171,36.05551275463989,326.30993247402023,146.30993247402023,135,0.75777948981440435,2,1
E424,G91203,G100222,91203,100222,42.42640687119285,315,135,135,0.5029437251522859,2,1
E425,G91203,G100485,91203,100485,36.05551275463989,303.69006752597977,123.69006752597977,112.5,0.75777948981440435,2,1
E426,G91203,G103903,91203,103903,40,270,90,90,0.6,2,2
E427,G91203,G103914,91203,103914,41.23105625617661,284.03624346792645,104.03624346792645,90,0.5507577497529357,2,1
E428,G91203,G104195,91203,104195,44.721359549995796,296.565051177078,116.56505117707798,112.5,0.41114561800016813,2,1
E429,G91209,G92207,91209,92207,31.622776601683793,198.43494882292202,18.434948822922024,0,0.9350889359326483,1,1
E430,G91209,G92225,91209,92225,30,180,0,0,1,1,1
E431,G91209,G92226,91209,92226,20,180,0,0,0.6,1,1
E432,G91209,G92544,91209,92544,22.360679774997898,206.56505117707798,26.565051177077976,22.5,0.6944271909999159,1,1
E433,G91209,G92565,91209,92565,31.622776601683793,198.43494882292202,18.434948822922024,0,0.9350889359326483,1,1
E434,G91209,G105799,91209,105799,41.23105625617661,255.9637565320735,75.96375653207349,67.5,0.5507577497529357,1,1
E435,G91209,G105834,91209,105834,40,270,90,90,0.6,1,1
E436,G91213,G92207,91213,92207,36.05551275463989,213.69006752597977,33.69006752597977,22.5,0.75777948981440435,1,1
E437,G91213,G92225,91213,92225,31.622776601683793,198.43494882292202,18.434948822922024,0,0.9350889359326483,1,1
E438,G91213,G92226,91213,92226,22.360679774997898,206.56505117707798,26.565051177077976,22.5,0.6944271909999159,1,1
E439,G91213,G92544,91213,92544,28.284271247461902,225,45,45,0.9313708498984761,1,1
E440,G91213,G92565,91213,92565,36.05551275463989,213.69006752597977,33.69006752597977,22.5,0.75777948981440435,1,1
E441,G91348,G92207,91348,92207,44.721359549995796,206.56505117707798,26.565051177077976,22.5,0.41114561800016813,1,1
E442,G91348,G92225,91348,92225,41.23105625617661,194.03624346792648,14.036243467926482,0,0.5507577497529357,1,1
E443,G91348,G92226,91348,92226,31.622776601683793,198.43494882292202,18.434948822922024,0,0.9350889359326483,1,1
E444,G91348,G92544,91348,92544,36.05551275463989,213.69006752597977,33.69006752597977,22.5,0.75777948981440435,1,1
E445,G91348,G92565,91348,92565,44.721359549995796,206.56505117707798,26.565051177077976,22.5,0.41114561800016813,1,1
E446,G91356,G92207,91356,92207,41.23105625617661,194.03624346792648,14.036243467926482,0,0.5507577497529357,1,1
E447,G91356,G92225,91356,92225,40,180,0,0,0.6,1,1
E448,G91356,G92226,91356,92226,30,180,0,0,1,1,1
E449,G91356,G92544,91356,92544,31.622776601683793,198.43494882292202,18.434948822922024,0,0.9350889359326483,1,1
E450,G91356,G92565,91356,92565,41.23105625617661,194.03624346792648,14.036243467926482,0,0.5507577497529357,1,1
E451,G91356,G102238,91356,102238,42.42640687119285,315,135,135,0.5029437251522859,1,1
E452,G91356,G105799,91356,105799,44.721359549995796,243.43494882292202,63.434948822922024,45,0.41114561800016813,1,1
E453,G91356,G105834,91356,105834,41.23105625617661,255.9637565320735,75.96375653207349,67.5,0.5507577497529357,1,1
E454,G91503,G92207,91503,92207,31.622776601683793,198.43494882292202,18.434948822922024,0,0.9350889359326483,1,1
E455,G91503,G92225,91503,92225,30,180,0,0,1,1,1
E456,G91503,G92226,91503,92226,20,180,0,0,0.6,1,1
E457,G91503,G92544,91503,92544,22.360679774997898,206.56505117707798,26.565051177077976,22.5,0.6944271909999159,1,1
E458,G91503,G92565,91503,92565,31.622776601683793,198.43494882292202,18.434948822922024,0,0.9350889359326483,1,1
E459,G91503,G105799,91503,105799,41.23105625617661,255.9637565320735,75.96375653207349,67.5,0.5507577497529357,1,1
E460,G91503,G105834,91503,105834,40,270,90,90,0.6,1,1
E461,G91504,G92175,91504,92175,22.360679774997898,26.56505117707799,26.56505117707799,22.5,0.6944271909999159,1,1
E462,G91504,G92178,91504,92178,20,0,0,0,0.6,1,2
E463,G91504,G94193,91504,94193,20,0,0,0,0.6,1,1
E464,G91504,G95127,91504,95127,22.360679774997898,333.434948822922,153.43494882292202,135,0.6944271909999159,1,1
E465,G91504,G95198,91504,95198,20,270,90,90,0.6,1,1
E466,G91504,G95493,91504,95493,22.360679774997898,296.565051177078,116.56505117707798,112.5,0.6944271909999159,1,1
E467,G91504,G95494,91504,95494,20,270,90,90,0.6,1,1
E468,G91504,G97666,91504,97666,36.05551275463989,326.30993247402023,146.30993247402023,135,0.75777948981440435,1,2
E469,G91504,G98057,91504,98057,31.622776601683793,341.565051177078,161.56505117707798,157.5,0.9350889359326483,1,1
E470,G91504,G98729,91504,98729,41.23105625617661,345.96375653207355,165.96375653207355,157.5,0.5507577497529357,1,1
E471,G91504,G98919,91504,98919,44.721359549995796,333.434948822922,153.43494882292202,135,0.41114561800016813,1,1
E472,G91504,G99269,91504,99269,36.05551275463989,326.30993247402023,146.30993247402023,135,0.75777948981440435,1,1
E473,G91504,G103388,91504,103388,42.42640687119285,225,45,45,0.5029437251522859,1,1
E474,G91504,G103389,91504,103389,36.05551275463989,236.30993247402023,56.30993247402023,45,0.75777948981440435,1,1
E475,G91504,G103411,91504,103411,44.721359549995796,243.43494882292202,63.434948822922024,45,0.41114561800016813,1,1
E476,G91504,G103903,91504,103903,42.42640687119285,315,135,135,0.5029437251522859,1,2
E477,G91504,G107709,91504,107709,41.23105625617661,255.9637565320735,75.96375653207349,67.5,0.5507577497529357,1,1
E478,G91504,G107904,91504,107904,40,270,90,90,0.6,1,2
E479,G91505,G92175,91505,92175,20,0,0,0,0.6,1,1
E480,G91505,G92178,91505,92178,22.360679774997898,333.434948822922,153.43494882292202,135,0.6944271909999159,1,2
E481,G91505,G93243,91505,93243,20,270,90,90,0.6,1,1
E482,G91505,G93531,91505,93531,22.360679774997898,296.565051177078,116.56505117707798,112.5,0.6944271909999159,1,1
E483,G91505,G93568,91505,93568,20,270,90,90,0.6,1,1
E484,G91505,G94168,91505,94168,22.360679774997898,296.565051177078,116.56505117707798,112.5,0.6944271909999159,1,1
E485,G91505,G94193,91505,94193,22.360679774997898,333.434948822922,153.43494882292202,135,0.6944271909999159,1,1
E486,G91505,G95127,91505,95127,28.284271247461902,315,135,135,0.9313708498984761,1,1
E487,G91505,G95140,91505,95140,22.360679774997898,296.565051177078,116.56505117707798,112.5,0.6944271909999159,1,1
E488,G91505,G95198,91505,95198,30,270,90,90,1,1,1
E489,G91505,G95448,91505,95448,20,270,90,90,0.6,1,1
E490,G91505,G95463,91505,95463,22.360679774997898,296.565051177078,116.56505117707798,112.5,0.6944271909999159,1,1
E491,G91505,G95493,91505,95493,31.622776601683793,288.434948822922,108.43494882292202,90,0.9350889359326483,1,1
E492,G91505,G95494,91505,95494,30,270,90,90,1,1,1
E493,G91505,G97666,91505,97666,42.42640687119285,315,135,135,0.5029437251522859,1,2
E494,G91505,G98057,91505,98057,36.05551275463989,326.30993247402023,146.30993247402023,135,0.75777948981440435,1,1
E495,G91505,G98729,91505,98729,44.721359549995796,333.434948822922,153.43494882292202,135,0.41114561800016813,1,1
E496,G91505,G99269,91505,99269,42.42640687119285,315,135,135,0.5029437251522859,1,1
E497,G91505,G103389,91505,103389,44.721359549995796,243.43494882292202,63.434948822922024,45,0.41114561800016813,1,1
E498,G91529,G93243,91529,93243,22.360679774997898,243.43494882292202,63.434948822922024,45,0.6944271909999159,1,1
E499,G91529,G93531,91529,93531,20,270,90,90,0.6,1,1
E500,G91529,G93568,91529,93568,22.360679774997898,243.43494882292202,63.434948822922024,45,0.6944271909999159,1,1
E501,G91529,G94168,91529,94168,20,270,90,90,0.6,1,1
E502,G91529,G95127,91529,95127,22.360679774997898,296.565051177078,116.56505117707798,112.5,0.6944271909999159,1,1
E503,G91529,G95140,91529,95140,20,270,90,90,0.6,1,1
E504,G91529,G95198,91529,95198,31.622776601683793,251.56505117707798,71.56505117707798,67.5,0.9350889359326483,1,1
E505,G91529,G95448,91529,95448,22.360679774997898,243.43494882292202,63.434948822922024,45,0.6944271909999159,1,1
E506,G91529,G95463,91529,95463,20,270,90,90,0.6,1,1
E507,G91529,G95493,91529,95493,30,270,90,90,1,1,1
E508,G91529,G95494,91529,95494,31.622776601683793,251.56505117707798,71.56505117707798,67.5,0.9350889359326483,1,1
E509,G91529,G97666,91529,97666,36.05551275463989,303.69006752597977,123.69006752597977,112.5,0.75777948981440435,1,2
E510,G91529,G98057,91529,98057,28.284271247461902,315,135,135,0.9313708498984761,1,1
E511,G91529,G98729,91529,98729,36.05551275463989,326.30993247402023,146.30993247402023,135,0.75777948981440435,1,1
E512,G91529,G98919,91529,98919,42.42640687119285,315,135,135,0.5029437251522859,1,1
E513,G91529,G99269,91529,99269,36.05551275463989,303.69006752597977,123.69006752597977,112.5,0.75777948981440435,1,1
E514,G91529,G99531,91529,99531,44.721359549995796,333.434948822922,153.43494882292202,135,0.41114561800016813,1,1
E515,G91529,G103903,91529,103903,44.721359549995796,296.565051177078,116.56505117707798,112.5,0.41114561800016813,1,2
E516,G91654,G95198,91654,95198,22.360679774997898,243.43494882292202,63.434948822922024,45,0.6944271909999159,1,1
E517,G91654,G95493,91654,95493,20,270,90,90,0.6,1,1
E518,G91654,G95494,91654,95494,22.360679774997898,243.43494882292202,63.434948822922024,45,0.6944271909999159,1,1
E519,G91654,G97666,91654,97666,28.284271247461902,315,135,135,0.9313708498984761,1,2
E520,G91654,G98057,91654,98057,22.360679774997898,333.434948822922,153.43494882292202,135,0.6944271909999159,1,1
E521,G91654,G98729,91654,98729,31.622776601683793,341.565051177078,161.56505117707798,157.5,0.9350889359326483,1,1
E522,G91654,G98919,91654,98919,36.05551275463989,326.30993247402023,146.30993247402023,135,0.75777948981440435,1,1
E523,G91654,G99269,91654,99269,28.284271247461902,315,135,135,0.9313708498984761,1,1
E524,G91654,G99283,91654,99283,44.721359549995796,333.434948822922,153.43494882292202,135,0.41114561800016813,1,1
E525,G91654,G99531,91654,99531,41.23105625617661,345.96375653207355,165.96375653207355,157.5,0.5507577497529357,1,1
E526,G91654,G100485,91654,100485,44.721359549995796,333.434948822922,153.43494882292202,135,0.41114561800016813,1,1
E527,G91654,G103389,91654,103389,42.42640687119285,225,45,45,0.5029437251522859,1,1
E528,G91654,G103663,91654,103663,44.721359549995796,296.565051177078,116.56505117707798,112.5,0.41114561800016813,1,1
E529,G91654,G103903,91654,103903,36.05551275463989,303.69006752597977,123.69006752597977,112.5,0.75777948981440435,1,2
E530,G91654,G103914,91654,103914,42.42640687119285,315,135,135,0.5029437251522859,1,1
E531,G91654,G103941,91654,103941,44.721359549995796,296.565051177078,116.56505117707798,112.5,0.41114561800016813,1,1
E532,G91654,G107709,91654,107709,44.721359549995796,243.43494882292202,63.434948822922024,45,0.41114561800016813,1,1
E533,G91654,G107904,91654,107904,41.23105625617661,255.9637565320735,75.96375653207349,67.5,0.5507577497529357,1,2
E534,G91841,G92175,91841,92175,22.360679774997898,26.56505117707799,26.56505117707799,22.5,0.6944271909999159,1,1
E535,G91841,G92178,91841,92178,20,0,0,0,0.6,1,2
E536,G91841,G94193,91841,94193,20,0,0,0,0.6,1,1
E537,G91841,G95127,91841,95127,22.360679774997898,333.434948822922,153.43494882292202,135,0.6944271909999159,1,1
E538,G91841,G95198,91841,95198,20,270,90,90,0.6,1,1
E539,G91841,G95493,91841,95493,22.360679774997898,296.565051177078,116.56505117707798,112.5,0.6944271909999159,1,1
E540,G91841,G95494,91841,95494,20,270,90,90,0.6,1,1
E541,G91841,G97666,91841,97666,36.05551275463989,326.30993247402023,146.30993247402023,135,0.75777948981440435,1,2
E542,G91841,G98057,91841,98057,31.622776601683793,341.565051177078,161.56505117707798,157.5,0.9350889359326483,1,1
E543,G91841,G98729,91841,98729,41.23105625617661,345.96375653207355,165.96375653207355,157.5,0.5507577497529357,1,1
E544,G91841,G98919,91841,98919,44.721359549995796,333.434948822922,153.43494882292202,135,0.41114561800016813,1,1
E545,G91841,G99269,91841,99269,36.05551275463989,326.30993247402023,146.30993247402023,135,0.75777948981440435,1,1
E546,G91841,G103388,91841,103388,42.42640687119285,225,45,45,0.5029437251522859,1,1
E547,G91841,G103389,91841,103389,36.05551275463989,236.30993247402023,56.30993247402023,45,0.75777948981440435,1,1
E548,G91841,G103411,91841,103411,44.721359549995796,243.43494882292202,63.434948822922024,45,0.41114561800016813,1,1
E549,G91841,G103903,91841,103903,42.42640687119285,315,135,135,0.5029437251522859,1,2
E550,G91841,G107709,91841,107709,41.23105625617661,255.9637565320735,75.96375653207349,67.5,0.5507577497529357,1,1
E551,G91841,G107904,91841,107904,40,270,90,90,0.6,1,2
E552,G91871,G95198,91871,95198,22.360679774997898,243.43494882292202,63.434948822922024,45,0.6944271909999159,1,1
E553,G91871,G95493,91871,95493,20,270,90,90,0.6,1,1
E554,G91871,G95494,91871,95494,22.360679774997898,243.43494882292202,63.434948822922024,45,0.6944271909999159,1,1
E555,G91871,G97666,91871,97666,28.284271247461902,315,135,135,0.9313708498984761,1,2
E556,G91871,G98057,91871,98057,22.360679774997898,333.434948822922,153.43494882292202,135,0.6944271909999159,1,1
E557,G91871,G98729,91871,98729,31.622776601683793,341.565051177078,161.56505117707798,157.5,0.9350889359326483,1,1
E558,G91871,G98919,91871,98919,36.05551275463989,326.30993247402023,146.30993247402023,135,0.75777948981440435,1,1
E559,G91871,G99269,91871,99269,28.284271247461902,315,135,135,0.9313708498984761,1,1
E560,G91871,G99283,91871,99283,44.721359549995796,333.434948822922,153.43494882292202,135,0.41114561800016813,1,1
E561,G91871,G99531,91871,99531,41.23105625617661,345.96375653207355,165.96375653207355,157.5,0.5507577497529357,1,1
E562,G91871,G100485,91871,100485,44.721359549995796,333.434948822922,153.43494882292202,135,0.41114561800016813,1,1
E563,G91871,G103389,91871,103389,42.42640687119285,225,45,45,0.5029437251522859,1,1
E564,G91871,G103663,91871,103663,44.721359549995796,296.565051177078,116.56505117707798,112.5,0.41114561800016813,1,1
E565,G91871,G103903,91871,103903,36.05551275463989,303.69006752597977,123.69006752597977,112.5,0.75777948981440435,1,2
E566,G91871,G103914,91871,103914,42.42640687119285,315,135,135,0.5029437251522859,1,1
E567,G91871,G103941,91871,103941,44.721359549995796,296.565051177078,116.56505117707798,112.5,0.41114561800016813,1,1
E568,G91871,G107709,91871,107709,44.721359549995796,243.43494882292202,63.434948822922024,45,0.41114561800016813,1,1
E569,G91871,G107904,91871,107904,41.23105625617661,255.9637565320735,75.96375653207349,67.5,0.5507577497529357,1,2
E570,G91874,G93243,91874,93243,22.360679774997898,243.43494882292202,63.434948822922024,45,0.6944271909999159,1,1
E571,G91874,G93531,91874,93531,20,270,90,90,0.6,1,1
E572,G91874,G93568,91874,93568,22.360679774997898,243.43494882292202,63.434948822922024,45,0.6944271909999159,1,1
E573,G91874,G94168,91874,94168,20,270,90,90,0.6,1,1
E574,G91874,G95127,91874,95127,22.360679774997898,296.565051177078,116.56505117707798,112.5,0.6944271909999159,1,1
E575,G91874,G95140,91874,95140,20,270,90,90,0.6,1,1
E576,G91874,G95198,91874,95198,31.622776601683793,251.56505117707798,71.56505117707798,67.5,0.9350889359326483,1,1
E577,G91874,G95448,91874,95448,22.360679774997898,243.43494882292202,63.434948822922024,45,0.6944271909999159,1,1
E578,G91874,G95463,91874,95463,20,270,90,90,0.6,1,1
E579,G91874,G95493,91874,95493,30,270,90,90,1,1,1
E580,G91874,G95494,91874,95494,31.622776601683793,251.56505117707798,71.56505117707798,67.5,0.9350889359326483,1,1
E581,G91874,G97666,91874,97666,36.05551275463989,303.69006752597977,123.69006752597977,112.5,0.75777948981440435,1,2
E582,G91874,G98057,91874,98057,28.284271247461902,315,135,135,0.9313708498984761,1,1
E583,G91874,G98729,91874,98729,36.05551275463989,326.30993247402023,146.30993247402023,135,0.75777948981440435,1,1
E584,G91874,G98919,91874,98919,42.42640687119285,315,135,135,0.5029437251522859,1,1
E585,G91874,G99269,91874,99269,36.05551275463989,303.69006752597977,123.69006752597977,112.5,0.75777948981440435,1,1
E586,G91874,G99531,91874,99531,44.721359549995796,333.434948822922,153.43494882292202,135,0.41114561800016813,1,1
E587,G91874,G103903,91874,103903,44.721359549995796,296.565051177078,116.56505117707798,112.5,0.41114561800016813,1,2
E588,G92175,G93243,92175,93243,28.284271247461902,225,45,45,0.9313708498984761,1,1
E589,G92175,G93244,92175,93244,22.360679774997898,206.56505117707798,26.565051177077976,22.5,0.6944271909999159,1,2
E590,G92175,G93531,92175,93531,22.360679774997898,243.43494882292202,63.434948822922024,45,0.6944271909999159,1,1
E591,G92175,G93568,92175,93568,28.284271247461902,225,45,45,0.9313708498984761,1,1
E592,G92175,G94168,92175,94168,22.360679774997898,243.43494882292202,63.434948822922024,45,0.6944271909999159,1,1
E593,G92175,G95127,92175,95127,20,270,90,90,0.6,1,1
E594,G92175,G95140,92175,95140,22.360679774997898,243.43494882292202,63.434948822922024,45,0.6944271909999159,1,1
E595,G92175,G95198,92175,95198,36.05551275463989,236.30993247402023,56.30993247402023,45,0.75777948981440435,1,1
E596,G92175,G95448,92175,95448,28.284271247461902,225,45,45,0.9313708498984761,1,1
E597,G92175,G95463,92175,95463,22.360679774997898,243.43494882292202,63.434948822922024,45,0.6944271909999159,1,1
E598,G92175,G95493,92175,95493,31.622776601683793,251.56505117707798,71.56505117707798,67.5,0.9350889359326483,1,1
E599,G92175,G95494,92175,95494,36.05551275463989,236.30993247402023,56.30993247402023,45,0.75777948981440435,1,1
E600,G92175,G97666,92175,97666,31.622776601683793,288.434948822922,108.43494882292202,90,0.9350889359326483,1,2
E601,G92175,G98057,92175,98057,22.360679774997898,296.565051177078,116.56505117707798,112.5,0.6944271909999159,1,1
E602,G92175,G98729,92175,98729,28.284271247461902,315,135,135,0.9313708498984761,1,1
E603,G92175,G98919,92175,98919,36.05551275463989,303.69006752597977,123.69006752597977,112.5,0.75777948981440435,1,1
E604,G92175,G99269,92175,99269,31.622776601683793,288.434948822922,108.43494882292202,90,0.9350889359326483,1,1
E605,G92175,G99283,92175,99283,42.42640687119285,315,135,135,0.5029437251522859,1,1
E606,G92175,G99531,92175,99531,36.05551275463989,326.30993247402023,146.30993247402023,135,0.75777948981440435,1,1
E607,G92175,G100171,92175,100171,44.721359549995796,333.434948822922,153.43494882292202,135,0.41114561800016813,1,1
E608,G92175,G100485,92175,100485,42.42640687119285,315,135,135,0.5029437251522859,1,1
E609,G92175,G103903,92175,103903,41.23105625617661,284.03624346792645,104.03624346792645,90,0.5507577497529357,1,2
E610,G92175,G103914,92175,103914,44.721359549995796,296.565051177078,116.56505117707798,112.5,0.41114561800016813,1,1
E611,G92178,G93243,92178,93243,22.360679774997898,206.56505117707798,26.565051177077976,22.5,0.6944271909999159,2,1
E612,G92178,G93244,92178,93244,20,180,0,0,0.6,2,2
E613,G92178,G93568,92178,93568,22.360679774997898,206.56505117707798,26.565051177077976,22.5,0.6944271909999159,2,1
E614,G92178,G95198,92178,95198,28.284271247461902,225,45,45,0.9313708498984761,2,1
E615,G92178,G95448,92178,95448,22.360679774997898,206.56505117707798,26.565051177077976,22.5,0.6944271909999159,2,1
E616,G92178,G95493,92178,95493,22.360679774997898,243.43494882292202,63.434948822922024,45,0.6944271909999159,2,1
E617,G92178,G95494,92178,95494,28.284271247461902,225,45,45,0.9313708498984761,2,1
E618,G92178,G97666,92178,97666,22.360679774997898,296.565051177078,116.56505117707798,112.5,0.6944271909999159,2,2
E619,G92178,G98729,92178,98729,22.360679774997898,333.434948822922,153.43494882292202,135,0.6944271909999159,2,1
E620,G92178,G98919,92178,98919,28.284271247461902,315,135,135,0.9313708498984761,2,1
E621,G92178,G99269,92178,99269,22.360679774997898,296.565051177078,116.56505117707798,112.5,0.6944271909999159,2,1
E622,G92178,G99283,92178,99283,36.05551275463989,326.30993247402023,146.30993247402023,135,0.75777948981440435,2,1
E623,G92178,G99531,92178,99531,31.622776601683793,341.565051177078,161.56505117707798,157.5,0.9350889359326483,2,1
E624,G92178,G100171,92178,100171,41.23105625617661,345.96375653207355,165.96375653207355,157.5,0.5507577497529357,2,1
E625,G92178,G100222,92178,100222,44.721359549995796,333.434948822922,153.43494882292202,135,0.41114561800016813,2,1
E626,G92178,G100485,92178,100485,36.05551275463989,326.30993247402023,146.30993247402023,135,0.75777948981440435,2,1
E627,G92178,G103663,92178,103663,41.23105625617661,284.03624346792645,104.03624346792645,90,0.5507577497529357,2,1
E628,G92178,G103903,92178,103903,31.622776601683793,288.434948822922,108.43494882292202,90,0.9350889359326483,2,2
E629,G92178,G103914,92178,103914,36.05551275463989,303.69006752597977,123.69006752597977,112.5,0.75777948981440435,2,1
E630,G92178,G103937,92178,103937,44.721359549995796,296.565051177078,116.56505117707798,112.5,0.41114561800016813,2,2
E631,G92178,G103941,92178,103941,41.23105625617661,284.03624346792645,104.03624346792645,90,0.5507577497529357,2,1
E632,G92178,G104195,92178,104195,42.42640687119285,315,135,135,0.5029437251522859,2,1
E633,G92178,G107904,92178,107904,44.721359549995796,243.43494882292202,63.434948822922024,45,0.41114561800016813,2,2
E634,G92206,G95198,92206,95198,22.360679774997898,243.43494882292202,63.434948822922024,45,0.6944271909999159,1,1
E635,G92206,G95493,92206,95493,20,270,90,90,0.6,1,1
E636,G92206,G95494,92206,95494,22.360679774997898,243.43494882292202,63.434948822922024,45,0.6944271909999159,1,1
E637,G92206,G97666,92206,97666,28.284271247461902,315,135,135,0.9313708498984761,1,2
E638,G92206,G98057,92206,98057,22.360679774997898,333.434948822922,153.43494882292202,135,0.6944271909999159,1,1
E639,G92206,G98729,92206,98729,31.622776601683793,341.565051177078,161.56505117707798,157.5,0.9350889359326483,1,1
E640,G92206,G98919,92206,98919,36.05551275463989,326.30993247402023,146.30993247402023,135,0.75777948981440435,1,1
E641,G92206,G99269,92206,99269,28.284271247461902,315,135,135,0.9313708498984761,1,1
E642,G92206,G99283,92206,99283,44.721359549995796,333.434948822922,153.43494882292202,135,0.41114561800016813,1,1
E643,G92206,G99531,92206,99531,41.23105625617661,345.96375653207355,165.96375653207355,157.5,0.5507577497529357,1,1
E644,G92206,G100485,92206,100485,44.721359549995796,333.434948822922,153.43494882292202,135,0.41114561800016813,1,1
E645,G92206,G103389,92206,103389,42.42640687119285,225,45,45,0.5029437251522859,1,1
E646,G92206,G103663,92206,103663,44.721359549995796,296.565051177078,116.56505117707798,112.5,0.41114561800016813,1,1
E647,G92206,G103903,92206,103903,36.05551275463989,303.69006752597977,123.69006752597977,112.5,0.75777948981440435,1,2
E648,G92206,G103914,92206,103914,42.42640687119285,315,135,135,0.5029437251522859,1,1
E649,G92206,G103941,92206,103941,44.721359549995796,296.565051177078,116.56505117707798,112.5,0.41114561800016813,1,1
E650,G92206,G107709,92206,107709,44.721359549995796,243.43494882292202,63.434948822922024,45,0.41114561800016813,1,1
E651,G92206,G107904,92206,107904,41.23105625617661,255.9637565320735,75.96375653207349,67.5,0.5507577497529357,1,2
E652,G92207,G105612,92207,105612,44.721359549995796,296.565051177078,116.56505117707798,112.5,0.41114561800016813,1,1
E653,G92207,G105799,92207,105799,36.05551275463989,303.69006752597977,123.69006752597977,112.5,0.75777948981440435,1,1
E654,G92207,G105834,92207,105834,42.42640687119285,315,135,135,0.5029437251522859,1,1
E655,G92207,G106215,92207,106215,44.721359549995796,296.565051177078,116.56505117707798,112.5,0.41114561800016813,1,1
E656,G92225,G105799,92225,105799,44.721359549995796,296.565051177078,116.56505117707798,112.5,0.41114561800016813,1,1
E657,G92226,G105799,92226,105799,41.23105625617661,284.03624346792645,104.03624346792645,90,0.5507577497529357,1,1
E658,G92226,G105834,92226,105834,44.721359549995796,296.565051177078,116.56505117707798,112.5,0.41114561800016813,1,1
E659,G92544,G105612,92544,105612,41.23105625617661,284.03624346792645,104.03624346792645,90,0.5507577497529357,1,1
E660,G92544,G105799,92544,105799,31.622776601683793,288.434948822922,108.43494882292202,90,0.9350889359326483,1,1
E661,G92544,G105834,92544,105834,36.05551275463989,303.69006752597977,123.69006752597977,112.5,0.75777948981440435,1,1
E662,G92544,G106055,92544,106055,44.721359549995796,296.565051177078,116.56505117707798,112.5,0.41114561800016813,1,1
E663,G92544,G106215,92544,106215,41.23105625617661,284.03624346792645,104.03624346792645,90,0.5507577497529357,1,1
E664,G92565,G105612,92565,105612,44.721359549995796,296.565051177078,116.56505117707798,112.5,0.41114561800016813,1,1
E665,G92565,G105799,92565,105799,36.05551275463989,303.69006752597977,123.69006752597977,112.5,0.75777948981440435,1,1
E666,G92565,G105834,92565,105834,42.42640687119285,315,135,135,0.5029437251522859,1,1
E667,G92565,G106215,92565,106215,44.721359549995796,296.565051177078,116.56505117707798,112.5,0.41114561800016813,1,1
E668,G93243,G94193,93243,94193,22.360679774997898,26.56505117707799,26.56505117707799,22.5,0.6944271909999159,1,1
E669,G93243,G95127,93243,95127,20,0,0,0,0.6,1,1
E670,G93243,G97666,93243,97666,31.622776601683793,341.565051177078,161.56505117707798,157.5,0.9350889359326483,1,2
E671,G93243,G98057,93243,98057,30,0,0,0,1,1,1
E672,G93243,G98729,93243,98729,40,0,0,0,0.6,1,1
E673,G93243,G98919,93243,98919,41.23105625617661,345.96375653207355,165.96375653207355,157.5,0.5507577497529357,1,1
E674,G93243,G99269,93243,99269,31.622776601683793,341.565051177078,161.56505117707798,157.5,0.9350889359326483,1,1
E675,G93243,G103387,93243,103387,42.42640687119285,225,45,45,0.5029437251522859,1,2
E676,G93243,G103388,93243,103388,36.05551275463989,213.69006752597977,33.69006752597977,22.5,0.75777948981440435,1,1
E677,G93243,G103389,93243,103389,28.284271247461902,225,45,45,0.9313708498984761,1,1
E678,G93243,G103411,93243,103411,36.05551275463989,236.30993247402023,56.30993247402023,45,0.75777948981440435,1,1
E679,G93243,G103636,93243,103636,42.42640687119285,225,45,45,0.5029437251522859,1,1
E680,G93243,G103663,93243,103663,42.42640687119285,315,135,135,0.5029437251522859,1,1
E681,G93243,G103903,93243,103903,36.05551275463989,326.30993247402023,146.30993247402023,135,0.75777948981440435,1,2
E682,G93243,G103914,93243,103914,44.721359549995796,333.434948822922,153.43494882292202,135,0.41114561800016813,1,1
E683,G93243,G103941,93243,103941,42.42640687119285,315,135,135,0.5029437251522859,1,1
E684,G93243,G107488,93243,107488,41.23105625617661,255.9637565320735,75.96375653207349,67.5,0.5507577497529357,1,1
E685,G93243,G107709,93243,107709,31.622776601683793,251.56505117707798,71.56505117707798,67.5,0.9350889359326483,1,1
E686,G93243,G107904,93243,107904,30,270,90,90,1,1,2
E687,G93243,G108297,93243,108297,40,270,90,90,0.6,1,1
E688,G93243,G110940,93243,110940,41.23105625617661,255.9637565320735,75.96375653207349,67.5,0.5507577497529357,1,1
E689,G93244,G94193,93244,94193,20,0,0,0,0.6,2,1
E690,G93244,G95127,93244,95127,22.360679774997898,333.434948822922,153.43494882292202,135,0.6944271909999159,2,1
E691,G93244,G95198,93244,95198,20,270,90,90,0.6,2,1
E692,G93244,G95493,93244,95493,22.360679774997898,296.565051177078,116.56505117707798,112.5,0.6944271909999159,2,1
E693,G93244,G95494,93244,95494,20,270,90,90,0.6,2,1
E694,G93244,G97666,93244,97666,36.05551275463989,326.30993247402023,146.30993247402023,135,0.75777948981440435,2,2
E695,G93244,G98057,93244,98057,31.622776601683793,341.565051177078,161.56505117707798,157.5,0.9350889359326483,2,1
E696,G93244,G98729,93244,98729,41.23105625617661,345.96375653207355,165.96375653207355,157.5,0.5507577497529357,2,1
E697,G93244,G98919,93244,98919,44.721359549995796,333.434948822922,153.43494882292202,135,0.41114561800016813,2,1
E698,G93244,G99269,93244,99269,36.05551275463989,326.30993247402023,146.30993247402023,135,0.75777948981440435,2,1
E699,G93244,G103388,93244,103388,42.42640687119285,225,45,45,0.5029437251522859,2,1
E700,G93244,G103389,93244,103389,36.05551275463989,236.30993247402023,56.30993247402023,45,0.75777948981440435,2,1
E701,G93244,G103411,93244,103411,44.721359549995796,243.43494882292202,63.434948822922024,45,0.41114561800016813,2,1
E702,G93244,G103903,93244,103903,42.42640687119285,315,135,135,0.5029437251522859,2,2
E703,G93244,G107709,93244,107709,41.23105625617661,255.9637565320735,75.96375653207349,67.5,0.5507577497529357,2,1
E704,G93244,G107904,93244,107904,40,270,90,90,0.6,2,2
E705,G93526,G95198,93526,95198,22.360679774997898,243.43494882292202,63.434948822922024,45,0.6944271909999159,1,1
E706,G93526,G95493,93526,95493,20,270,90,90,0.6,1,1
E707,G93526,G95494,93526,95494,22.360679774997898,243.43494882292202,63.434948822922024,45,0.6944271909999159,1,1
E708,G93526,G97666,93526,97666,28.284271247461902,315,135,135,0.9313708498984761,1,2
E709,G93526,G98057,93526,98057,22.360679774997898,333.434948822922,153.43494882292202,135,0.6944271909999159,1,1
E710,G93526,G98729,93526,98729,31.622776601683793,341.565051177078,161.56505117707798,157.5,0.9350889359326483,1,1
E711,G93526,G98919,93526,98919,36.05551275463989,326.30993247402023,146.30993247402023,135,0.75777948981440435,1,1
E712,G93526,G99269,93526,99269,28.284271247461902,315,135,135,0.9313708498984761,1,1
E713,G93526,G99283,93526,99283,44.721359549995796,333.434948822922,153.43494882292202,135,0.41114561800016813,1,1
E714,G93526,G99531,93526,99531,41.23105625617661,345.96375653207355,165.96375653207355,157.5,0.5507577497529357,1,1
E715,G93526,G100485,93526,100485,44.721359549995796,333.434948822922,153.43494882292202,135,0.41114561800016813,1,1
E716,G93526,G103389,93526,103389,42.42640687119285,225,45,45,0.5029437251522859,1,1
E717,G93526,G103663,93526,103663,44.721359549995796,296.565051177078,116.56505117707798,112.5,0.41114561800016813,1,1
E718,G93526,G103903,93526,103903,36.05551275463989,303.69006752597977,123.69006752597977,112.5,0.75777948981440435,1,2
E719,G93526,G103914,93526,103914,42.42640687119285,315,135,135,0.5029437251522859,1,1
E720,G93526,G103941,93526,103941,44.721359549995796,296.565051177078,116.56505117707798,112.5,0.41114561800016813,1,1
E721,G93526,G107709,93526,107709,44.721359549995796,243.43494882292202,63.434948822922024,45,0.41114561800016813,1,1
E722,G93526,G107904,93526,107904,41.23105625617661,255.9637565320735,75.96375653207349,67.5,0.5507577497529357,1,2
E723,G93531,G97666,93531,97666,22.360679774997898,333.434948822922,153.43494882292202,135,0.6944271909999159,1,2
E724,G93531,G98057,93531,98057,20,0,0,0,0.6,1,1
E725,G93531,G98729,93531,98729,30,0,0,0,1,1,1
E726,G93531,G98919,93531,98919,31.622776601683793,341.565051177078,161.56505117707798,157.5,0.9350889359326483,1,1
E727,G93531,G99269,93531,99269,22.360679774997898,333.434948822922,153.43494882292202,135,0.6944271909999159,1,1
E728,G93531,G99283,93531,99283,41.23105625617661,345.96375653207355,165.96375653207355,157.5,0.5507577497529357,1,1
E729,G93531,G99531,93531,99531,40,0,0,0,0.6,1,1
E730,G93531,G100485,93531,100485,41.23105625617661,345.96375653207355,165.96375653207355,157.5,0.5507577497529357,1,1
E731,G93531,G103388,93531,103388,44.721359549995796,206.56505117707798,26.565051177077976,22.5,0.41114561800016813,1,1
E732,G93531,G103389,93531,103389,36.05551275463989,213.69006752597977,33.69006752597977,22.5,0.75777948981440435,1,1
E733,G93531,G103411,93531,103411,42.42640687119285,225,45,45,0.5029437251522859,1,1
E734,G93531,G103663,93531,103663,36.05551275463989,303.69006752597977,123.69006752597977,112.5,0.75777948981440435,1,1
E735,G93531,G103903,93531,103903,28.284271247461902,315,135,135,0.9313708498984761,1,2
E736,G93531,G103914,93531,103914,36.05551275463989,326.30993247402023,146.30993247402023,135,0.75777948981440435,1,1
E737,G93531,G103937,93531,103937,42.42640687119285,315,135,135,0.5029437251522859,1,2
E738,G93531,G103941,93531,103941,36.05551275463989,303.69006752597977,123.69006752597977,112.5,0.75777948981440435,1,1
E739,G93531,G104195,93531,104195,44.721359549995796,333.434948822922,153.43494882292202,135,0.41114561800016813,1,1
E740,G93531,G107488,93531,107488,44.721359549995796,243.43494882292202,63.434948822922024,45,0.41114561800016813,1,1
E741,G93531,G107709,93531,107709,36.05551275463989,236.30993247402023,56.30993247402023,45,0.75777948981440435,1,1
E742,G93531,G107904,93531,107904,31.622776601683793,251.56505117707798,71.56505117707798,67.5,0.9350889359326483,1,2
E743,G93531,G108297,93531,108297,41.23105625617661,255.9637565320735,75.96375653207349,67.5,0.5507577497529357,1,1
E744,G93531,G110940,93531,110940,44.721359549995796,243.43494882292202,63.434948822922024,45,0.41114561800016813,1,1
E745,G93568,G94193,93568,94193,22.360679774997898,26.56505117707799,26.56505117707799,22.5,0.6944271909999159,1,1
E746,G93568,G95127,93568,95127,20,0,0,0,0.6,1,1
E747,G93568,G97666,93568,97666,31.622776601683793,341.565051177078,161.56505117707798,157.5,0.9350889359326483,1,2
E748,G93568,G98057,93568,98057,30,0,0,0,1,1,1
E749,G93568,G98729,93568,98729,40,0,0,0,0.6,1,1
E750,G93568,G98919,93568,98919,41.23105625617661,345.96375653207355,165.96375653207355,157.5,0.5507577497529357,1,1
E751,G93568,G99269,93568,99269,31.622776601683793,341.565051177078,161.56505117707798,157.5,0.9350889359326483,1,1
E752,G93568,G103387,93568,103387,42.42640687119285,225,45,45,0.5029437251522859,1,2
E753,G93568,G103388,93568,103388,36.05551275463989,213.69006752597977,33.69006752597977,22.5,0.75777948981440435,1,1
E754,G93568,G103389,93568,103389,28.284271247461902,225,45,45,0.9313708498984761,1,1
E755,G93568,G103411,93568,103411,36.05551275463989,236.30993247402023,56.30993247402023,45,0.75777948981440435,1,1
E756,G93568,G103636,93568,103636,42.42640687119285,225,45,45,0.5029437251522859,1,1
E757,G93568,G103663,93568,103663,42.42640687119285,315,135,135,0.5029437251522859,1,1
E758,G93568,G103903,93568,103903,36.05551275463989,326.30993247402023,146.30993247402023,135,0.75777948981440435,1,2
E759,G93568,G103914,93568,103914,44.721359549995796,333.434948822922,153.43494882292202,135,0.41114561800016813,1,1
E760,G93568,G103941,93568,103941,42.42640687119285,315,135,135,0.5029437251522859,1,1
E761,G93568,G107488,93568,107488,41.23105625617661,255.9637565320735,75.96375653207349,67.5,0.5507577497529357,1,1
E762,G93568,G107709,93568,107709,31.622776601683793,251.56505117707798,71.56505117707798,67.5,0.9350889359326483,1,1
E763,G93568,G107904,93568,107904,30,270,90,90,1,1,2
E764,G93568,G108297,93568,108297,40,270,90,90,0.6,1,1
E765,G93568,G110940,93568,110940,41.23105625617661,255.9637565320735,75.96375653207349,67.5,0.5507577497529357,1,1
E766,G94168,G97666,94168,97666,22.360679774997898,333.434948822922,153.43494882292202,135,0.6944271909999159,1,2
E767,G94168,G98057,94168,98057,20,0,0,0,0.6,1,1
E768,G94168,G98729,94168,98729,30,0,0,0,1,1,1
E769,G94168,G98919,94168,98919,31.622776601683793,341.565051177078,161.56505117707798,157.5,0.9350889359326483,1,1
E770,G94168,G99269,94168,99269,22.360679774997898,333.434948822922,153.43494882292202,135,0.6944271909999159,1,1
E771,G94168,G99283,94168,99283,41.23105625617661,345.96375653207355,165.96375653207355,157.5,0.5507577497529357,1,1
E772,G94168,G99531,94168,99531,40,0,0,0,0.6,1,1
E773,G94168,G100485,94168,100485,41.23105625617661,345.96375653207355,165.96375653207355,157.5,0.5507577497529357,1,1
E774,G94168,G103388,94168,103388,44.721359549995796,206.56505117707798,26.565051177077976,22.5,0.41114561800016813,1,1
E775,G94168,G103389,94168,103389,36.05551275463989,213.69006752597977,33.69006752597977,22.5,0.75777948981440435,1,1
E776,G94168,G103411,94168,103411,42.42640687119285,225,45,45,0.5029437251522859,1,1
E777,G94168,G103663,94168,103663,36.05551275463989,303.69006752597977,123.69006752597977,112.5,0.75777948981440435,1,1
E778,G94168,G103903,94168,103903,28.284271247461902,315,135,135,0.9313708498984761,1,2
E779,G94168,G103914,94168,103914,36.05551275463989,326.30993247402023,146.30993247402023,135,0.75777948981440435,1,1
E780,G94168,G103937,94168,103937,42.42640687119285,315,135,135,0.5029437251522859,1,2
E781,G94168,G103941,94168,103941,36.05551275463989,303.69006752597977,123.69006752597977,112.5,0.75777948981440435,1,1
E782,G94168,G104195,94168,104195,44.721359549995796,333.434948822922,153.43494882292202,135,0.41114561800016813,1,1
E783,G94168,G107488,94168,107488,44.721359549995796,243.43494882292202,63.434948822922024,45,0.41114561800016813,1,1
E784,G94168,G107709,94168,107709,36.05551275463989,236.30993247402023,56.30993247402023,45,0.75777948981440435,1,1
E785,G94168,G107904,94168,107904,31.622776601683793,251.56505117707798,71.56505117707798,67.5,0.9350889359326483,1,2
E786,G94168,G108297,94168,108297,41.23105625617661,255.9637565320735,75.96375653207349,67.5,0.5507577497529357,1,1
E787,G94168,G110940,94168,110940,44.721359549995796,243.43494882292202,63.434948822922024,45,0.41114561800016813,1,1
E788,G94181,G95198,94181,95198,22.360679774997898,243.43494882292202,63.434948822922024,45,0.6944271909999159,1,1
E789,G94181,G95493,94181,95493,20,270,90,90,0.6,1,1
E790,G94181,G95494,94181,95494,22.360679774997898,243.43494882292202,63.434948822922024,45,0.6944271909999159,1,1
E791,G94181,G97666,94181,97666,28.284271247461902,315,135,135,0.9313708498984761,1,2
E792,G94181,G98057,94181,98057,22.360679774997898,333.434948822922,153.43494882292202,135,0.6944271909999159,1,1
E793,G94181,G98729,94181,98729,31.622776601683793,341.565051177078,161.56505117707798,157.5,0.9350889359326483,1,1
E794,G94181,G98919,94181,98919,36.05551275463989,326.30993247402023,146.30993247402023,135,0.75777948981440435,1,1
E795,G94181,G99269,94181,99269,28.284271247461902,315,135,135,0.9313708498984761,1,1
E796,G94181,G99283,94181,99283,44.721359549995796,333.434948822922,153.43494882292202,135,0.41114561800016813,1,1
E797,G94181,G99531,94181,99531,41.23105625617661,345.96375653207355,165.96375653207355,157.5,0.5507577497529357,1,1
E798,G94181,G100485,94181,100485,44.721359549995796,333.434948822922,153.43494882292202,135,0.41114561800016813,1,1
E799,G94181,G103389,94181,103389,42.42640687119285,225,45,45,0.5029437251522859,1,1
E800,G94181,G103663,94181,103663,44.721359549995796,296.565051177078,116.56505117707798,112.5,0.41114561800016813,1,1
E801,G94181,G103903,94181,103903,36.05551275463989,303.69006752597977,123.69006752597977,112.5,0.75777948981440435,1,2
E802,G94181,G103914,94181,103914,42.42640687119285,315,135,135,0.5029437251522859,1,1
E803,G94181,G103941,94181,103941,44.721359549995796,296.565051177078,116.56505117707798,112.5,0.41114561800016813,1,1
E804,G94181,G107709,94181,107709,44.721359549995796,243.43494882292202,63.434948822922024,45,0.41114561800016813,1,1
E805,G94181,G107904,94181,107904,41.23105625617661,255.9637565320735,75.96375653207349,67.5,0.5507577497529357,1,2
E806,G94193,G95198,94193,95198,28.284271247461902,225,45,45,0.9313708498984761,1,1
E807,G94193,G95448,94193,95448,22.360679774997898,206.56505117707798,26.565051177077976,22.5,0.6944271909999159,1,1
E808,G94193,G95493,94193,95493,22.360679774997898,243.43494882292202,63.434948822922024,45,0.6944271909999159,1,1
E809,G94193,G95494,94193,95494,28.284271247461902,225,45,45,0.9313708498984761,1,1
E810,G94193,G97666,94193,97666,22.360679774997898,296.565051177078,116.56505117707798,112.5,0.6944271909999159,1,2
E811,G94193,G98729,94193,98729,22.360679774997898,333.434948822922,153.43494882292202,135,0.6944271909999159,1,1
E812,G94193,G98919,94193,98919,28.284271247461902,315,135,135,0.9313708498984761,1,1
E813,G94193,G99269,94193,99269,22.360679774997898,296.565051177078,116.56505117707798,112.5,0.6944271909999159,1,1
E814,G94193,G99283,94193,99283,36.05551275463989,326.30993247402023,146.30993247402023,135,0.75777948981440435,1,1
E815,G94193,G99531,94193,99531,31.622776601683793,341.565051177078,161.56505117707798,157.5,0.9350889359326483,1,1
E816,G94193,G100171,94193,100171,41.23105625617661,345.96375653207355,165.96375653207355,157.5,0.5507577497529357,1,1
E817,G94193,G100222,94193,100222,44.721359549995796,333.434948822922,153.43494882292202,135,0.41114561800016813,1,1
E818,G94193,G100485,94193,100485,36.05551275463989,326.30993247402023,146.30993247402023,135,0.75777948981440435,1,1
E819,G94193,G103663,94193,103663,41.23105625617661,284.03624346792645,104.03624346792645,90,0.5507577497529357,1,1
E820,G94193,G103903,94193,103903,31.622776601683793,288.434948822922,108.43494882292202,90,0.9350889359326483,1,2
E821,G94193,G103914,94193,103914,36.05551275463989,303.69006752597977,123.69006752597977,112.5,0.75777948981440435,1,1
E822,G94193,G103937,94193,103937,44.721359549995796,296.565051177078,116.56505117707798,112.5,0.41114561800016813,1,2
E823,G94193,G103941,94193,103941,41.23105625617661,284.03624346792645,104.03624346792645,90,0.5507577497529357,1,1
E824,G94193,G104195,94193,104195,42.42640687119285,315,135,135,0.5029437251522859,1,1
E825,G94193,G107904,94193,107904,44.721359549995796,243.43494882292202,63.434948822922024,45,0.41114561800016813,1,2
E826,G95127,G95198,95127,95198,22.360679774997898,206.56505117707798,26.565051177077976,22.5,0.6944271909999159,1,1
E827,G95127,G95448,95127,95448,20,180,0,0,0.6,1,1
E828,G95127,G95494,95127,95494,22.360679774997898,206.56505117707798,26.565051177077976,22.5,0.6944271909999159,1,1
E829,G95127,G98729,95127,98729,20,0,0,0,0.6,1,1
E830,G95127,G98919,95127,98919,22.360679774997898,333.434948822922,153.43494882292202,135,0.6944271909999159,1,1
E831,G95127,G99283,95127,99283,31.622776601683793,341.565051177078,161.56505117707798,157.5,0.9350889359326483,1,1
E832,G95127,G99531,95127,99531,30,0,0,0,1,1,1
E833,G95127,G100171,95127,100171,40,0,0,0,0.6,1,1
E834,G95127,G100222,95127,100222,41.23105625617661,345.96375653207355,165.96375653207355,157.5,0.5507577497529357,1,1
E835,G95127,G100485,95127,100485,31.622776601683793,341.565051177078,161.56505117707798,157.5,0.9350889359326483,1,1
E836,G95127,G103389,95127,103389,44.721359549995796,206.56505117707798,26.565051177077976,22.5,0.41114561800016813,1,1
E837,G95127,G103663,95127,103663,31.622776601683793,288.434948822922,108.43494882292202,90,0.9350889359326483,1,1
E838,G95127,G103903,95127,103903,22.360679774997898,296.565051177078,116.56505117707798,112.5,0.6944271909999159,1,2
E839,G95127,G103914,95127,103914,28.284271247461902,315,135,135,0.9313708498984761,1,1
E840,G95127,G103937,95127,103937,36.05551275463989,303.69006752597977,123.69006752597977,112.5,0.75777948981440435,1,2
E841,G95127,G103941,95127,103941,31.622776601683793,288.434948822922,108.43494882292202,90,0.9350889359326483,1,1
E842,G95127,G103942,95127,103942,42.42640687119285,315,135,135,0.5029437251522859,1,1
E843,G95127,G104195,95127,104195,36.05551275463989,326.30993247402023,146.30993247402023,135,0.75777948981440435,1,1
E844,G95127,G104198,95127,104198,44.721359549995796,333.434948822922,153.43494882292202,135,0.41114561800016813,1,1
E845,G95127,G104221,95127,104221,42.42640687119285,315,135,135,0.5029437251522859,1,1
E846,G95127,G107709,95127,107709,42.42640687119285,225,45,45,0.5029437251522859,1,1
E847,G95127,G107904,95127,107904,36.05551275463989,236.30993247402023,56.30993247402023,45,0.75777948981440435,1,2
E848,G95127,G108297,95127,108297,44.721359549995796,243.43494882292202,63.434948822922024,45,0.41114561800016813,1,1
E849,G95140,G97666,95140,97666,22.360679774997898,333.434948822922,153.43494882292202,135,0.6944271909999159,1,2
E850,G95140,G98057,95140,98057,20,0,0,0,0.6,1,1
E851,G95140,G98729,95140,98729,30,0,0,0,1,1,1
E852,G95140,G98919,95140,98919,31.622776601683793,341.565051177078,161.56505117707798,157.5,0.9350889359326483,1,1
E853,G95140,G99269,95140,99269,22.360679774997898,333.434948822922,153.43494882292202,135,0.6944271909999159,1,1
E854,G95140,G99283,95140,99283,41.23105625617661,345.96375653207355,165.96375653207355,157.5,0.5507577497529357,1,1
E855,G95140,G99531,95140,99531,40,0,0,0,0.6,1,1
E856,G95140,G100485,95140,100485,41.23105625617661,345.96375653207355,165.96375653207355,157.5,0.5507577497529357,1,1
E857,G95140,G103388,95140,103388,44.721359549995796,206.56505117707798,26.565051177077976,22.5,0.41114561800016813,1,1
E858,G95140,G103389,95140,103389,36.05551275463989,213.69006752597977,33.69006752597977,22.5,0.75777948981440435,1,1
E859,G95140,G103411,95140,103411,42.42640687119285,225,45,45,0.5029437251522859,1,1
E860,G95140,G103663,95140,103663,36.05551275463989,303.69006752597977,123.69006752597977,112.5,0.75777948981440435,1,1
E861,G95140,G103903,95140,103903,28.284271247461902,315,135,135,0.9313708498984761,1,2
E862,G95140,G103914,95140,103914,36.05551275463989,326.30993247402023,146.30993247402023,135,0.75777948981440435,1,1
E863,G95140,G103937,95140,103937,42.42640687119285,315,135,135,0.5029437251522859,1,2
E864,G95140,G103941,95140,103941,36.05551275463989,303.69006752597977,123.69006752597977,112.5,0.75777948981440435,1,1
E865,G95140,G104195,95140,104195,44.721359549995796,333.434948822922,153.43494882292202,135,0.41114561800016813,1,1
E866,G95140,G107488,95140,107488,44.721359549995796,243.43494882292202,63.434948822922024,45,0.41114561800016813,1,1
E867,G95140,G107709,95140,107709,36.05551275463989,236.30993247402023,56.30993247402023,45,0.75777948981440435,1,1
E868,G95140,G107904,95140,107904,31.622776601683793,251.56505117707798,71.56505117707798,67.5,0.9350889359326483,1,2
E869,G95140,G108297,95140,108297,41.23105625617661,255.9637565320735,75.96375653207349,67.5,0.5507577497529357,1,1
E870,G95140,G110940,95140,110940,44.721359549995796,243.43494882292202,63.434948822922024,45,0.41114561800016813,1,1
E871,G95198,G97666,95198,97666,30,0,0,0,1,1,2
E872,G95198,G98057,95198,98057,31.622776601683793,18.43494882292201,18.43494882292201,0,0.9350889359326483,1,1
E873,G95198,G98729,95198,98729,41.23105625617661,14.036243467926477,14.036243467926477,0,0.5507577497529357,1,1
E874,G95198,G98919,95198,98919,40,0,0,0,0.6,1,1
E875,G95198,G99269,95198,99269,30,0,0,0,1,1,1
E876,G95198,G103387,95198,103387,36.05551275463989,213.69006752597977,33.69006752597977,22.5,0.75777948981440435,1,2
E877,G95198,G103388,95198,103388,31.622776601683793,198.43494882292202,18.434948822922024,0,0.9350889359326483,1,1
E878,G95198,G103389,95198,103389,22.360679774997898,206.56505117707798,26.565051177077976,22.5,0.6944271909999159,1,1
E879,G95198,G103411,95198,103411,28.284271247461902,225,45,45,0.9313708498984761,1,1
E880,G95198,G103636,95198,103636,36.05551275463989,213.69006752597977,33.69006752597977,22.5,0.75777948981440435,1,1
E881,G95198,G103663,95198,103663,36.05551275463989,326.30993247402023,146.30993247402023,135,0.75777948981440435,1,1
E882,G95198,G103903,95198,103903,31.622776601683793,341.565051177078,161.56505117707798,157.5,0.9350889359326483,1,2
E883,G95198,G103914,95198,103914,41.23105625617661,345.96375653207355,165.96375653207355,157.5,0.5507577497529357,1,1
E884,G95198,G103937,95198,103937,44.721359549995796,333.434948822922,153.43494882292202,135,0.41114561800016813,1,2
E885,G95198,G103941,95198,103941,36.05551275463989,326.30993247402023,146.30993247402023,135,0.75777948981440435,1,1
E886,G95198,G107488,95198,107488,31.622776601683793,251.56505117707798,71.56505117707798,67.5,0.9350889359326483,1,1
E887,G95198,G107709,95198,107709,22.360679774997898,243.43494882292202,63.434948822922024,45,0.6944271909999159,1,1
E888,G95198,G107904,95198,107904,20,270,90,90,0.6,1,2
E889,G95198,G108297,95198,108297,30,270,90,90,1,1,1
E890,G95198,G110940,95198,110940,31.622776601683793,251.56505117707798,71.56505117707798,67.5,0.9350889359326483,1,1
E891,G95448,G97666,95448,97666,31.622776601683793,341.565051177078,161.56505117707798,157.5,0.9350889359326483,1,2
E892,G95448,G98057,95448,98057,30,0,0,0,1,1,1
E893,G95448,G98729,95448,98729,40,0,0,0,0.6,1,1
E894,G95448,G98919,95448,98919,41.23105625617661,345.96375653207355,165.96375653207355,157.5,0.5507577497529357,1,1
E895,G95448,G99269,95448,99269,31.622776601683793,341.565051177078,161.56505117707798,157.5,0.9350889359326483,1,1
E896,G95448,G103387,95448,103387,42.42640687119285,225,45,45,0.5029437251522859,1,2
E897,G95448,G103388,95448,103388,36.05551275463989,213.69006752597977,33.69006752597977,22.5,0.75777948981440435,1,1
E898,G95448,G103389,95448,103389,28.284271247461902,225,45,45,0.9313708498984761,1,1
E899,G95448,G103411,95448,103411,36.05551275463989,236.30993247402023,56.30993247402023,45,0.75777948981440435,1,1
E900,G95448,G103636,95448,103636,42.42640687119285,225,45,45,0.5029437251522859,1,1
E901,G95448,G103663,95448,103663,42.42640687119285,315,135,135,0.5029437251522859,1,1
E902,G95448,G103903,95448,103903,36.05551275463989,326.30993247402023,146.30993247402023,135,0.75777948981440435,1,2
E903,G95448,G103914,95448,103914,44.721359549995796,333.434948822922,153.43494882292202,135,0.41114561800016813,1,1
E904,G95448,G103941,95448,103941,42.42640687119285,315,135,135,0.5029437251522859,1,1
E905,G95448,G107488,95448,107488,41.23105625617661,255.9637565320735,75.96375653207349,67.5,0.5507577497529357,1,1
E906,G95448,G107709,95448,107709,31.622776601683793,251.56505117707798,71.56505117707798,67.5,0.9350889359326483,1,1
E907,G95448,G107904,95448,107904,30,270,90,90,1,1,2
E908,G95448,G108297,95448,108297,40,270,90,90,0.6,1,1
E909,G95448,G110940,95448,110940,41.23105625617661,255.9637565320735,75.96375653207349,67.5,0.5507577497529357,1,1
E910,G95463,G97666,95463,97666,22.360679774997898,333.434948822922,153.43494882292202,135,0.6944271909999159,1,2
E911,G95463,G98057,95463,98057,20,0,0,0,0.6,1,1
E912,G95463,G98729,95463,98729,30,0,0,0,1,1,1
E913,G95463,G98919,95463,98919,31.622776601683793,341.565051177078,161.56505117707798,157.5,0.9350889359326483,1,1
E914,G95463,G99269,95463,99269,22.360679774997898,333.434948822922,153.43494882292202,135,0.6944271909999159,1,1
E915,G95463,G99283,95463,99283,41.23105625617661,345.96375653207355,165.96375653207355,157.5,0.5507577497529357,1,1
E916,G95463,G99531,95463,99531,40,0,0,0,0.6,1,1
E917,G95463,G100485,95463,100485,41.23105625617661,345.96375653207355,165.96375653207355,157.5,0.5507577497529357,1,1
E918,G95463,G103388,95463,103388,44.721359549995796,206.56505117707798,26.565051177077976,22.5,0.41114561800016813,1,1
E919,G95463,G103389,95463,103389,36.05551275463989,213.69006752597977,33.69006752597977,22.5,0.75777948981440435,1,1
E920,G95463,G103411,95463,103411,42.42640687119285,225,45,45,0.5029437251522859,1,1
E921,G95463,G103663,95463,103663,36.05551275463989,303.69006752597977,123.69006752597977,112.5,0.75777948981440435,1,1
E922,G95463,G103903,95463,103903,28.284271247461902,315,135,135,0.9313708498984761,1,2
E923,G95463,G103914,95463,103914,36.05551275463989,326.30993247402023,146.30993247402023,135,0.75777948981440435,1,1
E924,G95463,G103937,95463,103937,42.42640687119285,315,135,135,0.5029437251522859,1,2
E925,G95463,G103941,95463,103941,36.05551275463989,303.69006752597977,123.69006752597977,112.5,0.75777948981440435,1,1
E926,G95463,G104195,95463,104195,44.721359549995796,333.434948822922,153.43494882292202,135,0.41114561800016813,1,1
E927,G95463,G107488,95463,107488,44.721359549995796,243.43494882292202,63.434948822922024,45,0.41114561800016813,1,1
E928,G95463,G107709,95463,107709,36.05551275463989,236.30993247402023,56.30993247402023,45,0.75777948981440435,1,1
E929,G95463,G107904,95463,107904,31.622776601683793,251.56505117707798,71.56505117707798,67.5,0.9350889359326483,1,2
E930,G95463,G108297,95463,108297,41.23105625617661,255.9637565320735,75.96375653207349,67.5,0.5507577497529357,1,1
E931,G95463,G110940,95463,110940,44.721359549995796,243.43494882292202,63.434948822922024,45,0.41114561800016813,1,1
E932,G95493,G97666,95493,97666,20,0,0,0,0.6,1,2
E933,G95493,G98057,95493,98057,22.360679774997898,26.56505117707799,26.56505117707799,22.5,0.6944271909999159,1,1
E934,G95493,G98729,95493,98729,31.622776601683793,18.43494882292201,18.43494882292201,0,0.9350889359326483,1,1
E935,G95493,G98919,95493,98919,30,0,0,0,1,1,1
E936,G95493,G99269,95493,99269,20,0,0,0,0.6,1,1
E937,G95493,G99283,95493,99283,40,0,0,0,0.6,1,1
E938,G95493,G99531,95493,99531,41.23105625617661,14.036243467926477,14.036243467926477,0,0.5507577497529357,1,1
E939,G95493,G100485,95493,100485,40,0,0,0,0.6,1,1
E940,G95493,G103387,95493,103387,44.721359549995796,206.56505117707798,26.565051177077976,22.5,0.41114561800016813,1,2
E941,G95493,G103388,95493,103388,41.23105625617661,194.03624346792648,14.036243467926482,0,0.5507577497529357,1,1
E942,G95493,G103389,95493,103389,31.622776601683793,198.43494882292202,18.434948822922024,0,0.9350889359326483,1,1
E943,G95493,G103411,95493,103411,36.05551275463989,213.69006752597977,33.69006752597977,22.5,0.75777948981440435,1,1
E944,G95493,G103636,95493,103636,44.721359549995796,206.56505117707798,26.565051177077976,22.5,0.41114561800016813,1,1
E945,G95493,G103663,95493,103663,28.284271247461902,315,135,135,0.9313708498984761,1,1
E946,G95493,G103903,95493,103903,22.360679774997898,333.434948822922,153.43494882292202,135,0.6944271909999159,1,2
E947,G95493,G103914,95493,103914,31.622776601683793,341.565051177078,161.56505117707798,157.5,0.9350889359326483,1,1
E948,G95493,G103937,95493,103937,36.05551275463989,326.30993247402023,146.30993247402023,135,0.75777948981440435,1,2
E949,G95493,G103941,95493,103941,28.284271247461902,315,135,135,0.9313708498984761,1,1
E950,G95493,G103942,95493,103942,44.721359549995796,333.434948822922,153.43494882292202,135,0.41114561800016813,1,1
E951,G95493,G104195,95493,104195,41.23105625617661,345.96375653207355,165.96375653207355,157.5,0.5507577497529357,1,1
E952,G95493,G104221,95493,104221,44.721359549995796,333.434948822922,153.43494882292202,135,0.41114561800016813,1,1
E953,G95493,G107488,95493,107488,36.05551275463989,236.30993247402023,56.30993247402023,45,0.75777948981440435,1,1
E954,G95493,G107709,95493,107709,28.284271247461902,225,45,45,0.9313708498984761,1,1
E955,G95493,G107904,95493,107904,22.360679774997898,243.43494882292202,63.434948822922024,45,0.6944271909999159,1,2
E956,G95493,G108297,95493,108297,31.622776601683793,251.56505117707798,71.56505117707798,67.5,0.9350889359326483,1,1
E957,G95493,G110940,95493,110940,36.05551275463989,236.30993247402023,56.30993247402023,45,0.75777948981440435,1,1
E958,G95494,G97666,95494,97666,30,0,0,0,1,1,2
E959,G95494,G98057,95494,98057,31.622776601683793,18.43494882292201,18.43494882292201,0,0.9350889359326483,1,1
E960,G95494,G98729,95494,98729,41.23105625617661,14.036243467926477,14.036243467926477,0,0.5507577497529357,1,1
E961,G95494,G98919,95494,98919,40,0,0,0,0.6,1,1
E962,G95494,G99269,95494,99269,30,0,0,0,1,1,1
E963,G95494,G103387,95494,103387,36.05551275463989,213.69006752597977,33.69006752597977,22.5,0.75777948981440435,1,2
E964,G95494,G103388,95494,103388,31.622776601683793,198.43494882292202,18.434948822922024,0,0.9350889359326483,1,1
E965,G95494,G103389,95494,103389,22.360679774997898,206.56505117707798,26.565051177077976,22.5,0.6944271909999159,1,1
E966,G95494,G103411,95494,103411,28.284271247461902,225,45,45,0.9313708498984761,1,1
E967,G95494,G103636,95494,103636,36.05551275463989,213.69006752597977,33.69006752597977,22.5,0.75777948981440435,1,1
E968,G95494,G103663,95494,103663,36.05551275463989,326.30993247402023,146.30993247402023,135,0.75777948981440435,1,1
E969,G95494,G103903,95494,103903,31.622776601683793,341.565051177078,161.56505117707798,157.5,0.9350889359326483,1,2
E970,G95494,G103914,95494,103914,41.23105625617661,345.96375653207355,165.96375653207355,157.5,0.5507577497529357,1,1
E971,G95494,G103937,95494,103937,44.721359549995796,333.434948822922,153.43494882292202,135,0.41114561800016813,1,2
E972,G95494,G103941,95494,103941,36.05551275463989,326.30993247402023,146.30993247402023,135,0.75777948981440435,1,1
E973,G95494,G107488,95494,107488,31.622776601683793,251.56505117707798,71.56505117707798,67.5,0.9350889359326483,1,1
E974,G95494,G107709,95494,107709,22.360679774997898,243.43494882292202,63.434948822922024,45,0.6944271909999159,1,1
E975,G95494,G107904,95494,107904,20,270,90,90,0.6,1,2
E976,G95494,G108297,95494,108297,30,270,90,90,1,1,1
E977,G95494,G110940,95494,110940,31.622776601683793,251.56505117707798,71.56505117707798,67.5,0.9350889359326483,1,1
E978,G97666,G99283,97666,99283,20,0,0,0,0.6,2,1
E979,G97666,G99531,97666,99531,22.360679774997898,26.56505117707799,26.56505117707799,22.5,0.6944271909999159,2,1
E980,G97666,G100171,97666,100171,31.622776601683793,18.43494882292201,18.43494882292201,0,0.9350889359326483,2,1
E981,G97666,G100222,97666,100222,30,0,0,0,1,2,1
E982,G97666,G100485,97666,100485,20,0,0,0,0.6,2,1
E983,G97666,G103663,97666,103663,20,270,90,90,0.6,2,1
E984,G97666,G103937,97666,103937,22.360679774997898,296.565051177078,116.56505117707798,112.5,0.6944271909999159,2,2
E985,G97666,G103941,97666,103941,20,270,90,90,0.6,2,1
E986,G97666,G103942,97666,103942,28.284271247461902,315,135,135,0.9313708498984761,2,1
E987,G97666,G104195,97666,104195,22.360679774997898,333.434948822922,153.43494882292202,135,0.6944271909999159,2,1
E988,G97666,G104198,97666,104198,31.622776601683793,341.565051177078,161.56505117707798,157.5,0.9350889359326483,2,1
E989,G97666,G104200,97666,104200,36.05551275463989,326.30993247402023,146.30993247402023,135,0.75777948981440435,2,1
E990,G97666,G104221,97666,104221,28.284271247461902,315,135,135,0.9313708498984761,2,1
E991,G97666,G104449,97666,104449,44.721359549995796,333.434948822922,153.43494882292202,135,0.41114561800016813,2,1
E992,G97666,G104451,97666,104451,41.23105625617661,345.96375653207355,165.96375653207355,157.5,0.5507577497529357,2,1
E993,G97666,G104686,97666,104686,44.721359549995796,333.434948822922,153.43494882292202,135,0.41114561800016813,2,1
E994,G97666,G107709,97666,107709,44.721359549995796,206.56505117707798,26.565051177077976,22.5,0.41114561800016813,2,1
E995,G97666,G107904,97666,107904,36.05551275463989,213.69006752597977,33.69006752597977,22.5,0.75777948981440435,2,2
E996,G97666,G108297,97666,108297,42.42640687119285,225,45,45,0.5029437251522859,2,1
E997,G98057,G99283,98057,99283,22.360679774997898,333.434948822922,153.43494882292202,135,0.6944271909999159,1,1
E998,G98057,G99531,98057,99531,20,0,0,0,0.6,1,1
E999,G98057,G100171,98057,100171,30,0,0,0,1,1,1
E1000,G98057,G100222,98057,100222,31.622776601683793,341.565051177078,161.56505117707798,157.5,0.9350889359326483,1,1
E1001,G98057,G100485,98057,100485,22.360679774997898,333.434948822922,153.43494882292202,135,0.6944271909999159,1,1
E1002,G98057,G103663,98057,103663,30,270,90,90,1,1,1
E1003,G98057,G103903,98057,103903,20,270,90,90,0.6,1,2
E1004,G98057,G103914,98057,103914,22.360679774997898,296.565051177078,116.56505117707798,112.5,0.6944271909999159,1,1
E1005,G98057,G103937,98057,103937,31.622776601683793,288.434948822922,108.43494882292202,90,0.9350889359326483,1,2
E1006,G98057,G103941,98057,103941,30,270,90,90,1,1,1
E1007,G98057,G103942,98057,103942,36.05551275463989,303.69006752597977,123.69006752597977,112.5,0.75777948981440435,1,1
E1008,G98057,G104195,98057,104195,28.284271247461902,315,135,135,0.9313708498984761,1,1
E1009,G98057,G104198,98057,104198,36.05551275463989,326.30993247402023,146.30993247402023,135,0.75777948981440435,1,1
E1010,G98057,G104200,98057,104200,42.42640687119285,315,135,135,0.5029437251522859,1,1
E1011,G98057,G104221,98057,104221,36.05551275463989,303.69006752597977,123.69006752597977,112.5,0.75777948981440435,1,1
E1012,G98057,G104451,98057,104451,44.721359549995796,333.434948822922,153.43494882292202,135,0.41114561800016813,1,1
E1013,G98057,G107904,98057,107904,42.42640687119285,225,45,45,0.5029437251522859,1,2
E1014,G98729,G100171,98729,100171,20,0,0,0,0.6,1,1
E1015,G98729,G100222,98729,100222,22.360679774997898,333.434948822922,153.43494882292202,135,0.6944271909999159,1,1
E1016,G98729,G103663,98729,103663,31.622776601683793,251.56505117707798,71.56505117707798,67.5,0.9350889359326483,1,1
E1017,G98729,G103903,98729,103903,22.360679774997898,243.43494882292202,63.434948822922024,45,0.6944271909999159,1,2
E1018,G98729,G103914,98729,103914,20,270,90,90,0.6,1,1
E1019,G98729,G103937,98729,103937,30,270,90,90,1,1,2
E1020,G98729,G103941,98729,103941,31.622776601683793,251.56505117707798,71.56505117707798,67.5,0.9350889359326483,1,1
E1021,G98729,G103942,98729,103942,31.622776601683793,288.434948822922,108.43494882292202,90,0.9350889359326483,1,1
E1022,G98729,G104195,98729,104195,22.360679774997898,296.565051177078,116.56505117707798,112.5,0.6944271909999159,1,1
E1023,G98729,G104198,98729,104198,28.284271247461902,315,135,135,0.9313708498984761,1,1
E1024,G98729,G104200,98729,104200,36.05551275463989,303.69006752597977,123.69006752597977,112.5,0.75777948981440435,1,1
E1025,G98729,G104221,98729,104221,31.622776601683793,288.434948822922,108.43494882292202,90,0.9350889359326483,1,1
E1026,G98729,G104449,98729,104449,42.42640687119285,315,135,135,0.5029437251522859,1,1
E1027,G98729,G104451,98729,104451,36.05551275463989,326.30993247402023,146.30993247402023,135,0.75777948981440435,1,1
E1028,G98729,G104471,98729,104471,44.721359549995796,333.434948822922,153.43494882292202,135,0.41114561800016813,1,1
E1029,G98729,G104686,98729,104686,42.42640687119285,315,135,135,0.5029437251522859,1,1
E1030,G98919,G100171,98919,100171,22.360679774997898,26.56505117707799,26.56505117707799,22.5,0.6944271909999159,1,1
E1031,G98919,G100222,98919,100222,20,0,0,0,0.6,1,1
E1032,G98919,G103663,98919,103663,22.360679774997898,243.43494882292202,63.434948822922024,45,0.6944271909999159,1,1
E1033,G98919,G103937,98919,103937,20,270,90,90,0.6,1,2
E1034,G98919,G103941,98919,103941,22.360679774997898,243.43494882292202,63.434948822922024,45,0.6944271909999159,1,1
E1035,G98919,G103942,98919,103942,22.360679774997898,296.565051177078,116.56505117707798,112.5,0.6944271909999159,1,1
E1036,G98919,G104198,98919,104198,22.360679774997898,333.434948822922,153.43494882292202,135,0.6944271909999159,1,1
E1037,G98919,G104200,98919,104200,28.284271247461902,315,135,135,0.9313708498984761,1,1
E1038,G98919,G104221,98919,104221,22.360679774997898,296.565051177078,116.56505117707798,112.5,0.6944271909999159,1,1
E1039,G98919,G104449,98919,104449,36.05551275463989,326.30993247402023,146.30993247402023,135,0.75777948981440435,1,1
E1040,G98919,G104451,98919,104451,31.622776601683793,341.565051177078,161.56505117707798,157.5,0.9350889359326483,1,1
E1041,G98919,G104471,98919,104471,41.23105625617661,345.96375653207355,165.96375653207355,157.5,0.5507577497529357,1,1
E1042,G98919,G104685,98919,104685,44.721359549995796,333.434948822922,153.43494882292202,135,0.41114561800016813,1,1
E1043,G98919,G104686,98919,104686,36.05551275463989,326.30993247402023,146.30993247402023,135,0.75777948981440435,1,1
E1044,G98919,G107904,98919,107904,44.721359549995796,206.56505117707798,26.565051177077976,22.5,0.41114561800016813,1,2
E1045,G99269,G99283,99269,99283,20,0,0,0,0.6,1,1
E1046,G99269,G99531,99269,99531,22.360679774997898,26.56505117707799,26.56505117707799,22.5,0.6944271909999159,1,1
E1047,G99269,G100171,99269,100171,31.622776601683793,18.43494882292201,18.43494882292201,0,0.9350889359326483,1,1
E1048,G99269,G100222,99269,100222,30,0,0,0,1,1,1
E1049,G99269,G100485,99269,100485,20,0,0,0,0.6,1,1
E1050,G99269,G103663,99269,103663,20,270,90,90,0.6,1,1
E1051,G99269,G103937,99269,103937,22.360679774997898,296.565051177078,116.56505117707798,112.5,0.6944271909999159,1,2
E1052,G99269,G103941,99269,103941,20,270,90,90,0.6,1,1
E1053,G99269,G103942,99269,103942,28.284271247461902,315,135,135,0.9313708498984761,1,1
E1054,G99269,G104195,99269,104195,22.360679774997898,333.434948822922,153.43494882292202,135,0.6944271909999159,1,1
E1055,G99269,G104198,99269,104198,31.622776601683793,341.565051177078,161.56505117707798,157.5,0.9350889359326483,1,1
E1056,G99269,G104200,99269,104200,36.05551275463989,326.30993247402023,146.30993247402023,135,0.75777948981440435,1,1
E1057,G99269,G104221,99269,104221,28.284271247461902,315,135,135,0.9313708498984761,1,1
E1058,G99269,G104449,99269,104449,44.721359549995796,333.434948822922,153.43494882292202,135,0.41114561800016813,1,1
E1059,G99269,G104451,99269,104451,41.23105625617661,345.96375653207355,165.96375653207355,157.5,0.5507577497529357,1,1
E1060,G99269,G104686,99269,104686,44.721359549995796,333.434948822922,153.43494882292202,135,0.41114561800016813,1,1
E1061,G99269,G107709,99269,107709,44.721359549995796,206.56505117707798,26.565051177077976,22.5,0.41114561800016813,1,1
E1062,G99269,G107904,99269,107904,36.05551275463989,213.69006752597977,33.69006752597977,22.5,0.75777948981440435,1,2
E1063,G99269,G108297,99269,108297,42.42640687119285,225,45,45,0.5029437251522859,1,1
E1064,G99283,G103663,99283,103663,28.284271247461902,225,45,45,0.9313708498984761,1,1
E1065,G99283,G103903,99283,103903,22.360679774997898,206.56505117707798,26.565051177077976,22.5,0.6944271909999159,1,2
E1066,G99283,G103937,99283,103937,22.360679774997898,243.43494882292202,63.434948822922024,45,0.6944271909999159,1,2
E1067,G99283,G103941,99283,103941,28.284271247461902,225,45,45,0.9313708498984761,1,1
E1068,G99283,G103942,99283,103942,20,270,90,90,0.6,1,1
E1069,G99283,G104200,99283,104200,22.360679774997898,296.565051177078,116.56505117707798,112.5,0.6944271909999159,1,1
E1070,G99283,G104221,99283,104221,20,270,90,90,0.6,1,1
E1071,G99283,G104449,99283,104449,28.284271247461902,315,135,135,0.9313708498984761,1,1
E1072,G99283,G104451,99283,104451,22.360679774997898,333.434948822922,153.43494882292202,135,0.6944271909999159,1,1
E1073,G99283,G104471,99283,104471,31.622776601683793,341.565051177078,161.56505117707798,157.5,0.9350889359326483,1,1
E1074,G99283,G104685,99283,104685,36.05551275463989,326.30993247402023,146.30993247402023,135,0.75777948981440435,1,1
E1075,G99283,G104686,99283,104686,28.284271247461902,315,135,135,0.9313708498984761,1,1
E1076,G99531,G103663,99531,103663,36.05551275463989,236.30993247402023,56.30993247402023,45,0.75777948981440435,1,1
E1077,G99531,G103903,99531,103903,28.284271247461902,225,45,45,0.9313708498984761,1,2
E1078,G99531,G103914,99531,103914,22.360679774997898,243.43494882292202,63.434948822922024,45,0.6944271909999159,1,1
E1079,G99531,G103937,99531,103937,31.622776601683793,251.56505117707798,71.56505117707798,67.5,0.9350889359326483,1,2
E1080,G99531,G103941,99531,103941,36.05551275463989,236.30993247402023,56.30993247402023,45,0.75777948981440435,1,1
E1081,G99531,G103942,99531,103942,30,270,90,90,1,1,1
E1082,G99531,G104195,99531,104195,20,270,90,90,0.6,1,1
E1083,G99531,G104198,99531,104198,22.360679774997898,296.565051177078,116.56505117707798,112.5,0.6944271909999159,1,1
E1084,G99531,G104200,99531,104200,31.622776601683793,288.434948822922,108.43494882292202,90,0.9350889359326483,1,1
E1085,G99531,G104221,99531,104221,30,270,90,90,1,1,1
E1086,G99531,G104449,99531,104449,36.05551275463989,303.69006752597977,123.69006752597977,112.5,0.75777948981440435,1,1
E1087,G99531,G104451,99531,104451,28.284271247461902,315,135,135,0.9313708498984761,1,1
E1088,G99531,G104471,99531,104471,36.05551275463989,326.30993247402023,146.30993247402023,135,0.75777948981440435,1,1
E1089,G99531,G104685,99531,104685,42.42640687119285,315,135,135,0.5029437251522859,1,1
E1090,G99531,G104686,99531,104686,36.05551275463989,303.69006752597977,123.69006752597977,112.5,0.75777948981440435,1,1
E1091,G100171,G103663,100171,103663,42.42640687119285,225,45,45,0.5029437251522859,1,1
E1092,G100171,G103903,100171,103903,36.05551275463989,213.69006752597977,33.69006752597977,22.5,0.75777948981440435,1,2
E1093,G100171,G103914,100171,103914,28.284271247461902,225,45,45,0.9313708498984761,1,1
E1094,G100171,G103937,100171,103937,36.05551275463989,236.30993247402023,56.30993247402023,45,0.75777948981440435,1,2
E1095,G100171,G103941,100171,103941,42.42640687119285,225,45,45,0.5029437251522859,1,1
E1096,G100171,G103942,100171,103942,31.622776601683793,251.56505117707798,71.56505117707798,67.5,0.9350889359326483,1,1
E1097,G100171,G104195,100171,104195,22.360679774997898,243.43494882292202,63.434948822922024,45,0.6944271909999159,1,1
E1098,G100171,G104198,100171,104198,20,270,90,90,0.6,1,1
E1099,G100171,G104200,100171,104200,30,270,90,90,1,1,1
E1100,G100171,G104221,100171,104221,31.622776601683793,251.56505117707798,71.56505117707798,67.5,0.9350889359326483,1,1
E1101,G100171,G104449,100171,104449,31.622776601683793,288.434948822922,108.43494882292202,90,0.9350889359326483,1,1
E1102,G100171,G104451,100171,104451,22.360679774997898,296.565051177078,116.56505117707798,112.5,0.6944271909999159,1,1
E1103,G100171,G104471,100171,104471,28.284271247461902,315,135,135,0.9313708498984761,1,1
E1104,G100171,G104685,100171,104685,36.05551275463989,303.69006752597977,123.69006752597977,112.5,0.75777948981440435,1,1
E1105,G100171,G104686,100171,104686,31.622776601683793,288.434948822922,108.43494882292202,90,0.9350889359326483,1,1
E1106,G100222,G103663,100222,103663,36.05551275463989,213.69006752597977,33.69006752597977,22.5,0.75777948981440435,1,1
E1107,G100222,G103903,100222,103903,31.622776601683793,198.43494882292202,18.434948822922024,0,0.9350889359326483,1,2
E1108,G100222,G103914,100222,103914,22.360679774997898,206.56505117707798,26.565051177077976,22.5,0.6944271909999159,1,1
E1109,G100222,G103937,100222,103937,28.284271247461902,225,45,45,0.9313708498984761,1,2
E1110,G100222,G103941,100222,103941,36.05551275463989,213.69006752597977,33.69006752597977,22.5,0.75777948981440435,1,1
E1111,G100222,G103942,100222,103942,22.360679774997898,243.43494882292202,63.434948822922024,45,0.6944271909999159,1,1
E1112,G100222,G104200,100222,104200,20,270,90,90,0.6,1,1
E1113,G100222,G104221,100222,104221,22.360679774997898,243.43494882292202,63.434948822922024,45,0.6944271909999159,1,1
E1114,G100222,G104449,100222,104449,22.360679774997898,296.565051177078,116.56505117707798,112.5,0.6944271909999159,1,1
E1115,G100222,G104471,100222,104471,22.360679774997898,333.434948822922,153.43494882292202,135,0.6944271909999159,1,1
E1116,G100222,G104685,100222,104685,28.284271247461902,315,135,135,0.9313708498984761,1,1
E1117,G100222,G104686,100222,104686,22.360679774997898,296.565051177078,116.56505117707798,112.5,0.6944271909999159,1,1
E1118,G100485,G103663,100485,103663,28.284271247461902,225,45,45,0.9313708498984761,1,1
E1119,G100485,G103903,100485,103903,22.360679774997898,206.56505117707798,26.565051177077976,22.5,0.6944271909999159,1,2
E1120,G100485,G103937,100485,103937,22.360679774997898,243.43494882292202,63.434948822922024,45,0.6944271909999159,1,2
E1121,G100485,G103941,100485,103941,28.284271247461902,225,45,45,0.9313708498984761,1,1
E1122,G100485,G103942,100485,103942,20,270,90,90,0.6,1,1
E1123,G100485,G104200,100485,104200,22.360679774997898,296.565051177078,116.56505117707798,112.5,0.6944271909999159,1,1
E1124,G100485,G104221,100485,104221,20,270,90,90,0.6,1,1
E1125,G100485,G104449,100485,104449,28.284271247461902,315,135,135,0.9313708498984761,1,1
E1126,G100485,G104451,100485,104451,22.360679774997898,333.434948822922,153.43494882292202,135,0.6944271909999159,1,1
E1127,G100485,G104471,100485,104471,31.622776601683793,341.565051177078,161.56505117707798,157.5,0.9350889359326483,1,1
E1128,G100485,G104685,100485,104685,36.05551275463989,326.30993247402023,146.30993247402023,135,0.75777948981440435,1,1
E1129,G100485,G104686,100485,104686,28.284271247461902,315,135,135,0.9313708498984761,1,1
E1130,G100511,G105159,100511,105159,20,0,0,0,0.6,1,1
E1131,G100511,G105387,100511,105387,22.360679774997898,333.434948822922,153.43494882292202,135,0.6944271909999159,1,1
E1132,G100789,G104687,100789,104687,20,270,90,90,0.6,1,1
E1133,G100789,G104697,100789,104697,22.360679774997898,296.565051177078,116.56505117707798,112.5,0.6944271909999159,1,1
E1134,G100789,G104930,100789,104930,20,270,90,90,0.6,1,2
E1135,G100789,G105128,100789,105128,22.360679774997898,296.565051177078,116.56505117707798,112.5,0.6944271909999159,1,1
E1136,G100789,G105159,100789,105159,22.360679774997898,333.434948822922,153.43494882292202,135,0.6944271909999159,1,1
E1137,G100789,G105387,100789,105387,28.284271247461902,315,135,135,0.9313708498984761,1,1
E1138,G100789,G105611,100789,105611,22.360679774997898,296.565051177078,116.56505117707798,112.5,0.6944271909999159,1,2
E1139,G100800,G104687,100800,104687,22.360679774997898,243.43494882292202,63.434948822922024,45,0.6944271909999159,1,1
E1140,G100800,G104697,100800,104697,20,270,90,90,0.6,1,1
E1141,G100800,G104930,100800,104930,22.360679774997898,243.43494882292202,63.434948822922024,45,0.6944271909999159,1,2
E1142,G100800,G105128,100800,105128,20,270,90,90,0.6,1,1
E1143,G100800,G105387,100800,105387,22.360679774997898,296.565051177078,116.56505117707798,112.5,0.6944271909999159,1,1
E1144,G100800,G105611,100800,105611,20,270,90,90,0.6,1,2
E1145,G101378,G105159,101378,105159,20,0,0,0,0.6,1,1
E1146,G101378,G105387,101378,105387,22.360679774997898,333.434948822922,153.43494882292202,135,0.6944271909999159,1,1
E1147,G101697,G103107,101697,103107,20,0,0,0,0.6,1,1
E1148,G101697,G103109,101697,103109,22.360679774997898,26.56505117707799,26.56505117707799,22.5,0.6944271909999159,1,1
E1149,G101697,G103130,101697,103130,31.622776601683793,18.43494882292201,18.43494882292201,0,0.9350889359326483,1,1
E1150,G101697,G103385,101697,103385,30,0,0,0,1,1,4
E1151,G101697,G103386,101697,103386,20,0,0,0,0.6,1,1
E1152,G101697,G105834,101697,105834,40,180,0,0,0.6,1,1
E1153,G101697,G106055,101697,106055,41.23105625617661,194.03624346792648,14.036243467926482,0,0.5507577497529357,1,1
E1154,G101697,G112076,101697,112076,42.42640687119285,225,45,45,0.5029437251522859,1,1
E1155,G101697,G113124,101697,113124,36.05551275463989,213.69006752597977,33.69006752597977,22.5,0.75777948981440435,1,1
E1156,G101697,G113835,101697,113835,28.284271247461902,225,45,45,0.9313708498984761,1,1
E1157,G101697,G113981,101697,113981,36.05551275463989,236.30993247402023,56.30993247402023,45,0.75777948981440435,1,1
E1158,G101697,G114201,101697,114201,42.42640687119285,225,45,45,0.5029437251522859,1,1
E1159,G101697,G114975,101697,114975,42.42640687119285,225,45,45,0.5029437251522859,1,1
E1160,G102238,G103107,102238,103107,22.360679774997898,333.434948822922,153.43494882292202,135,0.6944271909999159,1,1
E1161,G102238,G103109,102238,103109,20,0,0,0,0.6,1,1
E1162,G102238,G103130,102238,103130,30,0,0,0,1,1,1
E1163,G102238,G103385,102238,103385,31.622776601683793,341.565051177078,161.56505117707798,157.5,0.9350889359326483,1,4
E1164,G102238,G103386,102238,103386,22.360679774997898,333.434948822922,153.43494882292202,135,0.6944271909999159,1,1
E1165,G102238,G105834,102238,105834,41.23105625617661,194.03624346792648,14.036243467926482,0,0.5507577497529357,1,1
E1166,G102238,G106055,102238,106055,44.721359549995796,206.56505117707798,26.565051177077976,22.5,0.41114561800016813,1,1
E1167,G102238,G113124,102238,113124,42.42640687119285,225,45,45,0.5029437251522859,1,1
E1168,G102238,G113835,102238,113835,36.05551275463989,236.30993247402023,56.30993247402023,45,0.75777948981440435,1,1
E1169,G102238,G113981,102238,113981,44.721359549995796,243.43494882292202,63.434948822922024,45,0.41114561800016813,1,1
E1170,G102277,G103130,102277,103130,20,0,0,0,0.6,1,1
E1171,G102277,G103385,102277,103385,22.360679774997898,333.434948822922,153.43494882292202,135,0.6944271909999159,1,4
E1172,G102277,G113835,102277,113835,42.42640687119285,225,45,45,0.5029437251522859,1,1
E1173,G102545,G103130,102545,103130,22.360679774997898,26.56505117707799,26.56505117707799,22.5,0.6944271909999159,1,1
E1174,G102545,G103385,102545,103385,20,0,0,0,0.6,1,4
E1175,G102545,G113124,102545,113124,44.721359549995796,206.56505117707798,26.565051177077976,22.5,0.41114561800016813,1,1
E1176,G102545,G113835,102545,113835,36.05551275463989,213.69006752597977,33.69006752597977,22.5,0.75777948981440435,1,1
E1177,G102545,G113981,102545,113981,42.42640687119285,225,45,45,0.5029437251522859,1,1
E1178,G103105,G103107,103105,103107,20,0,0,0,0.6,2,1
E1179,G103105,G103109,103105,103109,22.360679774997898,26.56505117707799,26.56505117707799,22.5,0.6944271909999159,2,1
E1180,G103105,G103130,103105,103130,31.622776601683793,18.43494882292201,18.43494882292201,0,0.9350889359326483,2,1
E1181,G103105,G103385,103105,103385,30,0,0,0,1,2,4
E1182,G103105,G103386,103105,103386,20,0,0,0,0.6,2,1
E1183,G103105,G105834,103105,105834,40,180,0,0,0.6,2,1
E1184,G103105,G106055,103105,106055,41.23105625617661,194.03624346792648,14.036243467926482,0,0.5507577497529357,2,1
E1185,G103105,G112076,103105,112076,42.42640687119285,225,45,45,0.5029437251522859,2,1
E1186,G103105,G113124,103105,113124,36.05551275463989,213.69006752597977,33.69006752597977,22.5,0.75777948981440435,2,1
E1187,G103105,G113835,103105,113835,28.284271247461902,225,45,45,0.9313708498984761,2,1
E1188,G103105,G113981,103105,113981,36.05551275463989,236.30993247402023,56.30993247402023,45,0.75777948981440435,2,1
E1189,G103105,G114201,103105,114201,42.42640687119285,225,45,45,0.5029437251522859,2,1
E1190,G103105,G114975,103105,114975,42.42640687119285,225,45,45,0.5029437251522859,2,1
E1191,G103107,G113835,103107,113835,44.721359549995796,206.56505117707798,26.565051177077976,22.5,0.41114561800016813,1,1
E1192,G103386,G113835,103386,113835,44.721359549995796,206.56505117707798,26.565051177077976,22.5,0.41114561800016813,1,1
E1193,G103387,G107488,103387,107488,22.360679774997898,333.434948822922,153.43494882292202,135,0.6944271909999159,2,1
E1194,G103387,G107709,103387,107709,20,0,0,0,0.6,2,1
E1195,G103387,G107904,103387,107904,30,0,0,0,1,2,2
E1196,G103387,G108297,103387,108297,31.622776601683793,341.565051177078,161.56505117707798,157.5,0.9350889359326483,2,1
E1197,G103387,G110940,103387,110940,22.360679774997898,333.434948822922,153.43494882292202,135,0.6944271909999159,2,1
E1198,G103388,G107488,103388,107488,28.284271247461902,315,135,135,0.9313708498984761,1,1
E1199,G103388,G107709,103388,107709,22.360679774997898,333.434948822922,153.43494882292202,135,0.6944271909999159,1,1
E1200,G103388,G107904,103388,107904,31.622776601683793,341.565051177078,161.56505117707798,157.5,0.9350889359326483,1,2
E1201,G103388,G108297,103388,108297,36.05551275463989,326.30993247402023,146.30993247402023,135,0.75777948981440435,1,1
E1202,G103388,G110940,103388,110940,28.284271247461902,315,135,135,0.9313708498984761,1,1
E1203,G103389,G107488,103389,107488,22.360679774997898,296.565051177078,116.56505117707798,112.5,0.6944271909999159,1,1
E1204,G103389,G107904,103389,107904,22.360679774997898,333.434948822922,153.43494882292202,135,0.6944271909999159,1,2
E1205,G103389,G108297,103389,108297,28.284271247461902,315,135,135,0.9313708498984761,1,1
E1206,G103389,G110940,103389,110940,22.360679774997898,296.565051177078,116.56505117707798,112.5,0.6944271909999159,1,1
E1207,G103411,G107904,103411,107904,20,0,0,0,0.6,1,2
E1208,G103411,G108297,103411,108297,22.360679774997898,333.434948822922,153.43494882292202,135,0.6944271909999159,1,1
E1209,G103636,G107488,103636,107488,22.360679774997898,333.434948822922,153.43494882292202,135,0.6944271909999159,1,1
E1210,G103636,G107709,103636,107709,20,0,0,0,0.6,1,1
E1211,G103636,G107904,103636,107904,30,0,0,0,1,1,2
E1212,G103636,G108297,103636,108297,31.622776601683793,341.565051177078,161.56505117707798,157.5,0.9350889359326483,1,1
E1213,G103636,G110940,103636,110940,22.360679774997898,333.434948822922,153.43494882292202,135,0.6944271909999159,1,1
E1214,G103663,G103942,103663,103942,20,0,0,0,0.6,1,1
E1215,G103663,G104195,103663,104195,22.360679774997898,26.56505117707799,26.56505117707799,22.5,0.6944271909999159,1,1
E1216,G103663,G104198,103663,104198,31.622776601683793,18.43494882292201,18.43494882292201,0,0.9350889359326483,1,1
E1217,G103663,G104200,103663,104200,30,0,0,0,1,1,1
E1218,G103663,G104221,103663,104221,20,0,0,0,0.6,1,1
E1219,G103663,G104449,103663,104449,40,0,0,0,0.6,1,1
E1220,G103663,G104451,103663,104451,41.23105625617661,14.036243467926477,14.036243467926477,0,0.5507577497529357,1,1
E1221,G103663,G104686,103663,104686,40,0,0,0,0.6,1,1
E1222,G103663,G107488,103663,107488,41.23105625617661,194.03624346792648,14.036243467926482,0,0.5507577497529357,1,1
E1223,G103663,G107709,103663,107709,40,180,0,0,0.6,1,1
E1224,G103663,G107904,103663,107904,30,180,0,0,1,1,2
E1225,G103663,G108297,103663,108297,31.622776601683793,198.43494882292202,18.434948822922024,0,0.9350889359326483,1,1
E1226,G103663,G110940,103663,110940,41.23105625617661,194.03624346792648,14.036243467926482,0,0.5507577497529357,1,1
E1227,G103903,G103942,103903,103942,22.360679774997898,333.434948822922,153.43494882292202,135,0.6944271909999159,2,1
E1228,G103903,G104195,103903,104195,20,0,0,0,0.6,2,1
E1229,G103903,G104198,103903,104198,30,0,0,0,1,2,1
E1230,G103903,G104200,103903,104200,31.622776601683793,341.565051177078,161.56505117707798,157.5,0.9350889359326483,2,1
E1231,G103903,G104221,103903,104221,22.360679774997898,333.434948822922,153.43494882292202,135,0.6944271909999159,2,1
E1232,G103903,G104449,103903,104449,41.23105625617661,345.96375653207355,165.96375653207355,157.5,0.5507577497529357,2,1
E1233,G103903,G104451,103903,104451,40,0,0,0,0.6,2,1
E1234,G103903,G104686,103903,104686,41.23105625617661,345.96375653207355,165.96375653207355,157.5,0.5507577497529357,2,1
E1235,G103903,G107488,103903,107488,44.721359549995796,206.56505117707798,26.565051177077976,22.5,0.41114561800016813,2,1
E1236,G103903,G107709,103903,107709,41.23105625617661,194.03624346792648,14.036243467926482,0,0.5507577497529357,2,1
E1237,G103903,G107904,103903,107904,31.622776601683793,198.43494882292202,18.434948822922024,0,0.9350889359326483,2,2
E1238,G103903,G108297,103903,108297,36.05551275463989,213.69006752597977,33.69006752597977,22.5,0.75777948981440435,2,1
E1239,G103903,G110940,103903,110940,44.721359549995796,206.56505117707798,26.565051177077976,22.5,0.41114561800016813,2,1
E1240,G103914,G104198,103914,104198,20,0,0,0,0.6,1,1
E1241,G103914,G104200,103914,104200,22.360679774997898,333.434948822922,153.43494882292202,135,0.6944271909999159,1,1
E1242,G103914,G104449,103914,104449,31.622776601683793,341.565051177078,161.56505117707798,157.5,0.9350889359326483,1,1
E1243,G103914,G104451,103914,104451,30,0,0,0,1,1,1
E1244,G103914,G104471,103914,104471,40,0,0,0,0.6,1,1
E1245,G103914,G104685,103914,104685,41.23105625617661,345.96375653207355,165.96375653207355,157.5,0.5507577497529357,1,1
E1246,G103914,G104686,103914,104686,31.622776601683793,341.565051177078,161.56505117707798,157.5,0.9350889359326483,1,1
E1247,G103914,G107904,103914,107904,41.23105625617661,194.03624346792648,14.036243467926482,0,0.5507577497529357,1,2
E1248,G103914,G108297,103914,108297,44.721359549995796,206.56505117707798,26.565051177077976,22.5,0.41114561800016813,1,1
E1249,G103937,G104198,103937,104198,22.360679774997898,26.56505117707799,26.56505117707799,22.5,0.6944271909999159,2,1
E1250,G103937,G104200,103937,104200,20,0,0,0,0.6,2,1
E1251,G103937,G104449,103937,104449,30,0,0,0,1,2,1
E1252,G103937,G104451,103937,104451,31.622776601683793,18.43494882292201,18.43494882292201,0,0.9350889359326483,2,1
E1253,G103937,G104471,103937,104471,41.23105625617661,14.036243467926477,14.036243467926477,0,0.5507577497529357,2,1
E1254,G103937,G104685,103937,104685,40,0,0,0,0.6,2,1
E1255,G103937,G104686,103937,104686,30,0,0,0,1,2,1
E1256,G103937,G107904,103937,107904,40,180,0,0,0.6,2,2
E1257,G103937,G108297,103937,108297,41.23105625617661,194.03624346792648,14.036243467926482,0,0.5507577497529357,2,1
E1258,G103941,G103942,103941,103942,20,0,0,0,0.6,1,1
E1259,G103941,G104195,103941,104195,22.360679774997898,26.56505117707799,26.56505117707799,22.5,0.6944271909999159,1,1
E1260,G103941,G104198,103941,104198,31.622776601683793,18.43494882292201,18.43494882292201,0,0.9350889359326483,1,1
E1261,G103941,G104200,103941,104200,30,0,0,0,1,1,1
E1262,G103941,G104221,103941,104221,20,0,0,0,0.6,1,1
E1263,G103941,G104449,103941,104449,40,0,0,0,0.6,1,1
E1264,G103941,G104451,103941,104451,41.23105625617661,14.036243467926477,14.036243467926477,0,0.5507577497529357,1,1
E1265,G103941,G104686,103941,104686,40,0,0,0,0.6,1,1
E1266,G103941,G107488,103941,107488,41.23105625617661,194.03624346792648,14.036243467926482,0,0.5507577497529357,1,1
E1267,G103941,G107709,103941,107709,40,180,0,0,0.6,1,1
E1268,G103941,G107904,103941,107904,30,180,0,0,1,1,2
E1269,G103941,G108297,103941,108297,31.622776601683793,198.43494882292202,18.434948822922024,0,0.9350889359326483,1,1
E1270,G103941,G110940,103941,110940,41.23105625617661,194.03624346792648,14.036243467926482,0,0.5507577497529357,1,1
E1271,G103942,G104449,103942,104449,20,0,0,0,0.6,1,1
E1272,G103942,G104451,103942,104451,22.360679774997898,26.56505117707799,26.56505117707799,22.5,0.6944271909999159,1,1
E1273,G103942,G104471,103942,104471,31.622776601683793,18.43494882292201,18.43494882292201,0,0.9350889359326483,1,1
E1274,G103942,G104685,103942,104685,30,0,0,0,1,1,1
E1275,G103942,G104686,103942,104686,20,0,0,0,0.6,1,1
E1276,G104195,G104449,104195,104449,22.360679774997898,333.434948822922,153.43494882292202,135,0.6944271909999159,1,1
E1277,G104195,G104451,104195,104451,20,0,0,0,0.6,1,1
E1278,G104195,G104471,104195,104471,30,0,0,0,1,1,1
E1279,G104195,G104685,104195,104685,31.622776601683793,341.565051177078,161.56505117707798,157.5,0.9350889359326483,1,1
E1280,G104195,G104686,104195,104686,22.360679774997898,333.434948822922,153.43494882292202,135,0.6944271909999159,1,1
E1281,G104198,G104471,104198,104471,20,0,0,0,0.6,1,1
E1282,G104198,G104685,104198,104685,22.360679774997898,333.434948822922,153.43494882292202,135,0.6944271909999159,1,1
E1283,G104200,G104471,104200,104471,22.360679774997898,26.56505117707799,26.56505117707799,22.5,0.6944271909999159,1,1
E1284,G104200,G104685,104200,104685,20,0,0,0,0.6,1,1
E1285,G104221,G104449,104221,104449,20,0,0,0,0.6,1,1
E1286,G104221,G104451,104221,104451,22.360679774997898,26.56505117707799,26.56505117707799,22.5,0.6944271909999159,1,1
E1287,G104221,G104471,104221,104471,31.622776601683793,18.43494882292201,18.43494882292201,0,0.9350889359326483,1,1
E1288,G104221,G104685,104221,104685,30,0,0,0,1,1,1
E1289,G104221,G104686,104221,104686,20,0,0,0,0.6,1,1
E1290,G104687,G105159,104687,105159,22.360679774997898,26.56505117707799,26.56505117707799,22.5,0.6944271909999159,1,1
E1291,G104687,G105387,104687,105387,20,0,0,0,0.6,1,1
E1292,G104688,G105159,104688,105159,20,0,0,0,0.6,2,1
E1293,G104688,G105387,104688,105387,22.360679774997898,333.434948822922,153.43494882292202,135,0.6944271909999159,2,1
E1294,G104930,G105159,104930,105159,22.360679774997898,26.56505117707799,26.56505117707799,22.5,0.6944271909999159,2,1
E1295,G104930,G105387,104930,105387,20,0,0,0,0.6,2,1
E1296,G105612,G112076,105612,112076,28.284271247461902,315,135,135,0.9313708498984761,1,1
E1297,G105612,G113124,105612,113124,22.360679774997898,333.434948822922,153.43494882292202,135,0.6944271909999159,1,1
E1298,G105612,G113835,105612,113835,31.622776601683793,341.565051177078,161.56505117707798,157.5,0.9350889359326483,1,1
E1299,G105612,G113981,105612,113981,36.05551275463989,326.30993247402023,146.30993247402023,135,0.75777948981440435,1,1
E1300,G105612,G114201,105612,114201,28.284271247461902,315,135,135,0.9313708498984761,1,1
E1301,G105612,G114479,105612,114479,36.05551275463989,303.69006752597977,123.69006752597977,112.5,0.75777948981440435,1,1
E1302,G105612,G114975,105612,114975,28.284271247461902,315,135,135,0.9313708498984761,1,1
E1303,G105799,G112076,105799,112076,36.05551275463989,303.69006752597977,123.69006752597977,112.5,0.75777948981440435,1,1
E1304,G105799,G113124,105799,113124,28.284271247461902,315,135,135,0.9313708498984761,1,1
E1305,G105799,G113835,105799,113835,36.05551275463989,326.30993247402023,146.30993247402023,135,0.75777948981440435,1,1
E1306,G105799,G113981,105799,113981,42.42640687119285,315,135,135,0.5029437251522859,1,1
E1307,G105799,G114201,105799,114201,36.05551275463989,303.69006752597977,123.69006752597977,112.5,0.75777948981440435,1,1
E1308,G105799,G114479,105799,114479,44.721359549995796,296.565051177078,116.56505117707798,112.5,0.41114561800016813,1,1
E1309,G105799,G114975,105799,114975,36.05551275463989,303.69006752597977,123.69006752597977,112.5,0.75777948981440435,1,1
E1310,G105834,G112076,105834,112076,31.622776601683793,288.434948822922,108.43494882292202,90,0.9350889359326483,1,1
E1311,G105834,G113124,105834,113124,22.360679774997898,296.565051177078,116.56505117707798,112.5,0.6944271909999159,1,1
E1312,G105834,G113835,105834,113835,28.284271247461902,315,135,135,0.9313708498984761,1,1
E1313,G105834,G113981,105834,113981,36.05551275463989,303.69006752597977,123.69006752597977,112.5,0.75777948981440435,1,1
E1314,G105834,G114201,105834,114201,31.622776601683793,288.434948822922,108.43494882292202,90,0.9350889359326483,1,1
E1315,G105834,G114479,105834,114479,41.23105625617661,284.03624346792645,104.03624346792645,90,0.5507577497529357,1,1
E1316,G105834,G114975,105834,114975,31.622776601683793,288.434948822922,108.43494882292202,90,0.9350889359326483,1,1
E1317,G106055,G112076,106055,112076,22.360679774997898,296.565051177078,116.56505117707798,112.5,0.6944271909999159,1,1
E1318,G106055,G113835,106055,113835,22.360679774997898,333.434948822922,153.43494882292202,135,0.6944271909999159,1,1
E1319,G106055,G113981,106055,113981,28.284271247461902,315,135,135,0.9313708498984761,1,1
E1320,G106055,G114201,106055,114201,22.360679774997898,296.565051177078,116.56505117707798,112.5,0.6944271909999159,1,1
E1321,G106055,G114479,106055,114479,31.622776601683793,288.434948822922,108.43494882292202,90,0.9350889359326483,1,1
E1322,G106055,G114975,106055,114975,22.360679774997898,296.565051177078,116.56505117707798,112.5,0.6944271909999159,1,1
E1323,G106215,G112076,106215,112076,28.284271247461902,315,135,135,0.9313708498984761,1,1
E1324,G106215,G113124,106215,113124,22.360679774997898,333.434948822922,153.43494882292202,135,0.6944271909999159,1,1
E1325,G106215,G113835,106215,113835,31.622776601683793,341.565051177078,161.56505117707798,157.5,0.9350889359326483,1,1
E1326,G106215,G113981,106215,113981,36.05551275463989,326.30993247402023,146.30993247402023,135,0.75777948981440435,1,1
E1327,G106215,G114201,106215,114201,28.284271247461902,315,135,135,0.9313708498984761,1,1
E1328,G106215,G114479,106215,114479,36.05551275463989,303.69006752597977,123.69006752597977,112.5,0.75777948981440435,1,1
E1329,G106215,G114975,106215,114975,28.284271247461902,315,135,135,0.9313708498984761,1,1
E1330,G113124,G114479,113124,114479,20,270,90,90,0.6,1,1
E1331,G113835,G114479,113835,114479,22.360679774997898,243.43494882292202,63.434948822922024,45,0.6944271909999159,1,1
